1	UNIQUE_HIDEOUT	Hideout Construction Kit	Kit de Construção de Esconderijo
2	T3_2H_TOOL_TRACKING	Journeyman's Tracking Toolkit	Kit de Rastreamento do Iniciante
3	T4_2H_TOOL_TRACKING	Adept's Tracking Toolkit	Kit de Rastreamento do Adepto
4	T5_2H_TOOL_TRACKING	Expert's Tracking Toolkit	Kit de Rastreamento do Perito
5	T6_2H_TOOL_TRACKING	Master's Tracking Toolkit	Kit de Rastreamento do Mestre
6	T7_2H_TOOL_TRACKING	Grandmaster's Tracking Toolkit	Kit de Rastreamento do Grão-mestre
7	T8_2H_TOOL_TRACKING	Elder's Tracking Toolkit	Kit de Rastreamento do Ancião
8	T1_FARM_CARROT_SEED	Carrot Seeds	Sementes de Cenoura
9	T2_FARM_BEAN_SEED	Bean Seeds	Sementes de Feijão
10	T3_FARM_WHEAT_SEED	Wheat Seeds	Sementes de Trigo
11	T4_FARM_TURNIP_SEED	Turnip Seeds	Sementes de Nabo
12	T5_FARM_CABBAGE_SEED	Cabbage Seeds	Sementes de Repolho
13	T6_FARM_POTATO_SEED	Potato Seeds	Sementes de Batata
14	T7_FARM_CORN_SEED	Corn Seeds	Sementes de Milho
15	T8_FARM_PUMPKIN_SEED	Pumpkin Seeds	Sementes de Abóbora
16	T2_FARM_AGARIC_SEED	Arcane Agaric Seeds	Sementes de Agárico-arcano
17	T3_FARM_COMFREY_SEED	Brightleaf Comfrey Seeds	Sementes de Confrei-claro
18	T4_FARM_BURDOCK_SEED	Crenellated Burdock Seeds	Sementes de Bardana-crespa
19	T5_FARM_TEASEL_SEED	Dragon Teasel Seeds	Sementes de Cardo-dragão
20	T6_FARM_FOXGLOVE_SEED	Elusive Foxglove Seeds	Sementes de Dedaleira-tímida
21	T7_FARM_MULLEIN_SEED	Firetouched Mullein Seeds	Sementes de Verbasco-arredio
22	T8_FARM_YARROW_SEED	Ghoul Yarrow Seeds	Sementes de Milefólio-carniçal
23	T8_FARM_DRAKE_BABY	Firewing Drake Egg	Ovo de Draco Asa de Fogo
24	T8_FARM_DRAKE_GROWN	Tame Firewing Drake	Draco Asa de Fogo Manso
25	T3_FARM_OX_BABY	Journeyman's Ox Calf	Novilho do Iniciante
26	T4_FARM_OX_BABY	Adept's Ox Calf	Novilho do Adepto
27	T5_FARM_OX_BABY	Expert's Ox Calf	Novilho do Perito
28	T6_FARM_OX_BABY	Master's Ox Calf	Novilho do Mestre
29	T7_FARM_OX_BABY	Grandmaster's Ox Calf	Novilho do Grão-mestre
30	T8_FARM_OX_BABY	Elder's Ox Calf	Novilho do Ancião
31	T3_FARM_OX_GROWN	Journeyman's Ox	Boi do Iniciante
32	T4_FARM_OX_GROWN	Adept's Ox	Boi do Adepto
33	T5_FARM_OX_GROWN	Expert's Ox	Boi do Perito
34	T6_FARM_OX_GROWN	Master's Ox	Boi do Mestre
35	T7_FARM_OX_GROWN	Grandmaster's Ox	Boi do Grão-mestre
36	T8_FARM_OX_GROWN	Elder's Ox	Boi do Ancião
37	T3_FARM_HORSE_BABY	Journeyman's Foal	Potro do Iniciante
38	T4_FARM_HORSE_BABY	Adept's Foal	Potro do Adepto
39	T5_FARM_HORSE_BABY	Expert's Foal	Potro do Perito
40	T6_FARM_HORSE_BABY	Master's Foal	Potro do Mestre
41	T7_FARM_HORSE_BABY	Grandmaster's Foal	Potro do Grão-mestre
42	T8_FARM_HORSE_BABY	Elder's Foal	Potro do Ancião
43	T3_FARM_HORSE_GROWN	Journeyman's Horse	Cavalo do Iniciante
44	T4_FARM_HORSE_GROWN	Adept's Horse	Cavalo do Adepto
45	T5_FARM_HORSE_GROWN	Expert's Horse	Cavalo do Perito
46	T6_FARM_HORSE_GROWN	Master's Horse	Cavalo do Mestre
47	T7_FARM_HORSE_GROWN	Grandmaster's Horse	Cavalo do Grão-mestre
48	T8_FARM_HORSE_GROWN	Elder's Horse	Cavalo do Ancião
49	T6_FARM_DIREWOLF_BABY	Direwolf Pup	Lobinho-vil
50	T7_FARM_DIREBOAR_BABY	Direboar Piglet	Javali-vil Leitão
51	T8_FARM_DIREBEAR_BABY	Direbear Cub	Urso Filhote
52	T7_FARM_SWAMPDRAGON_BABY	Swamp Dragon Pup	Dragãozinho do Pântano
53	T8_FARM_MAMMOTH_BABY	Mammoth Calf	Mamute Filhote
54	T5_FARM_COUGAR_BABY	Swiftclaw Cub	Garra-ligeira Filhote
55	T8_FARM_DIREWOLF_BABY	Ghostwolf Pup	Lobinho-fantasma
56	T4_FARM_GIANTSTAG_BABY	Adept's Fawn	Gamo do Adepto
57	T6_FARM_GIANTSTAG_BABY	Master's Fawn	Gamo do Mestre
58	T6_FARM_GIANTSTAG_MOOSE_BABY	Moose Calf	Alce Filhote
59	T8_FARM_RABBIT_EASTER_BABY	Vibrant Spring Cottontail Egg	Ovo vibrante de Cauda-de-Algodão
60	T8_FARM_RABBIT_EASTER_BABY_DARK	Eerie Cottontail Egg	Ovo Misterioso de Cauda-de-Algodão
61	T8_FARM_RABBIT_EASTER_GROWN	Tame Spring Cottontail	Cauda-de-Algodão Manso
62	T8_FARM_RABBIT_EASTER_GROWN_DARK	"Tame" Caerleon Cottontail	"Domar" Cauda-de-Algodão de Caerleon
63	T5_FARM_MOABIRD_FW_BRIDGEWATCH_BABY	Baby Moabird	Ave-moa Filhote
64	T5_FARM_DIREBEAR_FW_FORTSTERLING_BABY	Winter Bear Cub	Urso das Neves Filhote
65	T5_FARM_DIREBOAR_FW_LYMHURST_BABY	Wild Boarlet	Javali Selvagem Filhote
66	T5_FARM_RAM_FW_MARTLOCK_BABY	Bighorn Ram Lamb	Carneiro Selvagem Filhote
67	T5_FARM_SWAMPDRAGON_FW_THETFORD_BABY	Baby Swamp Salamander	Salamandra do Pântano Filhote
68	T5_FARM_GREYWOLF_FW_CAERLEON_BABY	Caerleon Greywolf Pup	Lobo-cinzento de Caerleon Filhote
69	T5_FARM_OWL_FW_BRECILIEN_BABY	Mystic Owlet	Coruja Mística Filhote
70	T5_FARM_SPIDER_HELL_BABY	Hellspinner Baby	Tecedora Infernal Filhote
71	T8_FARM_MOABIRD_FW_BRIDGEWATCH_BABY	Baby Elite Terrorbird	Terrorbird de Elite Filhote
72	T8_FARM_DIREBEAR_FW_FORTSTERLING_BABY	Elite Winter Bear Cub	Urso-polar de Elite Filhote
73	T8_FARM_DIREBOAR_FW_LYMHURST_BABY	Elite Wild Boarlet	Javali Selvagem de Elite Filhote
74	T8_FARM_RAM_FW_MARTLOCK_BABY	Elite Bighorn Ram Lamb	Carneiro Selvagem de Elite Filhote
75	T8_FARM_SWAMPDRAGON_FW_THETFORD_BABY	Baby Elite Swamp Salamander	Salamandra do Pântano de Elite Filhote
76	T8_FARM_GREYWOLF_FW_CAERLEON_BABY	Elite Greywolf Pup	Lobo-cinzento de Elite Filhote
77	T8_FARM_OWL_FW_BRECILIEN_BABY	Elite Mystic Owlet	Coruja Mística de Elite Filhote
78	T8_FARM_SPIDER_HELL_BABY	Soulspinner Baby	Tecedora de Almas Filhote
79	T6_FARM_DIREWOLF_GROWN	Tame Direwolf	Lobo-vil Manso
80	T7_FARM_DIREBOAR_GROWN	Tame Direboar	Javali-vil Manso
81	T8_FARM_DIREBEAR_GROWN	Tame Direbear	Urso-vil Manso
82	T7_FARM_SWAMPDRAGON_GROWN	Tame Swamp Dragon	Dragão do Pântano Manso
83	T8_FARM_MAMMOTH_GROWN	Tame Mammoth	Mamute Manso
84	T5_FARM_COUGAR_GROWN	Tame Swiftclaw	Garra-ligeira Manso
85	T8_FARM_DIREWOLF_GROWN	Tame Ghostwolf	Lobo-fantasma Manso
86	T4_FARM_GIANTSTAG_GROWN	Adept's Tame Giant Stag	Veado Gigante Manso do Adepto
87	T6_FARM_GIANTSTAG_GROWN	Master's Tame Giant Stag	Veado Gigante Manso do Mestre
88	T6_FARM_GIANTSTAG_MOOSE_GROWN	Tame Moose	Alce Manso
89	T5_FARM_MOABIRD_FW_BRIDGEWATCH_GROWN	Tame Moabird	Ave-moa Mansa
90	T5_FARM_DIREBEAR_FW_FORTSTERLING_GROWN	Tame Winter Bear	Urso das Neves Manso
91	T5_FARM_DIREBOAR_FW_LYMHURST_GROWN	Tame Wild Boar	Javali Selvagem Manso
92	T5_FARM_RAM_FW_MARTLOCK_GROWN	Tame Bighorn Ram	Carneiro Selvagem Manso
93	T5_FARM_SWAMPDRAGON_FW_THETFORD_GROWN	Tame Swamp Salamander	Salamandra do Pântano Mansa
94	T5_FARM_GREYWOLF_FW_CAERLEON_GROWN	Tame Greywolf	Lobo-cinzento Manso
95	T5_FARM_OWL_FW_BRECILIEN_GROWN	Tame Mystic Owl	Coruja Mística Mansa
96	T5_FARM_SPIDER_HELL_GROWN	Tame Hellspinner	Tecedora Infernal Mansa
97	T8_FARM_MOABIRD_FW_BRIDGEWATCH_GROWN	Tame Elite Terrorbird	Terrorbird de Elite Manso
98	T8_FARM_DIREBEAR_FW_FORTSTERLING_GROWN	Tame Elite Winter Bear	Urso-polar de Elite Manso
99	T8_FARM_DIREBOAR_FW_LYMHURST_GROWN	Tame Elite Wild Boar	Javali Selvagem de Elite Manso
100	T8_FARM_RAM_FW_MARTLOCK_GROWN	Tame Elite Bighorn Ram	Carneiro Selvagem de Elite Manso
101	T8_FARM_SWAMPDRAGON_FW_THETFORD_GROWN	Tame Elite Swamp Salamander	Salamandra do Pântano de Elite Manso
102	T8_FARM_GREYWOLF_FW_CAERLEON_GROWN	Tame Elite Greywolf	Lobo-cinzento de Elite Manso
103	T8_FARM_OWL_FW_BRECILIEN_GROWN	Tame Elite Mystic Owl	Coruja Mística de Elite Mansa
104	T8_FARM_SPIDER_HELL_GROWN	Tame Soulspinner	Tecedora de Almas Mansa
105	T3_FARM_CHICKEN_BABY	Baby Chickens	Pintos
106	T4_FARM_GOAT_BABY	Kid	Cabrito
107	T5_FARM_GOOSE_BABY	Gosling	Gansinho
108	T6_FARM_SHEEP_BABY	Lamb	Cordeiro
109	T7_FARM_PIG_BABY	Piglet	Leitão
110	T8_FARM_COW_BABY	Calf	Novilho
111	T3_FARM_CHICKEN_GROWN	Chicken	Galinha
112	T4_FARM_GOAT_GROWN	Goat	Cabra
113	T5_FARM_GOOSE_GROWN	Goose	Ganso
114	T6_FARM_SHEEP_GROWN	Sheep	Ovelha
115	T7_FARM_PIG_GROWN	Pig	Porco
116	T8_FARM_COW_GROWN	Cow	Vaca
117	T6_MOUNTUPGRADE_GIANTSTAG_XMAS	Decorative Stag Bridle	Rédea Decorativa de Veado
118	UNIQUE_MOUNTUPGRADE_RAM_XMAS	Decorative Ram Bridle	Rédea Decorativa de Aríete
119	T5_MOUNTUPGRADE_HORSE_CURSE	Necromantic Elixir	Elixir Necromante
120	T8_MOUNTUPGRADE_HORSE_CURSE	Spectral Mask	Máscara Espectral
121	T8_MOUNTUPGRADE_COUGAR_KEEPER	Sacred Bone Marrow	Medula Óssea Sagrada
122	T5_MOUNTUPGRADE_HORSE_MORGANA	Morgana Mare Saddle	Sela de Égua de Morgana
123	T8_MOUNTUPGRADE_HORSE_MORGANA	Infernal Horseshoes	Ferradura Infernal
124	T1_CARROT	Carrots	Cenouras
125	T2_BEAN	Beans	Feijões
126	T3_WHEAT	Sheaf of Wheat	Feixe de Trigo
127	T4_TURNIP	Turnips	Nabos
128	T5_CABBAGE	Cabbage	Repolho
129	T6_POTATO	Potatoes	Batatas
130	T7_CORN	Bundle of Corn	Fardo de Milho
131	T8_PUMPKIN	Pumpkin	Abóbora
132	T2_AGARIC	Arcane Agaric	Agárico-arcano
133	T3_COMFREY	Brightleaf Comfrey	Confrei-claro
134	T4_BURDOCK	Crenellated Burdock	Bardana-crespa
135	T5_TEASEL	Dragon Teasel	Cardo-dragão
136	T6_FOXGLOVE	Elusive Foxglove	Dedaleira-tímida
137	T7_MULLEIN	Firetouched Mullein	Verbasco-arredio
138	T8_YARROW	Ghoul Yarrow	Milefólio-carniçal
139	T3_EGG	Hen Eggs	Ovos de Galinha
140	T4_MILK	Goat's Milk	Leite de Cabra
141	T5_EGG	Goose Eggs	Ovos de Ganso
142	T6_MILK	Sheep's Milk	Leite de Ovelha
143	T8_MILK	Cow's Milk	Leite de Vaca
144	T1_FISH_FRESHWATER_ALL_COMMON	Common Rudd	Corvina Comum
145	T2_FISH_FRESHWATER_ALL_COMMON	Striped Carp	Carpa Listrada
146	T3_FISH_FRESHWATER_ALL_COMMON	Albion Perch	Perca de Albion
147	T4_FISH_FRESHWATER_ALL_COMMON	Bluescale Pike	Pique Azul
148	T5_FISH_FRESHWATER_ALL_COMMON	Spotted Trout	Truta Pintada
149	T6_FISH_FRESHWATER_ALL_COMMON	Brightscale Zander	Sander Brilhante
150	T7_FISH_FRESHWATER_ALL_COMMON	Danglemouth Catfish	Peixe-gato Bocudo
151	T8_FISH_FRESHWATER_ALL_COMMON	River Sturgeon	Esturjão de Rio
152	T1_FISH_SALTWATER_ALL_COMMON	Common Herring	Arenque Comum
153	T2_FISH_SALTWATER_ALL_COMMON	Striped Mackerel	Cavalinha Listrada
154	T3_FISH_SALTWATER_ALL_COMMON	Flatshore Plaice	Solha Chata
155	T4_FISH_SALTWATER_ALL_COMMON	Bluescale Cod	Bacalhau Azul
156	T5_FISH_SALTWATER_ALL_COMMON	Spotted Wolffish	Peixe-lobo Pintado
157	T6_FISH_SALTWATER_ALL_COMMON	Strongfin Salmon	Salmão Forte
158	T7_FISH_SALTWATER_ALL_COMMON	Bluefin Tuna	Atum Azulado
159	T8_FISH_SALTWATER_ALL_COMMON	Steelscale Swordfish	Peixe-espada de Aço
160	T3_FISH_FRESHWATER_FOREST_RARE	Greenriver Eel	Enguia Esverdeada
161	T5_FISH_FRESHWATER_FOREST_RARE	Redspring Eel	Enguia Avermelhada
162	T7_FISH_FRESHWATER_FOREST_RARE	Deadwater Eel	Enguia de Água-podre
163	T3_FISH_FRESHWATER_MOUNTAIN_RARE	Upland Coldeye	Olhofrio das Serras
164	T5_FISH_FRESHWATER_MOUNTAIN_RARE	Mountain Blindeye	Olhocego das Montanhas
165	T7_FISH_FRESHWATER_MOUNTAIN_RARE	Frostpeak Deadeye	Olhomorto dos Picos
166	T3_FISH_FRESHWATER_HIGHLANDS_RARE	Stonestream Lurcher	Larápio de Pedregulho
167	T5_FISH_FRESHWATER_HIGHLANDS_RARE	Rushwater Lurcher	Larápio de Água corrente
168	T7_FISH_FRESHWATER_HIGHLANDS_RARE	Thunderfall Lurcher	Larápio do Trovão
169	T3_FISH_FRESHWATER_STEPPE_RARE	Lowriver Crab	Caranguejo do Rio-baixo
170	T5_FISH_FRESHWATER_STEPPE_RARE	Drybrook Crab	Caranguejo de Riacho
171	T7_FISH_FRESHWATER_STEPPE_RARE	Dusthole Crab	Caranguejo de Poço
172	T3_FISH_FRESHWATER_SWAMP_RARE	Greenmoor Clam	Mexilhão Esverdeado
173	T5_FISH_FRESHWATER_SWAMP_RARE	Murkwater Clam	Mexilhão de Águas turvas
174	T7_FISH_FRESHWATER_SWAMP_RARE	Blackbog Clam	Mexilhão do Brejo
175	T3_FISH_SALTWATER_ALL_RARE	Shallowshore Squid	Lula das Águas rasas
176	T5_FISH_SALTWATER_ALL_RARE	Midwater Octopus	Polvo das Águas médias
177	T7_FISH_SALTWATER_ALL_RARE	Deepwater Kraken	Kraken das Águas profundas
178	T3_FISH_FRESHWATER_AVALON_RARE	Whitefog Snapper	Pargo Bruma-branca
179	T5_FISH_FRESHWATER_AVALON_RARE	Clearhaze Snapper	Pargo Névoa-clara
180	T7_FISH_FRESHWATER_AVALON_RARE	Puremist Snapper	Pargo Neblina-pura
181	T3_FISH_FRESHWATER_DRAGON_AREA_RARE	Carefree Leyfin	Leybatana Mansa
182	T5_FISH_FRESHWATER_DRAGON_AREA_RARE	Brightsoul Leyfin	Leybatana Radiante
183	T7_FISH_FRESHWATER_DRAGON_AREA_RARE	Dragonbound Leyfin	Leybatana Dracônica
184	T1_SEAWEED	Seaweed	Alga
185	T8_FISH_SALTWATER_ALL_BOSS_SHARK	Shark	Tubarão
186	T1_FISHCHOPS	Chopped Fish	Peixe Picado
187	T1_FISHSAUCE_LEVEL1	Basic Fish Sauce	Molho de Peixe Básico
188	T1_FISHSAUCE_LEVEL2	Fancy Fish Sauce	Molho de Peixe Extravagante
189	T1_FISHSAUCE_LEVEL3	Special Fish Sauce	Molho de Peixe Especial
190	TREASURE_KNOWLEDGE_RARITY1	Corrupted Scroll	Pergaminho Corrompido
191	TREASURE_KNOWLEDGE_RARITY2	Thin Booklet	Livreto Fino
192	TREASURE_KNOWLEDGE_RARITY3	Ancient Tome	Tomo Ancião
193	TREASURE_SILVERWARE_RARITY1	Silver Cup	Copo de Prata
194	TREASURE_SILVERWARE_RARITY2	Silver Mirror	Espelho de Prata
195	TREASURE_SILVERWARE_RARITY3	Silver Candelabrum	Lustre de Prata
196	TREASURE_DECORATIVE_RARITY1	Simple Stone Toy	Brinquedo de Pedra Simples
197	TREASURE_DECORATIVE_RARITY2	Stone Mask	Máscara de Pedra
198	TREASURE_DECORATIVE_RARITY3	Stone Idol	Imagem de Pedra
199	TREASURE_CEREMONIAL_RARITY1	Ornamental Scepter	Cruz no Globo
200	TREASURE_CEREMONIAL_RARITY2	Globus Cruciger	Cetro Ornamental
201	TREASURE_CEREMONIAL_RARITY3	Golden Crown	Coroa Dourada
202	TREASURE_TRIBAL_RARITY1	Feather Talisman	Talismã de Pena
203	TREASURE_TRIBAL_RARITY2	Dreamcatcher	Filtro dos Sonhos
204	TREASURE_TRIBAL_RARITY3	Holy Fetish	Feitiço Sagrado
205	TREASURE_RITUAL_RARITY1	Ritual Candles	Velas de Ritual
206	TREASURE_RITUAL_RARITY2	Blood Chalice	Cálice de Sangue
207	TREASURE_RITUAL_RARITY3	Sacrificial Dagger	Adaga de Sacrifício
208	TREASURE_AVALON_RARITY1	Golden Frame	Moldura Dourada
209	TREASURE_AVALON_RARITY2	Golden Gyroscope	Giroscópio Dourado
210	TREASURE_AVALON_RARITY3	Golden Sextant	Sextante Dourado
211	QUESTITEM_TUTORIAL_HERETIC_PLANS		
212	QUESTITEM_TRANSFER_LETTER	Letter of Transfer	Carta de Transferência
213	QUESTITEM_LIGHT_BLUEPRINTS	Delivery: Blueprints	Entrega: Plantas
214	QUESTITEM_LIGHT_MANUSCRIPTS	Delivery: Artistic Manuscripts	Entrega: Manuscritos Artísticos
215	QUESTITEM_LIGHT_SURVEYS	Delivery: Geomantic Surveys	Entrega: Pesquisa Geomântica
216	QUESTITEM_HEAVY_MORTAR	Delivery: Mortar	Entrega: Argamassa
217	QUESTITEM_HEAVY_CRATE	Delivery: Crates	Entrega: Caixotes
218	QUESTITEM_HEAVY_BARREL	Delivery: Barrels	Entrega: Barris
219	QUESTITEM_LIGHT_FUR	Delivery: Heavy Fur	Entrega: Pele Pesada
220	QUESTITEM_LIGHT_THEPACKAGE	Delivery: "The Package"	Entrega: "O Pacote"
221	QUESTITEM_LIGHT_PATROLROUTE	Delivery: Patrol Route	Entrega: Rota de Patrulha
222	QUESTITEM_HEAVY_MOONSHINE	Delivery: Geoff the Brigand's All-Natural Enriched Moonshine	Entrega: Cachaça Orgânica Enriquecida de Jefinho Bandoleiro
223	QUESTITEM_LIGHT_KITTENS	Delivery: Sack of Kittens	Entrega: Saco de Gatinhos
224	QUESTITEM_LIGHT_BEES	Delivery: Beehives	Entrega: Colmeias
225	QUESTITEM_LIGHT_OLDCLOTHES	Delivery: Old Clothes	Entrega: Roupas Velhas
226	QUESTITEM_HEAVY_FARMTOOLS	Delivery: Farmyard Tools	Entrega: Ferram. de Fazenda
227	QUESTITEM_HEAVY_MANURE	Delivery: Pile of Manure	Entrega: Pilha de Esterco
228	QUESTITEM_LIGHT_ASSASSINATION	Delivery: Assassination Order	Entrega: Encomenda de Morte
229	QUESTITEM_LIGHT_CASUALTIES	Delivery: Casualty Report	Entrega: Relatório de Baixas
230	QUESTITEM_LIGHT_RINGS	Delivery: Regimental Rings	Entrega: Anéis do Regimento
231	QUESTITEM_HEAVY_MEDICAL	Delivery: Medical Supplies	Entrega: Suprimentos Médicos
232	QUESTITEM_HEAVY_FIREBARREL	Delivery: Sensitive Barrels	Entrega: Barris Sensíveis
233	QUESTITEM_CARAVAN_TRADEPACK_CAERLEON_LIGHT		
234	QUESTITEM_CARAVAN_TRADEPACK_CAERLEON_MEDIUM		
235	QUESTITEM_CARAVAN_TRADEPACK_CAERLEON_HEAVY		
236	QUESTITEM_CARAVAN_TRADEPACK_SWAMP_LIGHT		
237	QUESTITEM_CARAVAN_TRADEPACK_SWAMP_MEDIUM		
238	QUESTITEM_CARAVAN_TRADEPACK_SWAMP_HEAVY		
239	QUESTITEM_CARAVAN_TRADEPACK_FOREST_LIGHT		
240	QUESTITEM_CARAVAN_TRADEPACK_FOREST_MEDIUM		
241	QUESTITEM_CARAVAN_TRADEPACK_FOREST_HEAVY		
242	QUESTITEM_CARAVAN_TRADEPACK_STEPPE_LIGHT		
243	QUESTITEM_CARAVAN_TRADEPACK_STEPPE_MEDIUM		
244	QUESTITEM_CARAVAN_TRADEPACK_STEPPE_HEAVY		
245	QUESTITEM_CARAVAN_TRADEPACK_HIGHLAND_LIGHT		
246	QUESTITEM_CARAVAN_TRADEPACK_HIGHLAND_MEDIUM		
247	QUESTITEM_CARAVAN_TRADEPACK_HIGHLAND_HEAVY		
248	QUESTITEM_CARAVAN_TRADEPACK_MOUNTAIN_LIGHT		
249	QUESTITEM_CARAVAN_TRADEPACK_MOUNTAIN_MEDIUM		
250	QUESTITEM_CARAVAN_TRADEPACK_MOUNTAIN_HEAVY		
251	QUESTITEM_TOKEN_ARENA_UNRANKED	Arena Sigil	Selo de Arena
252	QUESTITEM_TOKEN_ARENA_CRYSTAL		
253	QUESTITEM_TOKEN_AVALON	Avalonian Energy	Energia Avaloniana
254	QUESTITEM_TOKEN_MISTS	Faerie Fire	Fogo de Fada
255	QUESTITEM_TOKEN_SMUGGLER	Smuggler's Coin	Moeda do Contrabandista
256	QUESTITEM_STANDING_SMUGGLER	Buy a round	Compre uma rodada
257	QUESTITEM_TOKEN_DRAGONS	Ancient Ritual Bone	Osso de Ritual Ancestral
258	QUESTITEM_STANDING_DRAGONS	Lesser Offering	Oferenda Menor
259	QUESTITEM_STANDING_DRAGONS_STRONG	Greater Offering	Oferenda Maior
260	QUESTITEM_EXP_TOKEN_D1_T6_EXP_HRD_WINTER_EVENT		
261	QUESTITEM_EXP_TOKEN_D1_T6_EXP_HRD_UNDEAD_RECRUITMENT		
262	QUESTITEM_EXP_TOKEN_D2_T6_EXP_HRD_UNDEAD_RECRUITMENT		
263	QUESTITEM_EXP_TOKEN_D3_T6_EXP_HRD_UNDEAD_RECRUITMENT		
264	QUESTITEM_EXP_TOKEN_D4_T6_EXP_HRD_UNDEAD_RECRUITMENT		
265	QUESTITEM_EXP_TOKEN_D5_T6_EXP_HRD_UNDEAD_RECRUITMENT		
266	QUESTITEM_EXP_TOKEN_D6_T6_EXP_HRD_UNDEAD_RECRUITMENT		
267	QUESTITEM_EXP_TOKEN_D7_T6_EXP_HRD_UNDEAD_RECRUITMENT		
268	QUESTITEM_EXP_TOKEN_D8_T6_EXP_HRD_UNDEAD_RECRUITMENT		
269	QUESTITEM_EXP_TOKEN_D9_T6_EXP_HRD_UNDEAD_RECRUITMENT		
270	QUESTITEM_EXP_TOKEN_D10_T6_EXP_HRD_UNDEAD_RECRUITMENT		
271	QUESTITEM_EXP_TOKEN_D11_T6_EXP_HRD_UNDEAD_RECRUITMENT		
272	QUESTITEM_EXP_TOKEN_D12_T6_EXP_HRD_UNDEAD_RECRUITMENT		
273	QUESTITEM_EXP_TOKEN_D13_T6_EXP_HRD_UNDEAD_RECRUITMENT		
274	QUESTITEM_EXP_TOKEN_D14_T6_EXP_HRD_UNDEAD_RECRUITMENT		
275	QUESTITEM_EXP_TOKEN_D15_T6_EXP_HRD_UNDEAD_RECRUITMENT		
276	QUESTITEM_EXP_TOKEN_D16_T6_EXP_HRD_UNDEAD_RECRUITMENT		
277	QUESTITEM_EXP_TOKEN_D17_T6_EXP_HRD_UNDEAD_RECRUITMENT		
278	QUESTITEM_EXP_TOKEN_D18_T6_EXP_HRD_UNDEAD_RECRUITMENT		
279	QUESTITEM_EXP_TOKEN_D1_T6_EXP_HRD_HERETIC_FISHYBUSINESS		
280	QUESTITEM_EXP_TOKEN_D2_T6_EXP_HRD_HERETIC_FISHYBUSINESS		
281	QUESTITEM_EXP_TOKEN_D3_T6_EXP_HRD_HERETIC_FISHYBUSINESS		
282	QUESTITEM_EXP_TOKEN_D4_T6_EXP_HRD_HERETIC_FISHYBUSINESS		
283	QUESTITEM_EXP_TOKEN_D5_T6_EXP_HRD_HERETIC_FISHYBUSINESS		
284	QUESTITEM_EXP_TOKEN_D6_T6_EXP_HRD_HERETIC_FISHYBUSINESS		
285	QUESTITEM_EXP_TOKEN_D7_T6_EXP_HRD_HERETIC_FISHYBUSINESS		
286	QUESTITEM_EXP_TOKEN_D8_T6_EXP_HRD_HERETIC_FISHYBUSINESS		
287	QUESTITEM_EXP_TOKEN_D9_T6_EXP_HRD_HERETIC_FISHYBUSINESS		
288	QUESTITEM_EXP_TOKEN_D10_T6_EXP_HRD_HERETIC_FISHYBUSINESS		
289	QUESTITEM_EXP_TOKEN_D11_T6_EXP_HRD_HERETIC_FISHYBUSINESS		
290	QUESTITEM_EXP_TOKEN_D12_T6_EXP_HRD_HERETIC_FISHYBUSINESS		
291	QUESTITEM_EXP_TOKEN_D13_T6_EXP_HRD_HERETIC_FISHYBUSINESS		
292	QUESTITEM_EXP_TOKEN_D14_T6_EXP_HRD_HERETIC_FISHYBUSINESS		
293	QUESTITEM_EXP_TOKEN_D15_T6_EXP_HRD_HERETIC_FISHYBUSINESS		
294	QUESTITEM_EXP_TOKEN_D16_T6_EXP_HRD_HERETIC_FISHYBUSINESS		
295	QUESTITEM_EXP_TOKEN_D17_T6_EXP_HRD_HERETIC_FISHYBUSINESS		
296	QUESTITEM_EXP_TOKEN_D18_T6_EXP_HRD_HERETIC_FISHYBUSINESS		
297	QUESTITEM_EXP_TOKEN_D1_T6_EXP_HRD_KEEPER_STONEWARS		
298	QUESTITEM_EXP_TOKEN_D2_T6_EXP_HRD_KEEPER_STONEWARS		
299	QUESTITEM_EXP_TOKEN_D3_T6_EXP_HRD_KEEPER_STONEWARS		
300	QUESTITEM_EXP_TOKEN_D4_T6_EXP_HRD_KEEPER_STONEWARS		
301	QUESTITEM_EXP_TOKEN_D5_T6_EXP_HRD_KEEPER_STONEWARS		
302	QUESTITEM_EXP_TOKEN_D6_T6_EXP_HRD_KEEPER_STONEWARS		
303	QUESTITEM_EXP_TOKEN_D7_T6_EXP_HRD_KEEPER_STONEWARS		
304	QUESTITEM_EXP_TOKEN_D8_T6_EXP_HRD_KEEPER_STONEWARS		
305	QUESTITEM_EXP_TOKEN_D9_T6_EXP_HRD_KEEPER_STONEWARS		
306	QUESTITEM_EXP_TOKEN_D10_T6_EXP_HRD_KEEPER_STONEWARS		
307	QUESTITEM_EXP_TOKEN_D11_T6_EXP_HRD_KEEPER_STONEWARS		
308	QUESTITEM_EXP_TOKEN_D12_T6_EXP_HRD_KEEPER_STONEWARS		
309	QUESTITEM_EXP_TOKEN_D13_T6_EXP_HRD_KEEPER_STONEWARS		
310	QUESTITEM_EXP_TOKEN_D14_T6_EXP_HRD_KEEPER_STONEWARS		
311	QUESTITEM_EXP_TOKEN_D15_T6_EXP_HRD_KEEPER_STONEWARS		
312	QUESTITEM_EXP_TOKEN_D16_T6_EXP_HRD_KEEPER_STONEWARS		
313	QUESTITEM_EXP_TOKEN_D17_T6_EXP_HRD_KEEPER_STONEWARS		
314	QUESTITEM_EXP_TOKEN_D18_T6_EXP_HRD_KEEPER_STONEWARS		
315	QUESTITEM_EXP_TOKEN_D1_T6_EXP_HRD_HERETIC_LUMBERCAMP		
316	QUESTITEM_EXP_TOKEN_D2_T6_EXP_HRD_HERETIC_LUMBERCAMP		
317	QUESTITEM_EXP_TOKEN_D3_T6_EXP_HRD_HERETIC_LUMBERCAMP		
318	QUESTITEM_EXP_TOKEN_D4_T6_EXP_HRD_HERETIC_LUMBERCAMP		
319	QUESTITEM_EXP_TOKEN_D5_T6_EXP_HRD_HERETIC_LUMBERCAMP		
320	QUESTITEM_EXP_TOKEN_D6_T6_EXP_HRD_HERETIC_LUMBERCAMP		
321	QUESTITEM_EXP_TOKEN_D7_T6_EXP_HRD_HERETIC_LUMBERCAMP		
322	QUESTITEM_EXP_TOKEN_D8_T6_EXP_HRD_HERETIC_LUMBERCAMP		
323	QUESTITEM_EXP_TOKEN_D9_T6_EXP_HRD_HERETIC_LUMBERCAMP		
324	QUESTITEM_EXP_TOKEN_D10_T6_EXP_HRD_HERETIC_LUMBERCAMP		
325	QUESTITEM_EXP_TOKEN_D11_T6_EXP_HRD_HERETIC_LUMBERCAMP		
326	QUESTITEM_EXP_TOKEN_D12_T6_EXP_HRD_HERETIC_LUMBERCAMP		
327	QUESTITEM_EXP_TOKEN_D13_T6_EXP_HRD_HERETIC_LUMBERCAMP		
328	QUESTITEM_EXP_TOKEN_D14_T6_EXP_HRD_HERETIC_LUMBERCAMP		
329	QUESTITEM_EXP_TOKEN_D15_T6_EXP_HRD_HERETIC_LUMBERCAMP		
330	QUESTITEM_EXP_TOKEN_D16_T6_EXP_HRD_HERETIC_LUMBERCAMP		
331	QUESTITEM_EXP_TOKEN_D17_T6_EXP_HRD_HERETIC_LUMBERCAMP		
332	QUESTITEM_EXP_TOKEN_D18_T6_EXP_HRD_HERETIC_LUMBERCAMP		
333	QUESTITEM_EXP_TOKEN_D1_T6_EXP_HRD_UNDEAD_SEWERSCRYPT		
334	QUESTITEM_EXP_TOKEN_D2_T6_EXP_HRD_UNDEAD_SEWERSCRYPT		
335	QUESTITEM_EXP_TOKEN_D3_T6_EXP_HRD_UNDEAD_SEWERSCRYPT		
336	QUESTITEM_EXP_TOKEN_D4_T6_EXP_HRD_UNDEAD_SEWERSCRYPT		
337	QUESTITEM_EXP_TOKEN_D5_T6_EXP_HRD_UNDEAD_SEWERSCRYPT		
338	QUESTITEM_EXP_TOKEN_D6_T6_EXP_HRD_UNDEAD_SEWERSCRYPT		
339	QUESTITEM_EXP_TOKEN_D7_T6_EXP_HRD_UNDEAD_SEWERSCRYPT		
340	QUESTITEM_EXP_TOKEN_D8_T6_EXP_HRD_UNDEAD_SEWERSCRYPT		
341	QUESTITEM_EXP_TOKEN_D9_T6_EXP_HRD_UNDEAD_SEWERSCRYPT		
342	QUESTITEM_EXP_TOKEN_D10_T6_EXP_HRD_UNDEAD_SEWERSCRYPT		
343	QUESTITEM_EXP_TOKEN_D11_T6_EXP_HRD_UNDEAD_SEWERSCRYPT		
344	QUESTITEM_EXP_TOKEN_D12_T6_EXP_HRD_UNDEAD_SEWERSCRYPT		
345	QUESTITEM_EXP_TOKEN_D13_T6_EXP_HRD_UNDEAD_SEWERSCRYPT		
346	QUESTITEM_EXP_TOKEN_D14_T6_EXP_HRD_UNDEAD_SEWERSCRYPT		
347	QUESTITEM_EXP_TOKEN_D15_T6_EXP_HRD_UNDEAD_SEWERSCRYPT		
348	QUESTITEM_EXP_TOKEN_D16_T6_EXP_HRD_UNDEAD_SEWERSCRYPT		
349	QUESTITEM_EXP_TOKEN_D17_T6_EXP_HRD_UNDEAD_SEWERSCRYPT		
350	QUESTITEM_EXP_TOKEN_D18_T6_EXP_HRD_UNDEAD_SEWERSCRYPT		
351	QUESTITEM_EXP_TOKEN_D1_T6_EXP_HRD_KEEPER_MUSHROOM		
352	QUESTITEM_EXP_TOKEN_D2_T6_EXP_HRD_KEEPER_MUSHROOM		
353	QUESTITEM_EXP_TOKEN_D3_T6_EXP_HRD_KEEPER_MUSHROOM		
354	QUESTITEM_EXP_TOKEN_D4_T6_EXP_HRD_KEEPER_MUSHROOM		
355	QUESTITEM_EXP_TOKEN_D5_T6_EXP_HRD_KEEPER_MUSHROOM		
356	QUESTITEM_EXP_TOKEN_D6_T6_EXP_HRD_KEEPER_MUSHROOM		
357	QUESTITEM_EXP_TOKEN_D7_T6_EXP_HRD_KEEPER_MUSHROOM		
358	QUESTITEM_EXP_TOKEN_D8_T6_EXP_HRD_KEEPER_MUSHROOM		
359	QUESTITEM_EXP_TOKEN_D9_T6_EXP_HRD_KEEPER_MUSHROOM		
360	QUESTITEM_EXP_TOKEN_D10_T6_EXP_HRD_KEEPER_MUSHROOM		
361	QUESTITEM_EXP_TOKEN_D11_T6_EXP_HRD_KEEPER_MUSHROOM		
362	QUESTITEM_EXP_TOKEN_D12_T6_EXP_HRD_KEEPER_MUSHROOM		
363	QUESTITEM_EXP_TOKEN_D13_T6_EXP_HRD_KEEPER_MUSHROOM		
364	QUESTITEM_EXP_TOKEN_D14_T6_EXP_HRD_KEEPER_MUSHROOM		
365	QUESTITEM_EXP_TOKEN_D15_T6_EXP_HRD_KEEPER_MUSHROOM		
366	QUESTITEM_EXP_TOKEN_D16_T6_EXP_HRD_KEEPER_MUSHROOM		
367	QUESTITEM_EXP_TOKEN_D17_T6_EXP_HRD_KEEPER_MUSHROOM		
368	QUESTITEM_EXP_TOKEN_D18_T6_EXP_HRD_KEEPER_MUSHROOM		
369	QUESTITEM_EXP_TOKEN_D1_T6_EXP_HRD_MORGANA_TRHEESISTERS		
370	QUESTITEM_EXP_TOKEN_D2_T6_EXP_HRD_MORGANA_TRHEESISTERS		
371	QUESTITEM_EXP_TOKEN_D3_T6_EXP_HRD_MORGANA_TRHEESISTERS		
372	QUESTITEM_EXP_TOKEN_D4_T6_EXP_HRD_MORGANA_TRHEESISTERS		
373	QUESTITEM_EXP_TOKEN_D5_T6_EXP_HRD_MORGANA_TRHEESISTERS		
374	QUESTITEM_EXP_TOKEN_D6_T6_EXP_HRD_MORGANA_TRHEESISTERS		
375	QUESTITEM_EXP_TOKEN_D7_T6_EXP_HRD_MORGANA_TRHEESISTERS		
376	QUESTITEM_EXP_TOKEN_D8_T6_EXP_HRD_MORGANA_TRHEESISTERS		
377	QUESTITEM_EXP_TOKEN_D9_T6_EXP_HRD_MORGANA_TRHEESISTERS		
378	QUESTITEM_EXP_TOKEN_D10_T6_EXP_HRD_MORGANA_TRHEESISTERS		
379	QUESTITEM_EXP_TOKEN_D11_T6_EXP_HRD_MORGANA_TRHEESISTERS		
380	QUESTITEM_EXP_TOKEN_D12_T6_EXP_HRD_MORGANA_TRHEESISTERS		
381	QUESTITEM_EXP_TOKEN_D13_T6_EXP_HRD_MORGANA_TRHEESISTERS		
382	QUESTITEM_EXP_TOKEN_D14_T6_EXP_HRD_MORGANA_TRHEESISTERS		
383	QUESTITEM_EXP_TOKEN_D15_T6_EXP_HRD_MORGANA_TRHEESISTERS		
384	QUESTITEM_EXP_TOKEN_D16_T6_EXP_HRD_MORGANA_TRHEESISTERS		
385	QUESTITEM_EXP_TOKEN_D17_T6_EXP_HRD_MORGANA_TRHEESISTERS		
386	QUESTITEM_EXP_TOKEN_D18_T6_EXP_HRD_MORGANA_TRHEESISTERS		
387	QUESTITEM_EXP_TOKEN_D1_T6_EXP_HRD_UNDEAD_ETERNALBATTLE		
388	QUESTITEM_EXP_TOKEN_D2_T6_EXP_HRD_UNDEAD_ETERNALBATTLE		
389	QUESTITEM_EXP_TOKEN_D3_T6_EXP_HRD_UNDEAD_ETERNALBATTLE		
390	QUESTITEM_EXP_TOKEN_D4_T6_EXP_HRD_UNDEAD_ETERNALBATTLE		
391	QUESTITEM_EXP_TOKEN_D5_T6_EXP_HRD_UNDEAD_ETERNALBATTLE		
392	QUESTITEM_EXP_TOKEN_D6_T6_EXP_HRD_UNDEAD_ETERNALBATTLE		
393	QUESTITEM_EXP_TOKEN_D7_T6_EXP_HRD_UNDEAD_ETERNALBATTLE		
394	QUESTITEM_EXP_TOKEN_D8_T6_EXP_HRD_UNDEAD_ETERNALBATTLE		
395	QUESTITEM_EXP_TOKEN_D9_T6_EXP_HRD_UNDEAD_ETERNALBATTLE		
396	QUESTITEM_EXP_TOKEN_D10_T6_EXP_HRD_UNDEAD_ETERNALBATTLE		
397	QUESTITEM_EXP_TOKEN_D11_T6_EXP_HRD_UNDEAD_ETERNALBATTLE		
398	QUESTITEM_EXP_TOKEN_D12_T6_EXP_HRD_UNDEAD_ETERNALBATTLE		
399	QUESTITEM_EXP_TOKEN_D13_T6_EXP_HRD_UNDEAD_ETERNALBATTLE		
400	QUESTITEM_EXP_TOKEN_D14_T6_EXP_HRD_UNDEAD_ETERNALBATTLE		
401	QUESTITEM_EXP_TOKEN_D15_T6_EXP_HRD_UNDEAD_ETERNALBATTLE		
402	QUESTITEM_EXP_TOKEN_D16_T6_EXP_HRD_UNDEAD_ETERNALBATTLE		
403	QUESTITEM_EXP_TOKEN_D17_T6_EXP_HRD_UNDEAD_ETERNALBATTLE		
404	QUESTITEM_EXP_TOKEN_D18_T6_EXP_HRD_UNDEAD_ETERNALBATTLE		
405	QUESTITEM_EXP_TOKEN_D1_T6_EXP_HRD_HERETIC_FISTFULOFSILVER		
406	QUESTITEM_EXP_TOKEN_D2_T6_EXP_HRD_HERETIC_FISTFULOFSILVER		
407	QUESTITEM_EXP_TOKEN_D3_T6_EXP_HRD_HERETIC_FISTFULOFSILVER		
408	QUESTITEM_EXP_TOKEN_D4_T6_EXP_HRD_HERETIC_FISTFULOFSILVER		
409	QUESTITEM_EXP_TOKEN_D5_T6_EXP_HRD_HERETIC_FISTFULOFSILVER		
410	QUESTITEM_EXP_TOKEN_D6_T6_EXP_HRD_HERETIC_FISTFULOFSILVER		
411	QUESTITEM_EXP_TOKEN_D7_T6_EXP_HRD_HERETIC_FISTFULOFSILVER		
412	QUESTITEM_EXP_TOKEN_D8_T6_EXP_HRD_HERETIC_FISTFULOFSILVER		
413	QUESTITEM_EXP_TOKEN_D9_T6_EXP_HRD_HERETIC_FISTFULOFSILVER		
414	QUESTITEM_EXP_TOKEN_D10_T6_EXP_HRD_HERETIC_FISTFULOFSILVER		
415	QUESTITEM_EXP_TOKEN_D11_T6_EXP_HRD_HERETIC_FISTFULOFSILVER		
416	QUESTITEM_EXP_TOKEN_D12_T6_EXP_HRD_HERETIC_FISTFULOFSILVER		
417	QUESTITEM_EXP_TOKEN_D13_T6_EXP_HRD_HERETIC_FISTFULOFSILVER		
418	QUESTITEM_EXP_TOKEN_D14_T6_EXP_HRD_HERETIC_FISTFULOFSILVER		
419	QUESTITEM_EXP_TOKEN_D15_T6_EXP_HRD_HERETIC_FISTFULOFSILVER		
420	QUESTITEM_EXP_TOKEN_D16_T6_EXP_HRD_HERETIC_FISTFULOFSILVER		
421	QUESTITEM_EXP_TOKEN_D17_T6_EXP_HRD_HERETIC_FISTFULOFSILVER		
422	QUESTITEM_EXP_TOKEN_D18_T6_EXP_HRD_HERETIC_FISTFULOFSILVER		
423	QUESTITEM_EXP_TOKEN_D1_T6_EXP_HRD_MORGANA_TORTURER		
424	QUESTITEM_EXP_TOKEN_D2_T6_EXP_HRD_MORGANA_TORTURER		
425	QUESTITEM_EXP_TOKEN_D3_T6_EXP_HRD_MORGANA_TORTURER		
426	QUESTITEM_EXP_TOKEN_D4_T6_EXP_HRD_MORGANA_TORTURER		
427	QUESTITEM_EXP_TOKEN_D5_T6_EXP_HRD_MORGANA_TORTURER		
428	QUESTITEM_EXP_TOKEN_D6_T6_EXP_HRD_MORGANA_TORTURER		
429	QUESTITEM_EXP_TOKEN_D7_T6_EXP_HRD_MORGANA_TORTURER		
430	QUESTITEM_EXP_TOKEN_D8_T6_EXP_HRD_MORGANA_TORTURER		
431	QUESTITEM_EXP_TOKEN_D9_T6_EXP_HRD_MORGANA_TORTURER		
432	QUESTITEM_EXP_TOKEN_D10_T6_EXP_HRD_MORGANA_TORTURER		
433	QUESTITEM_EXP_TOKEN_D11_T6_EXP_HRD_MORGANA_TORTURER		
434	QUESTITEM_EXP_TOKEN_D12_T6_EXP_HRD_MORGANA_TORTURER		
435	QUESTITEM_EXP_TOKEN_D13_T6_EXP_HRD_MORGANA_TORTURER		
436	QUESTITEM_EXP_TOKEN_D14_T6_EXP_HRD_MORGANA_TORTURER		
437	QUESTITEM_EXP_TOKEN_D15_T6_EXP_HRD_MORGANA_TORTURER		
438	QUESTITEM_EXP_TOKEN_D16_T6_EXP_HRD_MORGANA_TORTURER		
439	QUESTITEM_EXP_TOKEN_D17_T6_EXP_HRD_MORGANA_TORTURER		
440	QUESTITEM_EXP_TOKEN_D18_T6_EXP_HRD_MORGANA_TORTURER		
441	QUESTITEM_TOKEN_ROYAL_HORSE	Royal Horse Token	Emblema de Cavalo Real
442	QUESTITEM_TOKEN_ROYAL_T4	Adept's Royal Sigil	Selo Real do Adepto
443	QUESTITEM_TOKEN_ROYAL_T5	Expert's Royal Sigil	Selo Real do Perito
444	QUESTITEM_TOKEN_ROYAL_T6	Master's Royal Sigil	Selo Real do Mestre
445	QUESTITEM_TOKEN_ROYAL_T7	Grandmaster's Royal Sigil	Selo Real do Grão-mestre
446	QUESTITEM_TOKEN_ROYAL_T8	Elder's Royal Sigil	Selo Real do Ancião
447	QUESTITEM_TOKEN_KEEPER	Keeper Totem	Totem do Protetor
448	QUESTITEM_TOKEN_MORGANA	Morgana's Favor	Honra de Morgana
449	QUESTITEM_TOKEN_UNDEAD	Undead Knucklebone	Osso de Morto-vivo
450	QUESTITEM_TOKEN_EVENT_HALLOWEEN_2017	Pumpkin Pip	Gema de Abóbora
451	QUESTITEM_TOKEN_EVENT_EASTER_2018	Fool's Golden Egg	Ovo Dourado do Tolo
452	QUESTITEM_TOKEN_ADC_FRAME	Adventurer Token	Token do Aventureiro
453	T4_SKILLBOOK_GATHER_FIBER	Adept Fiber Harvester Tome	Tomo do Ceifeiro de Fibras Adepto
454	T5_SKILLBOOK_GATHER_FIBER	Expert Fiber Harvester Tome	Tomo do Ceifeiro de Fibras Perito
455	T6_SKILLBOOK_GATHER_FIBER	Master Fiber Harvester Tome	Tomo do Ceifeiro de Fibras Mestre
456	T7_SKILLBOOK_GATHER_FIBER	Grandmaster Fiber Harvester Tome	Tomo do Ceifeiro de Fibras Grão-mestre
457	T8_SKILLBOOK_GATHER_FIBER	Elder Fiber Harvester Tome	Tomo do Ceifeiro de Fibras Ancião
458	T4_SKILLBOOK_GATHER_FIBER_NONTRADABLE		
459	T5_SKILLBOOK_GATHER_FIBER_NONTRADABLE		
460	T6_SKILLBOOK_GATHER_FIBER_NONTRADABLE		
461	T7_SKILLBOOK_GATHER_FIBER_NONTRADABLE		
462	T8_SKILLBOOK_GATHER_FIBER_NONTRADABLE		
463	T4_SKILLBOOK_GATHER_HIDE	Adept Animal Skinner Tome	Tomo do Esfolador de Animais Adepto
464	T5_SKILLBOOK_GATHER_HIDE	Expert Animal Skinner Tome	Tomo do Esfolador de Animais Perito
465	T6_SKILLBOOK_GATHER_HIDE	Master Animal Skinner Tome	Tomo do Esfolador de Animais Mestre
466	T7_SKILLBOOK_GATHER_HIDE	Grandmaster Animal Skinner Tome	Tomo do Esfolador de Animais Grão-mestre
467	T8_SKILLBOOK_GATHER_HIDE	Elder Animal Skinner Tome	Tomo do Esfolador de Animais Ancião
468	T4_SKILLBOOK_GATHER_HIDE_NONTRADABLE		
469	T5_SKILLBOOK_GATHER_HIDE_NONTRADABLE		
470	T6_SKILLBOOK_GATHER_HIDE_NONTRADABLE		
471	T7_SKILLBOOK_GATHER_HIDE_NONTRADABLE		
472	T8_SKILLBOOK_GATHER_HIDE_NONTRADABLE		
473	T4_SKILLBOOK_GATHER_ORE	Adept Ore Miner Tome	Tomo do Minerador Adepto
474	T5_SKILLBOOK_GATHER_ORE	Expert Ore Miner Tome	Tomo do Minerador Perito
475	T6_SKILLBOOK_GATHER_ORE	Master Ore Miner Tome	Tomo do Minerador Mestre
476	T7_SKILLBOOK_GATHER_ORE	Grandmaster Ore Miner Tome	Tomo do Minerador Grão-mestre
477	T8_SKILLBOOK_GATHER_ORE	Elder Ore Miner Tome	Tomo do Minerador Ancião
478	T4_SKILLBOOK_GATHER_ORE_NONTRADABLE		
479	T5_SKILLBOOK_GATHER_ORE_NONTRADABLE		
480	T6_SKILLBOOK_GATHER_ORE_NONTRADABLE		
481	T7_SKILLBOOK_GATHER_ORE_NONTRADABLE		
482	T8_SKILLBOOK_GATHER_ORE_NONTRADABLE		
483	T4_SKILLBOOK_GATHER_ROCK	Adept Quarrier Tome	Tomo do Cavouqueiro Adepto
484	T5_SKILLBOOK_GATHER_ROCK	Expert Quarrier Tome	Tomo do Cavouqueiro Perito
485	T6_SKILLBOOK_GATHER_ROCK	Master Quarrier Tome	Tomo do Cavouqueiro Mestre
486	T7_SKILLBOOK_GATHER_ROCK	Grandmaster Quarrier Tome	Tomo do Cavouqueiro Grão-mestre
487	T8_SKILLBOOK_GATHER_ROCK	Elder Quarrier Tome	Tomo do Cavouqueiro Ancião
488	T4_SKILLBOOK_GATHER_ROCK_NONTRADABLE		
489	T5_SKILLBOOK_GATHER_ROCK_NONTRADABLE		
490	T6_SKILLBOOK_GATHER_ROCK_NONTRADABLE		
491	T7_SKILLBOOK_GATHER_ROCK_NONTRADABLE		
492	T8_SKILLBOOK_GATHER_ROCK_NONTRADABLE		
493	T4_SKILLBOOK_GATHER_WOOD	Adept Lumberjack Tome	Tomo do Lenhador Adepto
494	T5_SKILLBOOK_GATHER_WOOD	Expert Lumberjack Tome	Tomo do Lenhador Perito
495	T6_SKILLBOOK_GATHER_WOOD	Master Lumberjack Tome	Tomo do Lenhador Mestre
496	T7_SKILLBOOK_GATHER_WOOD	Grandmaster Lumberjack Tome	Tomo do Lenhador Grão-mestre
497	T8_SKILLBOOK_GATHER_WOOD	Elder Lumberjack Tome	Tomo do Lenhador Ancião
498	T4_SKILLBOOK_GATHER_WOOD_NONTRADABLE		
499	T5_SKILLBOOK_GATHER_WOOD_NONTRADABLE		
500	T6_SKILLBOOK_GATHER_WOOD_NONTRADABLE		
501	T7_SKILLBOOK_GATHER_WOOD_NONTRADABLE		
502	T8_SKILLBOOK_GATHER_WOOD_NONTRADABLE		
503	T4_SKILLBOOK_STANDARD	Adept's Tome of Insight	Tomo da Visão do Adepto
504	T1_SKILLBOOK_NONTRADABLE	Beginner's Tome of Insight	Tomo da Visão do Calouro
505	T2_SKILLBOOK_NONTRADABLE	Novice's Tome of Insight	Tomo da Visão do Novato
506	T3_SKILLBOOK_NONTRADABLE	Journeyman's Tome of Insight	Tomo da Visão do Iniciante
507	T4_SKILLBOOK_NONTRADABLE	Adept's Tome of Insight	Tomo da Visão do Adepto
508	T5_SKILLBOOK_NONTRADABLE	Expert's Tome of Insight	Tomo da Visão do Perito
509	T6_SKILLBOOK_NONTRADABLE	Master's Tome of Insight	Tomo da Visão do Mestre
510	T7_SKILLBOOK_NONTRADABLE	Grandmaster's Tome of Insight	Tomo da Visão do Grão-mestre
511	T8_SKILLBOOK_NONTRADABLE	Elder's Tome of Insight	Tomo da Visão do Ancião
512	T8_CONSUMABLE_SPECIAL_NONTRADABLE@1		
513	T1_LEARNINGPOINTS_NONTRADABLE	Beginner's Tome of Learning	Tomo de Aprendizagem do Calouro
514	T2_LEARNINGPOINTS_NONTRADABLE	Novice's Tome of Learning	Tomo de Aprendizagem do Novato
515	T3_LEARNINGPOINTS_NONTRADABLE	Journeyman's Tome of Learning	Tomo de Aprendizagem do Iniciante
516	T4_LEARNINGPOINTS_NONTRADABLE	Adept's Tome of Learning	Tomo de Aprendizagem do Adepto
517	T5_LEARNINGPOINTS_NONTRADABLE	Expert's Tome of Learning	Tomo de Aprendizagem do Perito
518	T6_LEARNINGPOINTS_NONTRADABLE	Master's Tome of Learning	Tomo de Aprendizagem do Mestre
519	T7_LEARNINGPOINTS_NONTRADABLE	Grandmaster's Tome of Learning	Tomo de Aprendizagem do Grão-mestre
520	T8_LEARNINGPOINTS_NONTRADABLE	Elder's Tome of Learning	Tomo de Aprendizagem do Ancião
521	T3_PREMIUMITEM_3_NONTRADABLE	Three Days of Premium	Três dias de Premium.
522	T1_SILVERBAG_NONTRADABLE	Beginner's Bag of Silver	Sacola de Prata do Calouro
523	T2_SILVERBAG_NONTRADABLE	Novice's Bag of Silver	Sacola de Prata do Novato
524	T3_SILVERBAG_NONTRADABLE	Journeyman's Bag of Silver	Sacola de Prata do Iniciante
525	T4_SILVERBAG_NONTRADABLE	Adept's Bag of Silver	Sacola de Prata do Adepto
526	T5_SILVERBAG_NONTRADABLE	Expert's Bag of Silver	Sacola de Prata do Perito
527	T6_SILVERBAG_NONTRADABLE	Master's Bag of Silver	Sacola de Prata do Mestre
528	T7_SILVERBAG_NONTRADABLE	Grandmaster's Bag of Silver	Sacola de Prata do Grão-mestre
529	T8_SILVERBAG_NONTRADABLE	Elder's Bag of Silver	Sacola de Prata do Ancião
530	UNIQUE_FOCUSPOTION_TUTORIAL_01		
531	T3_FOCUSPOTION_NONTRADABLE	Journeyman's Focus Restoration Potion	Poção de Restauração de Foco do Iniciante
532	T4_FOCUSPOTION_NONTRADABLE	Adept's Focus Restoration Potion	Poção de Restauração de Foco do Adepto
533	T5_FOCUSPOTION_NONTRADABLE	Expert's Focus Restoration Potion	Poção de Restauração de Foco do Perito
534	T6_FOCUSPOTION_NONTRADABLE	Master's Focus Restoration Potion	Poção de Restauração de Foco do Mestre
535	UNIQUE_FOCUSPOTION_ADC_NONTRADABLE_01	Focus Restoration Potion	Poção de Restauração de Foco
536	T8_FOCUSPOTION_NONTRADABLE	Elder's Focus Restoration Potion	Poção de Restauração de Foco do Ancião
537	UNIQUE_FOCUSPOTION_ADC_GENERAL_01		
538	T2_POTION_HEAL	Minor Healing Potion	Poção de Cura Menor
539	T2_POTION_HEAL@1	Minor Healing Potion	Poção de Cura Menor
540	T2_POTION_HEAL@2	Minor Healing Potion	Poção de Cura Menor
541	T2_POTION_HEAL@3	Minor Healing Potion	Poção de Cura Menor
542	T4_POTION_HEAL	Healing Potion	Poção de Cura
543	T4_POTION_HEAL@1	Healing Potion	Poção de Cura
544	T4_POTION_HEAL@2	Healing Potion	Poção de Cura
545	T4_POTION_HEAL@3	Healing Potion	Poção de Cura
546	T6_POTION_HEAL	Major Healing Potion	Poção de Cura Maior
547	T6_POTION_HEAL@1	Major Healing Potion	Poção de Cura Maior
548	T6_POTION_HEAL@2	Major Healing Potion	Poção de Cura Maior
549	T6_POTION_HEAL@3	Major Healing Potion	Poção de Cura Maior
550	T2_POTION_ENERGY	Minor Energy Potion	Poção de Energia Menor
551	T2_POTION_ENERGY@1	Minor Energy Potion	Poção de Energia Menor
552	T2_POTION_ENERGY@2	Minor Energy Potion	Poção de Energia Menor
553	T2_POTION_ENERGY@3	Minor Energy Potion	Poção de Energia Menor
554	T4_POTION_ENERGY	Energy Potion	Poção de Energia
555	T4_POTION_ENERGY@1	Energy Potion	Poção de Energia
556	T4_POTION_ENERGY@2	Energy Potion	Poção de Energia
557	T4_POTION_ENERGY@3	Energy Potion	Poção de Energia
558	T6_POTION_ENERGY	Major Energy Potion	Poção de Energia Maior
559	T6_POTION_ENERGY@1	Major Energy Potion	Poção de Energia Maior
560	T6_POTION_ENERGY@2	Major Energy Potion	Poção de Energia Maior
561	T6_POTION_ENERGY@3	Major Energy Potion	Poção de Energia Maior
562	T3_POTION_REVIVE	Minor Gigantify Potion	Poção de Crescimento Menor
563	T3_POTION_REVIVE@1	Minor Gigantify Potion	Poção de Crescimento Menor
564	T3_POTION_REVIVE@2	Minor Gigantify Potion	Poção de Crescimento Menor
565	T3_POTION_REVIVE@3	Minor Gigantify Potion	Poção de Crescimento Menor
566	T5_POTION_REVIVE	Gigantify Potion	Poção de Crescimento
567	T5_POTION_REVIVE@1	Gigantify Potion	Poção de Crescimento
568	T5_POTION_REVIVE@2	Gigantify Potion	Poção de Crescimento
569	T5_POTION_REVIVE@3	Gigantify Potion	Poção de Crescimento
570	T7_POTION_REVIVE	Major Gigantify Potion	Poção de Crescimento Maior
571	T7_POTION_REVIVE@1	Major Gigantify Potion	Poção de Crescimento Maior
572	T7_POTION_REVIVE@2	Major Gigantify Potion	Poção de Crescimento Maior
573	T7_POTION_REVIVE@3	Major Gigantify Potion	Poção de Crescimento Maior
574	T3_POTION_STONESKIN	Minor Resistance Potion	Poção de Resistência Menor
575	T3_POTION_STONESKIN@1	Minor Resistance Potion	Poção de Resistência Menor
576	T3_POTION_STONESKIN@2	Minor Resistance Potion	Poção de Resistência Menor
577	T3_POTION_STONESKIN@3	Minor Resistance Potion	Poção de Resistência Menor
578	T5_POTION_STONESKIN	Resistance Potion	Poção de Resistência
579	T5_POTION_STONESKIN@1	Resistance Potion	Poção de Resistência
580	T5_POTION_STONESKIN@2	Resistance Potion	Poção de Resistência
581	T5_POTION_STONESKIN@3	Resistance Potion	Poção de Resistência
582	T7_POTION_STONESKIN	Major Resistance Potion	Poção de Resistência Maior
583	T7_POTION_STONESKIN@1	Major Resistance Potion	Poção de Resistência Maior
584	T7_POTION_STONESKIN@2	Major Resistance Potion	Poção de Resistência Maior
585	T7_POTION_STONESKIN@3	Major Resistance Potion	Poção de Resistência Maior
586	T3_POTION_SLOWFIELD	Minor Sticky Potion	Poção Pegajosa Menor
587	T3_POTION_SLOWFIELD@1	Minor Sticky Potion	Poção Pegajosa Menor
588	T3_POTION_SLOWFIELD@2	Minor Sticky Potion	Poção Pegajosa Menor
589	T3_POTION_SLOWFIELD@3	Minor Sticky Potion	Poção Pegajosa Menor
590	T5_POTION_SLOWFIELD	Sticky Potion	Poção Pegajosa
591	T5_POTION_SLOWFIELD@1	Sticky Potion	Poção Pegajosa
592	T5_POTION_SLOWFIELD@2	Sticky Potion	Poção Pegajosa
593	T5_POTION_SLOWFIELD@3	Sticky Potion	Poção Pegajosa
594	T7_POTION_SLOWFIELD	Major Sticky Potion	Poção Pegajosa Maior
595	T7_POTION_SLOWFIELD@1	Major Sticky Potion	Poção Pegajosa Maior
596	T7_POTION_SLOWFIELD@2	Major Sticky Potion	Poção Pegajosa Maior
597	T7_POTION_SLOWFIELD@3	Major Sticky Potion	Poção Pegajosa Maior
598	T4_POTION_COOLDOWN	Minor Poison Potion	Poção Venenosa Menor
599	T4_POTION_COOLDOWN@1	Minor Poison Potion	Poção Venenosa Menor
600	T4_POTION_COOLDOWN@2	Minor Poison Potion	Poção Venenosa Menor
601	T4_POTION_COOLDOWN@3	Minor Poison Potion	Poção Venenosa Menor
602	T6_POTION_COOLDOWN	Poison Potion	Poção Venenosa
603	T6_POTION_COOLDOWN@1	Poison Potion	Poção Venenosa
604	T6_POTION_COOLDOWN@2	Poison Potion	Poção Venenosa
605	T6_POTION_COOLDOWN@3	Poison Potion	Poção Venenosa
606	T8_POTION_COOLDOWN	Major Poison Potion	Poção Venenosa Maior
607	T8_POTION_COOLDOWN@1	Major Poison Potion	Poção Venenosa Maior
608	T8_POTION_COOLDOWN@2	Major Poison Potion	Poção Venenosa Maior
609	T8_POTION_COOLDOWN@3	Major Poison Potion	Poção Venenosa Maior
610	T8_POTION_CLEANSE	Invisibility Potion	Poção de Invisibilidade
611	T8_POTION_CLEANSE@1	Invisibility Potion	Poção de Invisibilidade
612	T8_POTION_CLEANSE@2	Invisibility Potion	Poção de Invisibilidade
613	T8_POTION_CLEANSE@3	Invisibility Potion	Poção de Invisibilidade
614	T3_POTION_MOB_RESET	Minor Calming Potion	Poção Calmante Menor
615	T3_POTION_MOB_RESET@1	Minor Calming Potion	Poção Calmante Menor
616	T3_POTION_MOB_RESET@2	Minor Calming Potion	Poção Calmante Menor
617	T3_POTION_MOB_RESET@3	Minor Calming Potion	Poção Calmante Menor
618	T5_POTION_MOB_RESET	Calming Potion	Poção Calmante
619	T5_POTION_MOB_RESET@1	Calming Potion	Poção Calmante
620	T5_POTION_MOB_RESET@2	Calming Potion	Poção Calmante
621	T5_POTION_MOB_RESET@3	Calming Potion	Poção Calmante
622	T7_POTION_MOB_RESET	Major Calming Potion	Poção Calmante Maior
623	T7_POTION_MOB_RESET@1	Major Calming Potion	Poção Calmante Maior
624	T7_POTION_MOB_RESET@2	Major Calming Potion	Poção Calmante Maior
625	T7_POTION_MOB_RESET@3	Major Calming Potion	Poção Calmante Maior
626	T3_POTION_CLEANSE2	Minor Cleansing Potion	Poção Purificadora Menor
627	T3_POTION_CLEANSE2@1	Minor Cleansing Potion	Poção Purificadora Menor
628	T3_POTION_CLEANSE2@2	Minor Cleansing Potion	Poção Purificadora Menor
629	T3_POTION_CLEANSE2@3	Minor Cleansing Potion	Poção Purificadora Menor
630	T5_POTION_CLEANSE2	Cleansing Potion	Poção Purificadora
631	T5_POTION_CLEANSE2@1	Cleansing Potion	Poção Purificadora
632	T5_POTION_CLEANSE2@2	Cleansing Potion	Poção Purificadora
633	T5_POTION_CLEANSE2@3	Cleansing Potion	Poção Purificadora
634	T7_POTION_CLEANSE2	Major Cleansing Potion	Poção Purificadora Maior
635	T7_POTION_CLEANSE2@1	Major Cleansing Potion	Poção Purificadora Maior
636	T7_POTION_CLEANSE2@2	Major Cleansing Potion	Poção Purificadora Maior
637	T7_POTION_CLEANSE2@3	Major Cleansing Potion	Poção Purificadora Maior
638	T3_POTION_ACID	Minor Acid Potion	Poção Ácida Menor
639	T3_POTION_ACID@1	Minor Acid Potion	Poção Ácida Menor
640	T3_POTION_ACID@2	Minor Acid Potion	Poção Ácida Menor
641	T3_POTION_ACID@3	Minor Acid Potion	Poção Ácida Menor
642	T5_POTION_ACID	Acid Potion	Poção Ácida
643	T5_POTION_ACID@1	Acid Potion	Poção Ácida
644	T5_POTION_ACID@2	Acid Potion	Poção Ácida
645	T5_POTION_ACID@3	Acid Potion	Poção Ácida
646	T7_POTION_ACID	Major Acid Potion	Poção Ácida Maior
647	T7_POTION_ACID@1	Major Acid Potion	Poção Ácida Maior
648	T7_POTION_ACID@2	Major Acid Potion	Poção Ácida Maior
649	T7_POTION_ACID@3	Major Acid Potion	Poção Ácida Maior
650	T4_POTION_BERSERK	Minor Berserk Potion	Poção de Fúria Menor
651	T4_POTION_BERSERK@1	Minor Berserk Potion	Poção de Fúria Menor
652	T4_POTION_BERSERK@2	Minor Berserk Potion	Poção de Fúria Menor
653	T4_POTION_BERSERK@3	Minor Berserk Potion	Poção de Fúria Menor
654	T6_POTION_BERSERK	Berserk Potion	Poção de Fúria
655	T6_POTION_BERSERK@1	Berserk Potion	Poção de Fúria
656	T6_POTION_BERSERK@2	Berserk Potion	Poção de Fúria
657	T6_POTION_BERSERK@3	Berserk Potion	Poção de Fúria
658	T8_POTION_BERSERK	Major Berserk Potion	Poção de Fúria Maior
659	T8_POTION_BERSERK@1	Major Berserk Potion	Poção de Fúria Maior
660	T8_POTION_BERSERK@2	Major Berserk Potion	Poção de Fúria Maior
661	T8_POTION_BERSERK@3	Major Berserk Potion	Poção de Fúria Maior
662	T4_POTION_LAVA	Minor Hellfire Potion	Poção Infernal Menor
663	T4_POTION_LAVA@1	Minor Hellfire Potion	Poção Infernal Menor
664	T4_POTION_LAVA@2	Minor Hellfire Potion	Poção Infernal Menor
665	T4_POTION_LAVA@3	Minor Hellfire Potion	Poção Infernal Menor
666	T6_POTION_LAVA	Hellfire Potion	Poção Infernal
667	T6_POTION_LAVA@1	Hellfire Potion	Poção Infernal
668	T6_POTION_LAVA@2	Hellfire Potion	Poção Infernal
669	T6_POTION_LAVA@3	Hellfire Potion	Poção Infernal
670	T8_POTION_LAVA	Major Hellfire Potion	Poção Infernal Maior
671	T8_POTION_LAVA@1	Major Hellfire Potion	Poção Infernal Maior
672	T8_POTION_LAVA@2	Major Hellfire Potion	Poção Infernal Maior
673	T8_POTION_LAVA@3	Major Hellfire Potion	Poção Infernal Maior
674	T4_POTION_GATHER	Minor Gathering Potion	Poção de Coleta Menor
675	T4_POTION_GATHER@1	Minor Gathering Potion	Poção de Coleta Menor
676	T4_POTION_GATHER@2	Minor Gathering Potion	Poção de Coleta Menor
677	T4_POTION_GATHER@3	Minor Gathering Potion	Poção de Coleta Menor
678	T6_POTION_GATHER	Gathering Potion	Poção de Coleta
679	T6_POTION_GATHER@1	Gathering Potion	Poção de Coleta
680	T6_POTION_GATHER@2	Gathering Potion	Poção de Coleta
681	T6_POTION_GATHER@3	Gathering Potion	Poção de Coleta
682	T8_POTION_GATHER	Major Gathering Potion	Poção de Coleta Maior
683	T8_POTION_GATHER@1	Major Gathering Potion	Poção de Coleta Maior
684	T8_POTION_GATHER@2	Major Gathering Potion	Poção de Coleta Maior
685	T8_POTION_GATHER@3	Major Gathering Potion	Poção de Coleta Maior
686	T4_POTION_TORNADO	Minor Tornado in a Bottle	Tornado Engarrafado Menor
687	T4_POTION_TORNADO@1	Minor Tornado in a Bottle	Tornado Engarrafado Menor
688	T4_POTION_TORNADO@2	Minor Tornado in a Bottle	Tornado Engarrafado Menor
689	T4_POTION_TORNADO@3	Minor Tornado in a Bottle	Tornado Engarrafado Menor
690	T6_POTION_TORNADO	Tornado in a Bottle	Tornado Engarrafado
691	T6_POTION_TORNADO@1	Tornado in a Bottle	Tornado Engarrafado
692	T6_POTION_TORNADO@2	Tornado in a Bottle	Tornado Engarrafado
693	T6_POTION_TORNADO@3	Tornado in a Bottle	Tornado Engarrafado
694	T8_POTION_TORNADO	Major Tornado in a Bottle	Tornado Engarrafado Maior
695	T8_POTION_TORNADO@1	Major Tornado in a Bottle	Tornado Engarrafado Maior
696	T8_POTION_TORNADO@2	Major Tornado in a Bottle	Tornado Engarrafado Maior
697	T8_POTION_TORNADO@3	Major Tornado in a Bottle	Tornado Engarrafado Maior
698	T4_POTION_LIFEWARD	Minor Lifeward Potion	Poção Salva-vidas Menor
699	T4_POTION_LIFEWARD@1	Minor Lifeward Potion	Poção Salva-vidas Menor
700	T4_POTION_LIFEWARD@2	Minor Lifeward Potion	Poção Salva-vidas Menor
701	T4_POTION_LIFEWARD@3	Minor Lifeward Potion	Poção Salva-vidas Menor
702	T6_POTION_LIFEWARD	Lifeward Potion	Poção Salva-vidas
703	T6_POTION_LIFEWARD@1	Lifeward Potion	Poção Salva-vidas
704	T6_POTION_LIFEWARD@2	Lifeward Potion	Poção Salva-vidas
705	T6_POTION_LIFEWARD@3	Lifeward Potion	Poção Salva-vidas
706	T8_POTION_LIFEWARD	Major Lifeward Potion	Poção Salva-vidas Maior
707	T8_POTION_LIFEWARD@1	Major Lifeward Potion	Poção Salva-vidas Maior
708	T8_POTION_LIFEWARD@2	Major Lifeward Potion	Poção Salva-vidas Maior
709	T8_POTION_LIFEWARD@3	Major Lifeward Potion	Poção Salva-vidas Maior
710	T1_WORM	Earthworm	Minhoca
711	T1_FISHINGBAIT	Simple Fish Bait	Isca de Peixe Simples
712	T3_FISHINGBAIT	Fancy Fish Bait	Isca de Peixe Extravagante
713	T5_FISHINGBAIT	Special Fish Bait	Isca de Peixe Especial
714	T1_MEAL_GRILLEDFISH	Grilled Fish	Peixe Grelhado
715	T1_MEAL_SEAWEEDSALAD	Seaweed Salad	Salada de Algas
716	T1_MEAL_SOUP	Carrot Soup	Sopa de Cenoura
717	T1_MEAL_SOUP@1	Carrot Soup	Sopa de Cenoura
718	T1_MEAL_SOUP@2	Carrot Soup	Sopa de Cenoura
719	T1_MEAL_SOUP@3	Carrot Soup	Sopa de Cenoura
720	T3_MEAL_SOUP	Wheat Soup	Sopa de Trigo
721	T3_MEAL_SOUP@1	Wheat Soup	Sopa de Trigo
722	T3_MEAL_SOUP@2	Wheat Soup	Sopa de Trigo
723	T3_MEAL_SOUP@3	Wheat Soup	Sopa de Trigo
724	T5_MEAL_SOUP	Cabbage Soup	Sopa de Repolho
725	T5_MEAL_SOUP@1	Cabbage Soup	Sopa de Repolho
726	T5_MEAL_SOUP@2	Cabbage Soup	Sopa de Repolho
727	T5_MEAL_SOUP@3	Cabbage Soup	Sopa de Repolho
728	T1_MEAL_SOUP_FISH	Greenmoor Clam Soup	Sopa de Mexilhão Esverdeado
729	T1_MEAL_SOUP_FISH@1	Greenmoor Clam Soup	Sopa de Mexilhão Esverdeado
730	T1_MEAL_SOUP_FISH@2	Greenmoor Clam Soup	Sopa de Mexilhão Esverdeado
731	T1_MEAL_SOUP_FISH@3	Greenmoor Clam Soup	Sopa de Mexilhão Esverdeado
732	T3_MEAL_SOUP_FISH	Murkwater Clam Soup	Sopa de Mexilhão de Águas turvas
733	T3_MEAL_SOUP_FISH@1	Murkwater Clam Soup	Sopa de Mexilhão de Águas turvas
734	T3_MEAL_SOUP_FISH@2	Murkwater Clam Soup	Sopa de Mexilhão de Águas turvas
735	T3_MEAL_SOUP_FISH@3	Murkwater Clam Soup	Sopa de Mexilhão de Águas turvas
736	T5_MEAL_SOUP_FISH	Blackbog Clam Soup	Sopa de Mexilhão do Brejo
737	T5_MEAL_SOUP_FISH@1	Blackbog Clam Soup	Sopa de Mexilhão do Brejo
738	T5_MEAL_SOUP_FISH@2	Blackbog Clam Soup	Sopa de Mexilhão do Brejo
739	T5_MEAL_SOUP_FISH@3	Blackbog Clam Soup	Sopa de Mexilhão do Brejo
740	T2_MEAL_SALAD	Bean Salad	Salada de Feijão
741	T2_MEAL_SALAD@1	Bean Salad	Salada de Feijão
742	T2_MEAL_SALAD@2	Bean Salad	Salada de Feijão
743	T2_MEAL_SALAD@3	Bean Salad	Salada de Feijão
744	T4_MEAL_SALAD	Turnip Salad	Salada de Nabo
745	T4_MEAL_SALAD@1	Turnip Salad	Salada de Nabo
746	T4_MEAL_SALAD@2	Turnip Salad	Salada de Nabo
747	T4_MEAL_SALAD@3	Turnip Salad	Salada de Nabo
748	T6_MEAL_SALAD	Potato Salad	Salada de Batata
749	T6_MEAL_SALAD@1	Potato Salad	Salada de Batata
750	T6_MEAL_SALAD@2	Potato Salad	Salada de Batata
751	T6_MEAL_SALAD@3	Potato Salad	Salada de Batata
752	T2_MEAL_SALAD_FISH	Shallowshore Squid Salad	Salada de Lula das Águas rasas
753	T2_MEAL_SALAD_FISH@1	Shallowshore Squid Salad	Salada de Lula das Águas rasas
754	T2_MEAL_SALAD_FISH@2	Shallowshore Squid Salad	Salada de Lula das Águas rasas
755	T2_MEAL_SALAD_FISH@3	Shallowshore Squid Salad	Salada de Lula das Águas rasas
756	T4_MEAL_SALAD_FISH	Midwater Octopus Salad	Salada de Polvo das Águas médias
757	T4_MEAL_SALAD_FISH@1	Midwater Octopus Salad	Salada de Polvo das Águas médias
758	T4_MEAL_SALAD_FISH@2	Midwater Octopus Salad	Salada de Polvo das Águas médias
759	T4_MEAL_SALAD_FISH@3	Midwater Octopus Salad	Salada de Polvo das Águas médias
760	T6_MEAL_SALAD_FISH	Deepwater Kraken Salad	Salada de Kraken das Águas profundas
761	T6_MEAL_SALAD_FISH@1	Deepwater Kraken Salad	Salada de Kraken das Águas profundas
762	T6_MEAL_SALAD_FISH@2	Deepwater Kraken Salad	Salada de Kraken das Águas profundas
763	T6_MEAL_SALAD_FISH@3	Deepwater Kraken Salad	Salada de Kraken das Águas profundas
764	T3_MEAL_PIE	Chicken Pie	Torta de Galinha
765	T3_MEAL_PIE@1	Chicken Pie	Torta de Galinha
766	T3_MEAL_PIE@2	Chicken Pie	Torta de Galinha
767	T3_MEAL_PIE@3	Chicken Pie	Torta de Galinha
768	T5_MEAL_PIE	Goose Pie	Torta de Ganso
769	T5_MEAL_PIE@1	Goose Pie	Torta de Ganso
770	T5_MEAL_PIE@2	Goose Pie	Torta de Ganso
771	T5_MEAL_PIE@3	Goose Pie	Torta de Ganso
772	T7_MEAL_PIE	Pork Pie	Torta de Porco
773	T7_MEAL_PIE@1	Pork Pie	Torta de Porco
774	T7_MEAL_PIE@2	Pork Pie	Torta de Porco
775	T7_MEAL_PIE@3	Pork Pie	Torta de Porco
776	T3_MEAL_PIE_FISH	Upland Coldeye Pie	Torta de Olhofrio das Serras
777	T3_MEAL_PIE_FISH@1	Upland Coldeye Pie	Torta de Olhofrio das Serras
778	T3_MEAL_PIE_FISH@2	Upland Coldeye Pie	Torta de Olhofrio das Serras
779	T3_MEAL_PIE_FISH@3	Upland Coldeye Pie	Torta de Olhofrio das Serras
780	T5_MEAL_PIE_FISH	Mountain Blindeye Pie	Torta de Olhocego das Montanhas
781	T5_MEAL_PIE_FISH@1	Mountain Blindeye Pie	Torta de Olhocego das Montanhas
782	T5_MEAL_PIE_FISH@2	Mountain Blindeye Pie	Torta de Olhocego das Montanhas
783	T5_MEAL_PIE_FISH@3	Mountain Blindeye Pie	Torta de Olhocego das Montanhas
784	T7_MEAL_PIE_FISH	Frostpeak Deadeye Pie	Torta de Olhomorto dos Picos
785	T7_MEAL_PIE_FISH@1	Frostpeak Deadeye Pie	Torta de Olhomorto dos Picos
786	T7_MEAL_PIE_FISH@2	Frostpeak Deadeye Pie	Torta de Olhomorto dos Picos
787	T7_MEAL_PIE_FISH@3	Frostpeak Deadeye Pie	Torta de Olhomorto dos Picos
788	T3_MEAL_OMELETTE	Chicken Omelette	Omelete de Galinha
789	T3_MEAL_OMELETTE@1	Chicken Omelette	Omelete de Galinha
790	T3_MEAL_OMELETTE@2	Chicken Omelette	Omelete de Galinha
791	T3_MEAL_OMELETTE@3	Chicken Omelette	Omelete de Galinha
792	T5_MEAL_OMELETTE	Goose Omelette	Omelete de Ganso
793	T5_MEAL_OMELETTE@1	Goose Omelette	Omelete de Ganso
794	T5_MEAL_OMELETTE@2	Goose Omelette	Omelete de Ganso
795	T5_MEAL_OMELETTE@3	Goose Omelette	Omelete de Ganso
796	T7_MEAL_OMELETTE	Pork Omelette	Omelete de Porco
797	T7_MEAL_OMELETTE@1	Pork Omelette	Omelete de Porco
798	T7_MEAL_OMELETTE@2	Pork Omelette	Omelete de Porco
799	T7_MEAL_OMELETTE@3	Pork Omelette	Omelete de Porco
800	T3_MEAL_OMELETTE_FISH	Lowriver Crab Omelette	Omelete de Caranguejo do Rio-baixo
801	T3_MEAL_OMELETTE_FISH@1	Lowriver Crab Omelette	Omelete de Caranguejo do Rio-baixo
802	T3_MEAL_OMELETTE_FISH@2	Lowriver Crab Omelette	Omelete de Caranguejo do Rio-baixo
803	T3_MEAL_OMELETTE_FISH@3	Lowriver Crab Omelette	Omelete de Caranguejo do Rio-baixo
804	T5_MEAL_OMELETTE_FISH	Drybrook Crab Omelette	Omelete de Caranguejo de Riacho
805	T5_MEAL_OMELETTE_FISH@1	Drybrook Crab Omelette	Omelete de Caranguejo de Riacho
806	T5_MEAL_OMELETTE_FISH@2	Drybrook Crab Omelette	Omelete de Caranguejo de Riacho
807	T5_MEAL_OMELETTE_FISH@3	Drybrook Crab Omelette	Omelete de Caranguejo de Riacho
808	T7_MEAL_OMELETTE_FISH	Dusthole Crab Omelette	Omelete de Caranguejo de Poço
809	T7_MEAL_OMELETTE_FISH@1	Dusthole Crab Omelette	Omelete de Caranguejo de Poço
810	T7_MEAL_OMELETTE_FISH@2	Dusthole Crab Omelette	Omelete de Caranguejo de Poço
811	T7_MEAL_OMELETTE_FISH@3	Dusthole Crab Omelette	Omelete de Caranguejo de Poço
812	T3_MEAL_OMELETTE_AVALON	Avalonian Chicken Omelette	Omelete de Galinha Avaloniano
813	T3_MEAL_OMELETTE_AVALON@1	Avalonian Chicken Omelette	Omelete de Galinha Avaloniano
814	T3_MEAL_OMELETTE_AVALON@2	Avalonian Chicken Omelette	Omelete de Galinha Avaloniano
815	T3_MEAL_OMELETTE_AVALON@3	Avalonian Chicken Omelette	Omelete de Galinha Avaloniano
816	T5_MEAL_OMELETTE_AVALON	Avalonian Goose Omelette	Omelete de Ganso Avaloniano
817	T5_MEAL_OMELETTE_AVALON@1	Avalonian Goose Omelette	Omelete de Ganso Avaloniano
818	T5_MEAL_OMELETTE_AVALON@2	Avalonian Goose Omelette	Omelete de Ganso Avaloniano
819	T5_MEAL_OMELETTE_AVALON@3	Avalonian Goose Omelette	Omelete de Ganso Avaloniano
820	T7_MEAL_OMELETTE_AVALON	Avalonian Pork Omelette	Omelete de Porco Avaloniano
821	T7_MEAL_OMELETTE_AVALON@1	Avalonian Pork Omelette	Omelete de Porco Avaloniano
822	T7_MEAL_OMELETTE_AVALON@2	Avalonian Pork Omelette	Omelete de Porco Avaloniano
823	T7_MEAL_OMELETTE_AVALON@3	Avalonian Pork Omelette	Omelete de Porco Avaloniano
824	T3_MEAL_OMELETTE_DRAGONAREA	Carefree Leyfin Omelette	Omelete de Leybatana Mansa
825	T3_MEAL_OMELETTE_DRAGONAREA@1	Carefree Leyfin Omelette	Omelete de Leybatana Mansa
826	T3_MEAL_OMELETTE_DRAGONAREA@2	Carefree Leyfin Omelette	Omelete de Leybatana Mansa
827	T3_MEAL_OMELETTE_DRAGONAREA@3	Carefree Leyfin Omelette	Omelete de Leybatana Mansa
828	T5_MEAL_OMELETTE_DRAGONAREA	Brightsoul Leyfin Omelette	Omelete de Leybatana Radiante
829	T5_MEAL_OMELETTE_DRAGONAREA@1	Brightsoul Leyfin Omelette	Omelete de Leybatana Radiante
830	T5_MEAL_OMELETTE_DRAGONAREA@2	Brightsoul Leyfin Omelette	Omelete de Leybatana Radiante
831	T5_MEAL_OMELETTE_DRAGONAREA@3	Brightsoul Leyfin Omelette	Omelete de Leybatana Radiante
832	T7_MEAL_OMELETTE_DRAGONAREA	Dragonbound Leyfin Omelette	Omelete de Leybatana Dracônica
833	T7_MEAL_OMELETTE_DRAGONAREA@1	Dragonbound Leyfin Omelette	Omelete de Leybatana Dracônica
834	T7_MEAL_OMELETTE_DRAGONAREA@2	Dragonbound Leyfin Omelette	Omelete de Leybatana Dracônica
835	T7_MEAL_OMELETTE_DRAGONAREA@3	Dragonbound Leyfin Omelette	Omelete de Leybatana Dracônica
836	T4_MEAL_STEW	Goat Stew	Guisado de Cabra
837	T4_MEAL_STEW@1	Goat Stew	Guisado de Cabra
838	T4_MEAL_STEW@2	Goat Stew	Guisado de Cabra
839	T4_MEAL_STEW@3	Goat Stew	Guisado de Cabra
840	T6_MEAL_STEW	Mutton Stew	Guisado de Carneiro
841	T6_MEAL_STEW@1	Mutton Stew	Guisado de Carneiro
842	T6_MEAL_STEW@2	Mutton Stew	Guisado de Carneiro
843	T6_MEAL_STEW@3	Mutton Stew	Guisado de Carneiro
844	T8_MEAL_STEW	Beef Stew	Guisado de Carne
845	T8_MEAL_STEW@1	Beef Stew	Guisado de Carne
846	T8_MEAL_STEW@2	Beef Stew	Guisado de Carne
847	T8_MEAL_STEW@3	Beef Stew	Guisado de Carne
848	T4_MEAL_STEW_FISH	Greenriver Eel Stew	Guisado de Enguia Esverdeada
849	T4_MEAL_STEW_FISH@1	Greenriver Eel Stew	Guisado de Enguia Esverdeada
850	T4_MEAL_STEW_FISH@2	Greenriver Eel Stew	Guisado de Enguia Esverdeada
851	T4_MEAL_STEW_FISH@3	Greenriver Eel Stew	Guisado de Enguia Esverdeada
852	T6_MEAL_STEW_FISH	Redspring Eel Stew	Guisado de Enguia Avermelhada
853	T6_MEAL_STEW_FISH@1	Redspring Eel Stew	Guisado de Enguia Avermelhada
854	T6_MEAL_STEW_FISH@2	Redspring Eel Stew	Guisado de Enguia Avermelhada
855	T6_MEAL_STEW_FISH@3	Redspring Eel Stew	Guisado de Enguia Avermelhada
856	T8_MEAL_STEW_FISH	Deadwater Eel Stew	Guisado de Enguia de Água-podre
857	T8_MEAL_STEW_FISH@1	Deadwater Eel Stew	Guisado de Enguia de Água-podre
858	T8_MEAL_STEW_FISH@2	Deadwater Eel Stew	Guisado de Enguia de Água-podre
859	T8_MEAL_STEW_FISH@3	Deadwater Eel Stew	Guisado de Enguia de Água-podre
860	T4_MEAL_STEW_AVALON	Avalonian Goat Stew	Guisado de Cabra Avaloniano
861	T4_MEAL_STEW_AVALON@1	Avalonian Goat Stew	Guisado de Cabra Avaloniano
862	T4_MEAL_STEW_AVALON@2	Avalonian Goat Stew	Guisado de Cabra Avaloniano
863	T4_MEAL_STEW_AVALON@3	Avalonian Goat Stew	Guisado de Cabra Avaloniano
864	T6_MEAL_STEW_AVALON	Avalonian Mutton Stew	Guisado de Carneiro Avaloniano
865	T6_MEAL_STEW_AVALON@1	Avalonian Mutton Stew	Guisado de Carneiro Avaloniano
866	T6_MEAL_STEW_AVALON@2	Avalonian Mutton Stew	Guisado de Carneiro Avaloniano
867	T6_MEAL_STEW_AVALON@3	Avalonian Mutton Stew	Guisado de Carneiro Avaloniano
868	T8_MEAL_STEW_AVALON	Avalonian Beef Stew	Guisado de Carne Avaloniano
869	T8_MEAL_STEW_AVALON@1	Avalonian Beef Stew	Guisado de Carne Avaloniano
870	T8_MEAL_STEW_AVALON@2	Avalonian Beef Stew	Guisado de Carne Avaloniano
871	T8_MEAL_STEW_AVALON@3	Avalonian Beef Stew	Guisado de Carne Avaloniano
872	T4_MEAL_SANDWICH	Goat Sandwich	Sanduíche de Cabra
873	T4_MEAL_SANDWICH@1	Goat Sandwich	Sanduíche de Cabra
874	T4_MEAL_SANDWICH@2	Goat Sandwich	Sanduíche de Cabra
875	T4_MEAL_SANDWICH@3	Goat Sandwich	Sanduíche de Cabra
876	T6_MEAL_SANDWICH	Mutton Sandwich	Sanduíche de Carneiro
877	T6_MEAL_SANDWICH@1	Mutton Sandwich	Sanduíche de Carneiro
878	T6_MEAL_SANDWICH@2	Mutton Sandwich	Sanduíche de Carneiro
879	T6_MEAL_SANDWICH@3	Mutton Sandwich	Sanduíche de Carneiro
880	T8_MEAL_SANDWICH	Beef Sandwich	Sanduíche de Carne
881	T8_MEAL_SANDWICH@1	Beef Sandwich	Sanduíche de Carne
882	T8_MEAL_SANDWICH@2	Beef Sandwich	Sanduíche de Carne
883	T8_MEAL_SANDWICH@3	Beef Sandwich	Sanduíche de Carne
884	T4_MEAL_SANDWICH_FISH	Stonestream Lurcher Sandwich	Sanduíche de Larápio de Pedregulho
885	T4_MEAL_SANDWICH_FISH@1	Stonestream Lurcher Sandwich	Sanduíche de Larápio de Pedregulho
886	T4_MEAL_SANDWICH_FISH@2	Stonestream Lurcher Sandwich	Sanduíche de Larápio de Pedregulho
887	T4_MEAL_SANDWICH_FISH@3	Stonestream Lurcher Sandwich	Sanduíche de Larápio de Pedregulho
888	T6_MEAL_SANDWICH_FISH	Rushwater Lurcher Sandwich	Sanduíche de Larápio de Água corrente
889	T6_MEAL_SANDWICH_FISH@1	Rushwater Lurcher Sandwich	Sanduíche de Larápio de Água corrente
890	T6_MEAL_SANDWICH_FISH@2	Rushwater Lurcher Sandwich	Sanduíche de Larápio de Água corrente
891	T6_MEAL_SANDWICH_FISH@3	Rushwater Lurcher Sandwich	Sanduíche de Larápio de Água corrente
892	T8_MEAL_SANDWICH_FISH	Thunderfall Lurcher Sandwich	Sanduíche de Larápio do Trovão
893	T8_MEAL_SANDWICH_FISH@1	Thunderfall Lurcher Sandwich	Sanduíche de Larápio do Trovão
894	T8_MEAL_SANDWICH_FISH@2	Thunderfall Lurcher Sandwich	Sanduíche de Larápio do Trovão
895	T8_MEAL_SANDWICH_FISH@3	Thunderfall Lurcher Sandwich	Sanduíche de Larápio do Trovão
896	T4_MEAL_SANDWICH_AVALON	Avalonian Goat Sandwich	Sanduíche de Cabra Avaloniano
897	T4_MEAL_SANDWICH_AVALON@1	Avalonian Goat Sandwich	Sanduíche de Cabra Avaloniano
898	T4_MEAL_SANDWICH_AVALON@2	Avalonian Goat Sandwich	Sanduíche de Cabra Avaloniano
899	T4_MEAL_SANDWICH_AVALON@3	Avalonian Goat Sandwich	Sanduíche de Cabra Avaloniano
900	T6_MEAL_SANDWICH_AVALON	Avalonian Mutton Sandwich	Sanduíche de Carneiro Avaloniano
901	T6_MEAL_SANDWICH_AVALON@1	Avalonian Mutton Sandwich	Sanduíche de Carneiro Avaloniano
902	T6_MEAL_SANDWICH_AVALON@2	Avalonian Mutton Sandwich	Sanduíche de Carneiro Avaloniano
903	T6_MEAL_SANDWICH_AVALON@3	Avalonian Mutton Sandwich	Sanduíche de Carneiro Avaloniano
904	T8_MEAL_SANDWICH_AVALON	Avalonian Beef Sandwich	Sanduíche de Carne Avaloniano
905	T8_MEAL_SANDWICH_AVALON@1	Avalonian Beef Sandwich	Sanduíche de Carne Avaloniano
906	T8_MEAL_SANDWICH_AVALON@2	Avalonian Beef Sandwich	Sanduíche de Carne Avaloniano
907	T8_MEAL_SANDWICH_AVALON@3	Avalonian Beef Sandwich	Sanduíche de Carne Avaloniano
908	T3_MEAL_ROAST	Roast Chicken	Frango Assado
909	T3_MEAL_ROAST@1	Roast Chicken	Frango Assado
910	T3_MEAL_ROAST@2	Roast Chicken	Frango Assado
911	T3_MEAL_ROAST@3	Roast Chicken	Frango Assado
912	T5_MEAL_ROAST	Roast Goose	Ganso Assado
913	T5_MEAL_ROAST@1	Roast Goose	Ganso Assado
914	T5_MEAL_ROAST@2	Roast Goose	Ganso Assado
915	T5_MEAL_ROAST@3	Roast Goose	Ganso Assado
916	T7_MEAL_ROAST	Roast Pork	Porco Assado
917	T7_MEAL_ROAST@1	Roast Pork	Porco Assado
918	T7_MEAL_ROAST@2	Roast Pork	Porco Assado
919	T7_MEAL_ROAST@3	Roast Pork	Porco Assado
920	T3_MEAL_ROAST_FISH	Roasted Whitefog Snapper	Pargo Bruma-branca Assado
921	T3_MEAL_ROAST_FISH@1	Roasted Whitefog Snapper	Pargo Bruma-branca Assado
922	T3_MEAL_ROAST_FISH@2	Roasted Whitefog Snapper	Pargo Bruma-branca Assado
923	T3_MEAL_ROAST_FISH@3	Roasted Whitefog Snapper	Pargo Bruma-branca Assado
924	T5_MEAL_ROAST_FISH	Roasted Clearhaze Snapper	Pargo Névoa-clara Assado
925	T5_MEAL_ROAST_FISH@1	Roasted Clearhaze Snapper	Pargo Névoa-clara Assado
926	T5_MEAL_ROAST_FISH@2	Roasted Clearhaze Snapper	Pargo Névoa-clara Assado
927	T5_MEAL_ROAST_FISH@3	Roasted Clearhaze Snapper	Pargo Névoa-clara Assado
928	T7_MEAL_ROAST_FISH	Roasted Puremist Snapper	Pargo Neblina-pura Assado
929	T7_MEAL_ROAST_FISH@1	Roasted Puremist Snapper	Pargo Neblina-pura Assado
930	T7_MEAL_ROAST_FISH@2	Roasted Puremist Snapper	Pargo Neblina-pura Assado
931	T7_MEAL_ROAST_FISH@3	Roasted Puremist Snapper	Pargo Neblina-pura Assado
932	T8_MEAL_SPECIAL_FOOD_DRAKE_EGG	Drake Egg Biscuits	Biscoitos de Ovo de Draco
933	T3_MEAT	Raw Chicken	Galinha Crua
934	T4_MEAT	Raw Goat	Cabra Crua
935	T5_MEAT	Raw Goose	Ganso Cru
936	T6_MEAT	Raw Mutton	Carneiro Cru
937	T7_MEAT	Raw Pork	Porco Cru
938	T8_MEAT	Raw Beef	Carne Crua
939	T4_BUTTER	Goat's Butter	Manteiga de Cabra
940	T6_BUTTER	Sheep's Butter	Manteiga de Ovelha
941	T8_BUTTER	Cow's Butter	Manteiga de Vaca
942	T6_ALCOHOL	Potato Schnapps	Aguardente de Batata
943	T7_ALCOHOL	Corn Hooch	Carraspana de Milho
944	T8_ALCOHOL	Pumpkin Moonshine	Goró de Abóbora
945	T4_BREAD	Bread	Pão
946	T3_FLOUR	Flour	Farinha
947	T1_WOOD	Rough Logs	Troncos Brutos
948	T2_WOOD	Birch Logs	Troncos de Bétula
949	T3_WOOD	Chestnut Logs	Troncos de Castanheira
950	T4_WOOD	Pine Logs	Troncos de Pinho
951	T5_WOOD	Cedar Logs	Troncos de Cedro
952	T6_WOOD	Bloodoak Logs	Troncos de Carvalho-sangue
953	T7_WOOD	Ashenbark Logs	Troncos de Freixo
954	T8_WOOD	Whitewood Logs	Troncos de Pau-branco
955	T4_WOOD_LEVEL1@1	Uncommon Pine Logs	Troncos de Pinho Incomuns
956	T5_WOOD_LEVEL1@1	Uncommon Cedar Logs	Troncos de Cedro Incomuns
957	T6_WOOD_LEVEL1@1	Uncommon Bloodoak Logs	Troncos de Carvalho-sangue Incomuns
958	T7_WOOD_LEVEL1@1	Uncommon Ashenbark Logs	Troncos de Freixo Incomuns
959	T8_WOOD_LEVEL1@1	Uncommon Whitewood Logs	Troncos de Pau-branco Incomuns
960	T4_WOOD_LEVEL2@2	Rare Pine Logs	Troncos de Pinho Raros
961	T5_WOOD_LEVEL2@2	Rare Cedar Logs	Troncos de Cedro Raros
962	T6_WOOD_LEVEL2@2	Rare Bloodoak Logs	Troncos de Carvalho-sangue Raros
963	T7_WOOD_LEVEL2@2	Rare Ashenbark Logs	Troncos de Freixo Raros
964	T8_WOOD_LEVEL2@2	Rare Whitewood Logs	Troncos de Pau-branco Raros
965	T4_WOOD_LEVEL3@3	Exceptional Pine Logs	Troncos de Pinho Excepcionais
966	T5_WOOD_LEVEL3@3	Exceptional Cedar Logs	Troncos de Cedro Excepcionais
967	T6_WOOD_LEVEL3@3	Exceptional Bloodoak Logs	Troncos de Carvalho-sangue Excepcionais
968	T7_WOOD_LEVEL3@3	Exceptional Ashenbark Logs	Troncos de Freixo Excepcionais
969	T8_WOOD_LEVEL3@3	Exceptional Whitewood Logs	Troncos de Pau-branco Excepcionais
970	T4_WOOD_LEVEL4@4	Pristine Pine Logs	Troncos de Pinho Prístino
971	T5_WOOD_LEVEL4@4	Pristine Cedar Logs	Troncos de Cedro Prístinos
972	T6_WOOD_LEVEL4@4	Pristine Bloodoak Logs	Troncos de Carvalho-sangue Prístinos
973	T7_WOOD_LEVEL4@4	Pristine Ashenbark Logs	Troncos de Freixo Prístinos
974	T8_WOOD_LEVEL4@4	Pristine Whitewood Logs	Troncos de Pau-branco Prístinos
975	T1_ROCK	Rough Stone	Pedra Bruta
976	T2_ROCK	Limestone	Calcário
977	T3_ROCK	Sandstone	Arenito
978	T4_ROCK	Travertine	Travertino
979	T5_ROCK	Granite	Granito
980	T6_ROCK	Slate	Ardósia
981	T7_ROCK	Basalt	Basalto
982	T8_ROCK	Marble	Mármore
983	T4_ROCK_LEVEL1@1	Uncommon Travertine	Travertino Incomum
984	T5_ROCK_LEVEL1@1	Uncommon Granite	Granito Incomum
985	T6_ROCK_LEVEL1@1	Uncommon Slate	Ardósia Incomum
986	T7_ROCK_LEVEL1@1	Uncommon Basalt	Basalto Incomum
987	T8_ROCK_LEVEL1@1	Uncommon Marble	Mármore Incomum
988	T4_ROCK_LEVEL2@2	Rare Travertine	Travertino Raro
989	T5_ROCK_LEVEL2@2	Rare Granite	Granito Raro
990	T6_ROCK_LEVEL2@2	Rare Slate	Ardósia Rara
991	T7_ROCK_LEVEL2@2	Rare Basalt	Basalto Raro
992	T8_ROCK_LEVEL2@2	Rare Marble	Mármore Raro
993	T4_ROCK_LEVEL3@3	Exceptional Travertine	Travertino Excepcional
994	T5_ROCK_LEVEL3@3	Exceptional Granite	Granito Excepcional
995	T6_ROCK_LEVEL3@3	Exceptional Slate	Ardósia Excepcional
996	T7_ROCK_LEVEL3@3	Exceptional Basalt	Basalto Excepcional
997	T8_ROCK_LEVEL3@3	Exceptional Marble	Mármore Excepcional
998	T2_ORE	Copper Ore	Minério de Cobre
999	T3_ORE	Tin Ore	Minério de Estanho
1000	T4_ORE	Iron Ore	Minério de Ferro
1001	T5_ORE	Titanium Ore	Minério de Titânio
1002	T6_ORE	Runite Ore	Minério de Runita
1003	T7_ORE	Meteorite Ore	Minério de Meteorito
1004	T8_ORE	Adamantium Ore	Minério de Adamante
1005	T4_ORE_LEVEL1@1	Uncommon Iron Ore	Minério de Ferro Incomum
1006	T5_ORE_LEVEL1@1	Uncommon Titanium Ore	Minério de Titânio Incomum
1007	T6_ORE_LEVEL1@1	Uncommon Runite Ore	Minério de Runita Incomum
1008	T7_ORE_LEVEL1@1	Uncommon Meteorite Ore	Minério de Meteorito Incomum
1009	T8_ORE_LEVEL1@1	Uncommon Adamantium Ore	Minério de Adamante Incomum
1010	T4_ORE_LEVEL2@2	Rare Iron Ore	Minério de Ferro Raro
1011	T5_ORE_LEVEL2@2	Rare Titanium Ore	Minério de Titânio Raro
1012	T6_ORE_LEVEL2@2	Rare Runite Ore	Minério de Runita Raro
1013	T7_ORE_LEVEL2@2	Rare Meteorite Ore	Minério de Meteorito Raro
1014	T8_ORE_LEVEL2@2	Rare Adamantium Ore	Minério de Adamante Raro
1015	T4_ORE_LEVEL3@3	Exceptional Iron Ore	Minério de Ferro Excepcional
1016	T5_ORE_LEVEL3@3	Exceptional Titanium Ore	Minério de Titânio Excepcional
1017	T6_ORE_LEVEL3@3	Exceptional Runite Ore	Minério de Runita Excepcional
1018	T7_ORE_LEVEL3@3	Exceptional Meteorite Ore	Minério de Meteorito Excepcional
1019	T8_ORE_LEVEL3@3	Exceptional Adamantium Ore	Minério de Adamante Excepcional
1020	T4_ORE_LEVEL4@4	Pristine Iron Ore	Minério de Ferro Prístino
1021	T5_ORE_LEVEL4@4	Pristine Titanium Ore	Minério de Titânio Prístino
1022	T6_ORE_LEVEL4@4	Pristine Runite Ore	Minério de Runita Prístino
1023	T7_ORE_LEVEL4@4	Pristine Meteorite Ore	Minério de Meteorito Prístino
1024	T8_ORE_LEVEL4@4	Pristine Adamantium Ore	Minério de Adamante Prístino
1025	T1_HIDE	Scraps of Hide	Pelego Roto
1026	T2_HIDE	Rugged Hide	Pelego Rústico
1027	T3_HIDE	Thin Hide	Pelego Fino
1028	T4_HIDE	Medium Hide	Pelego Médio
1029	T5_HIDE	Heavy Hide	Pelego Pesado
1030	T6_HIDE	Robust Hide	Pelego Robusto
1031	T7_HIDE	Thick Hide	Pelego Grosso
1032	T8_HIDE	Resilient Hide	Pelego Resistente
1033	T4_HIDE_LEVEL1@1	Uncommon Medium Hide	Pelego Médio Incomum
1034	T5_HIDE_LEVEL1@1	Uncommon Heavy Hide	Pelego Pesado Incomum
1035	T6_HIDE_LEVEL1@1	Uncommon Robust Hide	Pelego Robusto Incomum
1036	T7_HIDE_LEVEL1@1	Uncommon Thick Hide	Pelego Grosso Incomum
1037	T8_HIDE_LEVEL1@1	Uncommon Resilient Hide	Pelego Resistente Incomum
1038	T4_HIDE_LEVEL2@2	Rare Medium Hide	Pelego Médio Raro
1039	T5_HIDE_LEVEL2@2	Rare Heavy Hide	Pelego Pesado Raro
1040	T6_HIDE_LEVEL2@2	Rare Robust Hide	Pelego Robusto Raro
1041	T7_HIDE_LEVEL2@2	Rare Thick Hide	Pelego Grosso Raro
1042	T8_HIDE_LEVEL2@2	Rare Resilient Hide	Pelego Resistente Raro
1043	T4_HIDE_LEVEL3@3	Exceptional Medium Hide	Pelego Médio Excepcional
1044	T5_HIDE_LEVEL3@3	Exceptional Heavy Hide	Pelego Pesado Excepcional
1045	T6_HIDE_LEVEL3@3	Exceptional Robust Hide	Pelego Robusto Excepcional
1046	T7_HIDE_LEVEL3@3	Exceptional Thick Hide	Pelego Grosso Excepcional
1047	T8_HIDE_LEVEL3@3	Exceptional Resilient Hide	Pelego Resistente Excepcional
1048	T4_HIDE_LEVEL4@4	Pristine Medium Hide	Pelego Médio Prístino
1049	T5_HIDE_LEVEL4@4	Pristine Heavy Hide	Pelego Pesado Prístino
1050	T6_HIDE_LEVEL4@4	Pristine Robust Hide	Pelego Robusto Prístino
1051	T7_HIDE_LEVEL4@4	Pristine Thick Hide	Pelego Grosso Prístino
1052	T8_HIDE_LEVEL4@4	Pristine Resilient Hide	Pelego Resistente Prístino
1053	T2_FIBER	Cotton	Algodão
1054	T3_FIBER	Flax	Linho
1055	T4_FIBER	Hemp	Cânhamo
1056	T5_FIBER	Skyflower	Verbena
1057	T6_FIBER	Amberleaf Cotton	Algodão-dourado
1058	T7_FIBER	Sunflax	Linhossol
1059	T8_FIBER	Ghost Hemp	Cânhamo-fantasma
1060	T4_FIBER_LEVEL1@1	Uncommon Hemp	Cânhamo Incomum
1061	T5_FIBER_LEVEL1@1	Uncommon Skyflower	Verbena Incomum
1062	T6_FIBER_LEVEL1@1	Uncommon Amberleaf Cotton	Algodão-dourado Incomum
1063	T7_FIBER_LEVEL1@1	Uncommon Sunflax	Linhossol Incomum
1064	T8_FIBER_LEVEL1@1	Uncommon Ghost Hemp	Cânhamo-fantasma Incomum
1065	T4_FIBER_LEVEL2@2	Rare Hemp	Cânhamo Raro
1066	T5_FIBER_LEVEL2@2	Rare Skyflower	Verbena Rara
1067	T6_FIBER_LEVEL2@2	Rare Amberleaf Cotton	Algodão-dourado Raro
1068	T7_FIBER_LEVEL2@2	Rare Sunflax	Linhossol Raro
1069	T8_FIBER_LEVEL2@2	Rare Ghost Hemp	Cânhamo-fantasma Raro
1070	T4_FIBER_LEVEL3@3	Exceptional Hemp	Cânhamo Excepcional
1071	T5_FIBER_LEVEL3@3	Exceptional Skyflower	Verbena Excepcional
1072	T6_FIBER_LEVEL3@3	Exceptional Amberleaf Cotton	Algodão-dourado Excepcional
1073	T7_FIBER_LEVEL3@3	Exceptional Sunflax	Linhossol Excepcional
1074	T8_FIBER_LEVEL3@3	Exceptional Ghost Hemp	Cânhamo-fantasma Excepcional
1075	T4_FIBER_LEVEL4@4	Pristine Hemp	Cânhamo Prístino
1076	T5_FIBER_LEVEL4@4	Pristine Skyflower	Verbena Prístina
1077	T6_FIBER_LEVEL4@4	Pristine Amberleaf Cotton	Algodão-dourado Prístino
1078	T7_FIBER_LEVEL4@4	Pristine Sunflax	Linhossol Prístino
1079	T8_FIBER_LEVEL4@4	Pristine Ghost Hemp	Cânhamo-fantasma Prístino
1080	T2_PLANKS	Birch Planks	Tábuas de Bétula
1081	T3_PLANKS	Chestnut Planks	Tábuas de Castanheira
1082	T4_PLANKS	Pine Planks	Tábuas de Pinho
1083	T5_PLANKS	Cedar Planks	Tábuas de Cedro
1084	T6_PLANKS	Bloodoak Planks	Tábuas de Carvalho-sangue
1085	T7_PLANKS	Ashenbark Planks	Tábuas de Freixo
1086	T8_PLANKS	Whitewood Planks	Tábuas de Pau-branco
1087	T4_PLANKS_LEVEL1@1	Uncommon Pine Planks	Tábuas de Pinho Incomuns
1088	T5_PLANKS_LEVEL1@1	Uncommon Cedar Planks	Tábuas de Cedro Incomuns
1089	T6_PLANKS_LEVEL1@1	Uncommon Bloodoak Planks	Tábuas de Carvalho-sangue Incomuns
1090	T7_PLANKS_LEVEL1@1	Uncommon Ashenbark Planks	Tábuas de Freixo Incomuns
1091	T8_PLANKS_LEVEL1@1	Uncommon Whitewood Planks	Tábuas de Pau-branco Incomuns
1092	T4_PLANKS_LEVEL2@2	Rare Pine Planks	Tábuas de Pinho Raras
1093	T5_PLANKS_LEVEL2@2	Rare Cedar Planks	Tábuas de Cedro Raras
1094	T6_PLANKS_LEVEL2@2	Rare Bloodoak Planks	Tábuas de Carvalho-sangue Raras
1095	T7_PLANKS_LEVEL2@2	Rare Ashenbark Planks	Tábuas de Freixo Raras
1096	T8_PLANKS_LEVEL2@2	Rare Whitewood Planks	Tábuas de Pau-branco Raras
1097	T4_PLANKS_LEVEL3@3	Exceptional Pine Planks	Tábuas de Pinho Excepcionais
1098	T5_PLANKS_LEVEL3@3	Exceptional Cedar Planks	Tábuas de Cedro Excepcionais
1099	T6_PLANKS_LEVEL3@3	Exceptional Bloodoak Planks	Tábuas de Carvalho-sangue Excepcionais
1100	T7_PLANKS_LEVEL3@3	Exceptional Ashenbark Planks	Tábuas de Freixo Excepcionais
1101	T8_PLANKS_LEVEL3@3	Exceptional Whitewood Planks	Tábuas de Pau-branco Excepcionais
1102	T4_PLANKS_LEVEL4@4	Pristine Pine Planks	Tábuas de Pinho Prístino
1103	T5_PLANKS_LEVEL4@4	Pristine Cedar Planks	Tábuas de Cedro Prístinas
1104	T6_PLANKS_LEVEL4@4	Pristine Bloodoak Planks	Tábuas de Carvalho-sangue Prístinas
1105	T7_PLANKS_LEVEL4@4	Pristine Ashenbark Planks	Tábuas de Freixo Prístinas
1106	T8_PLANKS_LEVEL4@4	Pristine Whitewood Planks	Tábuas de Pau-branco Prístinas
1107	T2_STONEBLOCK	Limestone Block	Bloco de Calcário
1108	T3_STONEBLOCK	Sandstone Block	Bloco de Arenito
1109	T4_STONEBLOCK	Travertine Block	Bloco de Travertino
1110	T5_STONEBLOCK	Granite Block	Bloco de Granito
1111	T6_STONEBLOCK	Slate Block	Bloco de Ardósia
1112	T7_STONEBLOCK	Basalt Block	Bloco de Basalto
1113	T8_STONEBLOCK	Marble Block	Bloco de Mármore
1114	T2_METALBAR	Copper Bar	Barra de Cobre
1115	T3_METALBAR	Bronze Bar	Barra de Bronze
1116	T4_METALBAR	Steel Bar	Barra de Aço
1117	T5_METALBAR	Titanium Steel Bar	Barra de Aço Titânio
1118	T6_METALBAR	Runite Steel Bar	Barra de Aço Runita
1119	T7_METALBAR	Meteorite Steel Bar	Barra de Aço Meteorito
1120	T8_METALBAR	Adamantium Steel Bar	Barra de Aço de Adamante
1121	T4_METALBAR_LEVEL1@1	Uncommon Steel Bar	Barra de Aço Incomum
1122	T5_METALBAR_LEVEL1@1	Uncommon Titanium Steel Bar	Barra de Aço Titânio Incomum
1123	T6_METALBAR_LEVEL1@1	Uncommon Runite Steel Bar	Barra de Aço Runita Incomum
1124	T7_METALBAR_LEVEL1@1	Uncommon Meteorite Steel Bar	Barra de Aço Meteorito Incomum
1125	T8_METALBAR_LEVEL1@1	Uncommon Adamantium Steel Bar	Barra de Aço de Adamante Incomum
1126	T4_METALBAR_LEVEL2@2	Rare Steel Bar	Barra de Aço Rara
1127	T5_METALBAR_LEVEL2@2	Rare Titanium Steel Bar	Barra de Aço Titânio Rara
1128	T6_METALBAR_LEVEL2@2	Rare Runite Steel Bar	Barra de Aço Runita Rara
1129	T7_METALBAR_LEVEL2@2	Rare Meteorite Steel Bar	Barra de Aço Meteorito Rara
1130	T8_METALBAR_LEVEL2@2	Rare Adamantium Steel Bar	Barra de Aço de Adamante Rara
1131	T4_METALBAR_LEVEL3@3	Exceptional Steel Bar	Barra de Aço Excepcional
1132	T5_METALBAR_LEVEL3@3	Exceptional Titanium Steel Bar	Barra de Aço Titânio Excepcional
1133	T6_METALBAR_LEVEL3@3	Exceptional Runite Steel Bar	Barra de Aço Runita Excepcional
1134	T7_METALBAR_LEVEL3@3	Exceptional Meteorite Steel Bar	Barra de Aço Meteorito Excepcional
1135	T8_METALBAR_LEVEL3@3	Exceptional Adamantium Steel Bar	Barra de Aço de Adamante Excepcional
1136	T4_METALBAR_LEVEL4@4	Pristine Steel Bar	Barra de Aço Prístino
1137	T5_METALBAR_LEVEL4@4	Pristine Titanium Steel Bar	Barra de Aço Titânio Prístina
1138	T6_METALBAR_LEVEL4@4	Pristine Runite Steel Bar	Barra de Aço Runita Prístina
1139	T7_METALBAR_LEVEL4@4	Pristine Meteorite Steel Bar	Barra de Aço Meteorito Prístina
1140	T8_METALBAR_LEVEL4@4	Pristine Adamantium Steel Bar	Barra de Aço de Adamante Prístina
1141	T2_LEATHER	Stiff Leather	Couro Esticado
1142	T3_LEATHER	Thick Leather	Couro Grosso
1143	T4_LEATHER	Worked Leather	Couro Trabalhado
1144	T5_LEATHER	Cured Leather	Couro Curtido
1145	T6_LEATHER	Hardened Leather	Couro Endurecido
1146	T7_LEATHER	Reinforced Leather	Couro Reforçado
1147	T8_LEATHER	Fortified Leather	Couro Fortificado
1148	T4_LEATHER_LEVEL1@1	Uncommon Worked Leather	Couro Trabalhado Incomum
1149	T5_LEATHER_LEVEL1@1	Uncommon Cured Leather	Couro Curtido Incomum
1150	T6_LEATHER_LEVEL1@1	Uncommon Hardened Leather	Couro Endurecido Incomum
1151	T7_LEATHER_LEVEL1@1	Uncommon Reinforced Leather	Couro Reforçado Incomum
1152	T8_LEATHER_LEVEL1@1	Uncommon Fortified Leather	Couro Fortificado Incomum
1153	T4_LEATHER_LEVEL2@2	Rare Worked Leather	Couro Trabalhado Raro
1154	T5_LEATHER_LEVEL2@2	Rare Cured Leather	Couro Curtido Raro
1155	T6_LEATHER_LEVEL2@2	Rare Hardened Leather	Couro Endurecido Raro
1156	T7_LEATHER_LEVEL2@2	Rare Reinforced Leather	Couro Reforçado Raro
1157	T8_LEATHER_LEVEL2@2	Rare Fortified Leather	Couro Fortificado Raro
1158	T4_LEATHER_LEVEL3@3	Exceptional Worked Leather	Couro Trabalhado Excepcional
1159	T5_LEATHER_LEVEL3@3	Exceptional Cured Leather	Couro Curtido Excepcional
1160	T6_LEATHER_LEVEL3@3	Exceptional Hardened Leather	Couro Endurecido Excepcional
1161	T7_LEATHER_LEVEL3@3	Exceptional Reinforced Leather	Couro Reforçado Excepcional
1162	T8_LEATHER_LEVEL3@3	Exceptional Fortified Leather	Couro Fortificado Excepcional
1163	T4_LEATHER_LEVEL4@4	Pristine Worked Leather	Couro Trabalhado Prístino
1164	T5_LEATHER_LEVEL4@4	Pristine Cured Leather	Couro Curtido Prístino
1165	T6_LEATHER_LEVEL4@4	Pristine Hardened Leather	Couro Endurecido Prístino
1166	T7_LEATHER_LEVEL4@4	Pristine Reinforced Leather	Couro Reforçado Prístino
1167	T8_LEATHER_LEVEL4@4	Pristine Fortified Leather	Couro Fortificado Prístino
1168	T2_CLOTH	Simple Cloth	Tecido Simples
1169	T3_CLOTH	Neat Cloth	Tecido Limpo
1170	T4_CLOTH	Fine Cloth	Tecido Fino
1171	T5_CLOTH	Ornate Cloth	Tecido Ornado
1172	T6_CLOTH	Lavish Cloth	Tecido Rico
1173	T7_CLOTH	Opulent Cloth	Tecido Opulento
1174	T8_CLOTH	Baroque Cloth	Tecido Barroco
1175	T4_CLOTH_LEVEL1@1	Uncommon Fine Cloth	Tecido Fino Incomum
1176	T5_CLOTH_LEVEL1@1	Uncommon Ornate Cloth	Tecido Ornado Incomum
1177	T6_CLOTH_LEVEL1@1	Uncommon Lavish Cloth	Tecido Rico Incomum
1178	T7_CLOTH_LEVEL1@1	Uncommon Opulent Cloth	Tecido Opulento Incomum
1179	T8_CLOTH_LEVEL1@1	Uncommon Baroque Cloth	Tecido Barroco Incomum
1180	T4_CLOTH_LEVEL2@2	Rare Fine Cloth	Tecido Fino Raro
1181	T5_CLOTH_LEVEL2@2	Rare Ornate Cloth	Tecido Ornado Raro
1182	T6_CLOTH_LEVEL2@2	Rare Lavish Cloth	Tecido Rico Raro
1183	T7_CLOTH_LEVEL2@2	Rare Opulent Cloth	Tecido Opulento Raro
1184	T8_CLOTH_LEVEL2@2	Rare Baroque Cloth	Tecido Barroco Raro
1185	T4_CLOTH_LEVEL3@3	Exceptional Fine Cloth	Tecido Fino Excepcional
1186	T5_CLOTH_LEVEL3@3	Exceptional Ornate Cloth	Tecido Ornado Excepcional
1187	T6_CLOTH_LEVEL3@3	Exceptional Lavish Cloth	Tecido Rico Excepcional
1188	T7_CLOTH_LEVEL3@3	Exceptional Opulent Cloth	Tecido Opulento Excepcional
1189	T8_CLOTH_LEVEL3@3	Exceptional Baroque Cloth	Tecido Barroco Excepcional
1190	T4_CLOTH_LEVEL4@4	Pristine Fine Cloth	Tecido Fino Prístino
1191	T5_CLOTH_LEVEL4@4	Pristine Ornate Cloth	Tecido Ornado Prístino
1192	T6_CLOTH_LEVEL4@4	Pristine Lavish Cloth	Tecido Rico Prístino
1193	T7_CLOTH_LEVEL4@4	Pristine Opulent Cloth	Tecido Opulento Prístino
1194	T8_CLOTH_LEVEL4@4	Pristine Baroque Cloth	Tecido Barroco Prístino
1195	T4_ARTEFACT_2H_ARCANESTAFF_HELL	Adept's Occult Orb	Orbe Oculto do Adepto
1196	T4_ARTEFACT_2H_BOW_HELL	Adept's Demonic Arrowheads	Pontas de Flecha Demoníacas do Adepto
1197	T4_ARTEFACT_2H_BOW_KEEPER	Adept's Carved Bone	Osso Entalhado do Adepto
1198	T4_ARTEFACT_2H_CLEAVER_HELL	Adept's Demonic Blade	Lâmina Demoníaca do Adepto
1199	T4_ARTEFACT_2H_COMBATSTAFF_MORGANA	Adept's Reinforced Morgana Pole	Estaca de Morgana Reforçada do Adepto
1200	T4_ARTEFACT_2H_CROSSBOWLARGE_MORGANA	Adept's Alluring Bolts	Virotes Fascinantes do Adepto
1201	T4_ARTEFACT_2H_CURSEDSTAFF_MORGANA	Adept's Bloodforged Catalyst	Catalisador Forjado em Sangue do Adepto
1202	T5_ARTEFACT_2H_CURSEDSTAFF_MORGANA	Expert's Bloodforged Catalyst	Catalisador Forjado em Sangue do Perito
1203	T6_ARTEFACT_2H_CURSEDSTAFF_MORGANA	Master's Bloodforged Catalyst	Catalisador Forjado em Sangue do Mestre
1204	T7_ARTEFACT_2H_CURSEDSTAFF_MORGANA	Grandmaster's Bloodforged Catalyst	Catalisador Forjado em Sangue do Grão-mestre
1205	T8_ARTEFACT_2H_CURSEDSTAFF_MORGANA	Elder's Bloodforged Catalyst	Catalisador Forjado em Sangue do Ancião
1206	T4_ARTEFACT_2H_DUALAXE_KEEPER	Adept's Keeper Axeheads	Cabeças de Machado Protetoras do Adepto
1207	T4_ARTEFACT_2H_DUALCROSSBOW_HELL	Adept's Hellish Bolts	Virotes Diabólicos do Adepto
1208	T4_ARTEFACT_2H_DUALHAMMER_HELL	Adept's Hellish Hammer Heads	Cabeças de Martelo Diabólicas do Adepto
1209	T4_ARTEFACT_2H_DUALSCIMITAR_UNDEAD	Adept's Cursed Blades	Lâminas Amaldiçoadas do Adepto
1210	T4_ARTEFACT_2H_DUALSICKLE_UNDEAD	Adept's Ghastly Blades	Lâminas Sinistras do Adepto
1211	T4_ARTEFACT_2H_ENIGMATICORB_MORGANA	Adept's Possessed Catalyst	Catalisador Possuído do Adepto
1212	T4_ARTEFACT_2H_FIRESTAFF_HELL	Adept's Burning Orb	Orbe Inflamado do Adepto
1213	T4_ARTEFACT_2H_HALBERD_MORGANA	Adept's Morgana Halberd Head	Cabeça de Alabarda de Morgana do Adepto
1214	T4_ARTEFACT_2H_HAMMER_UNDEAD	Adept's Ancient Hammer Head	Cabeça de Martelo Ancestral do Adepto
1215	T4_ARTEFACT_2H_HARPOON_HELL	Adept's Infernal Harpoon Tip	Ponta de Arpão Infernal do Adepto
1216	T4_ARTEFACT_MAIN_HOLYSTAFF_MORGANA	Adept's Possessed Scroll	Pergaminho Possuído do Adepto
1217	T4_ARTEFACT_2H_HOLYSTAFF_HELL	Adept's Infernal Scroll	Pergaminho Infernal do Adepto
1218	T4_ARTEFACT_2H_HOLYSTAFF_UNDEAD	Adept's Ghastly Scroll	Pergaminho Sinistro do Adepto
1219	T4_ARTEFACT_2H_ICECRYSTAL_UNDEAD	Adept's Cursed Frozen Crystal	Cristal Congelado Amaldiçoado do Adepto
1220	T4_ARTEFACT_2H_ICEGAUNTLETS_HELL	Adept's Icicle Orb	Orbe de Sincelo do Adepto
1221	T4_ARTEFACT_2H_INFERNOSTAFF_MORGANA	Adept's Unholy Scroll	Pergaminho Profano do Adepto
1222	T4_ARTEFACT_2H_IRONGAUNTLETS_HELL	Adept's Black Leather	Couro Preto do Adepto
1223	T4_ARTEFACT_2H_LONGBOW_UNDEAD	Adept's Ghastly Arrows	Flechas Sinistras do Adepto
1224	T4_ARTEFACT_2H_MACE_MORGANA	Adept's Imbued Mace Head	Cabeça de Maça Imbuída do Adepto
1225	T4_ARTEFACT_2H_NATURESTAFF_HELL	Adept's Symbol of Blight	Símbolo de Malignidade do Adepto
1226	T4_ARTEFACT_2H_NATURESTAFF_KEEPER	Adept's Preserved Log	Cepo Preservado do Adepto
1227	T4_ARTEFACT_2H_RAM_KEEPER	Adept's Engraved Log	Cepo Entalhado do Adepto
1228	T4_ARTEFACT_2H_REPEATINGCROSSBOW_UNDEAD	Adept's Lost Crossbow Mechanism	Mecanismo de Besta Perdido do Adepto
1229	T4_ARTEFACT_2H_ROCKSTAFF_KEEPER	Adept's Preserved Rocks	Rochas Preservadas do Adepto
1230	T4_ARTEFACT_2H_SKULLORB_HELL	Adept's Cursed Jawbone	Mandíbula Amaldiçoada do Adepto
1231	T4_ARTEFACT_2H_TRIDENT_UNDEAD	Adept's Cursed Barbs	Farpas Amaldiçoadas do Adepto
1232	T4_ARTEFACT_2H_TWINSCYTHE_HELL	Adept's Hellish Sicklehead Pair	Par de Cabeças de Foice Diabólicas do Adepto
1233	T4_ARTEFACT_MAIN_ARCANESTAFF_UNDEAD	Adept's Lost Arcane Crystal	Cristal Arcano Perdido do Adepto
1234	T4_ARTEFACT_MAIN_CURSEDSTAFF_UNDEAD	Adept's Lost Cursed Crystal	Cristal Amaldiçoado Perdido do Adepto
1235	T4_ARTEFACT_MAIN_FIRESTAFF_KEEPER	Adept's Wildfire Orb	Orbe Incendiário do Adepto
1236	T4_ARTEFACT_MAIN_FROSTSTAFF_KEEPER	Adept's Hoarfrost Orb	Orbe Enregelante do Adepto
1237	T4_ARTEFACT_MAIN_MACE_HELL	Adept's Infernal Mace Head	Cabeça de Maça Infernal do Adepto
1238	T4_ARTEFACT_MAIN_NATURESTAFF_KEEPER	Adept's Druidic Inscriptions	Inscrições Druídicas do Adepto
1239	T4_ARTEFACT_MAIN_RAPIER_MORGANA	Adept's Hardened Debole	Débil Endurecido do Adepto
1240	T4_ARTEFACT_MAIN_ROCKMACE_KEEPER	Adept's Runed Rock	Rocha com Runa do Adepto
1241	T4_ARTEFACT_MAIN_SCIMITAR_MORGANA	Adept's Bloodforged Blade	Lâmina Forjada em Sangue do Adepto
1242	T4_ARTEFACT_MAIN_SPEAR_KEEPER	Adept's Keeper Spearhead	Cabeça de Lança Protetora do Adepto
1243	T5_ARTEFACT_2H_ARCANESTAFF_HELL	Expert's Occult Orb	Orbe Oculto do Perito
1244	T5_ARTEFACT_2H_BOW_HELL	Expert's Demonic Arrowheads	Pontas de Flecha Demoníacas do Perito
1245	T5_ARTEFACT_2H_BOW_KEEPER	Expert's Carved Bone	Osso Entalhado do Perito
1246	T5_ARTEFACT_2H_CLEAVER_HELL	Expert's Demonic Blade	Lâmina Demoníaca do Perito
1247	T5_ARTEFACT_2H_COMBATSTAFF_MORGANA	Expert's Reinforced Morgana Pole	Estaca de Morgana Reforçada do Perito
1248	T5_ARTEFACT_2H_CROSSBOWLARGE_MORGANA	Expert's Alluring Bolts	Virotes Fascinantes do Perito
1249	T5_ARTEFACT_2H_DUALAXE_KEEPER	Expert's Keeper Axeheads	Cabeças de Machado Protetoras do Perito
1250	T5_ARTEFACT_2H_DUALCROSSBOW_HELL	Expert's Hellish Bolts	Virotes Diabólicos do Perito
1251	T5_ARTEFACT_2H_DUALHAMMER_HELL	Expert's Hellish Hammer Heads	Cabeças de Martelo Diabólicas do Perito
1252	T5_ARTEFACT_2H_DUALSCIMITAR_UNDEAD	Expert's Cursed Blades	Lâminas Amaldiçoadas do Perito
1253	T5_ARTEFACT_2H_DUALSICKLE_UNDEAD	Expert's Ghastly Blades	Lâminas Sinistras do Perito
1254	T5_ARTEFACT_2H_ENIGMATICORB_MORGANA	Expert's Possessed Catalyst	Catalisador Possuído do Perito
1255	T5_ARTEFACT_2H_FIRESTAFF_HELL	Expert's Burning Orb	Orbe Inflamado do Perito
1256	T5_ARTEFACT_2H_HALBERD_MORGANA	Expert's Morgana Halberd Head	Cabeça de Alabarda de Morgana do Perito
1257	T5_ARTEFACT_2H_HAMMER_UNDEAD	Expert's Ancient Hammer Head	Cabeça de Martelo Ancestral do Perito
1258	T5_ARTEFACT_2H_HARPOON_HELL	Expert's Infernal Harpoon Tip	Ponta de Arpão Infernal do Perito
1259	T5_ARTEFACT_MAIN_HOLYSTAFF_MORGANA	Expert's Possessed Scroll	Pergaminho Possuído do Perito
1260	T5_ARTEFACT_2H_HOLYSTAFF_HELL	Expert's Infernal Scroll	Pergaminho Infernal do Perito
1261	T5_ARTEFACT_2H_HOLYSTAFF_UNDEAD	Expert's Ghastly Scroll	Pergaminho Sinistro do Perito
1262	T5_ARTEFACT_2H_ICECRYSTAL_UNDEAD	Expert's Cursed Frozen Crystal	Cristal Congelado Amaldiçoado do Perito
1263	T5_ARTEFACT_2H_ICEGAUNTLETS_HELL	Expert's Icicle Orb	Orbe de Sincelo do Perito
1264	T5_ARTEFACT_2H_INFERNOSTAFF_MORGANA	Expert's Unholy Scroll	Pergaminho Profano do Perito
1265	T5_ARTEFACT_2H_IRONGAUNTLETS_HELL	Expert's Black Leather	Couro Preto do Perito
1266	T5_ARTEFACT_2H_LONGBOW_UNDEAD	Expert's Ghastly Arrows	Flechas Sinistras do Perito
1267	T5_ARTEFACT_2H_MACE_MORGANA	Expert's Imbued Mace Head	Cabeça de Maça Imbuída do Perito
1268	T5_ARTEFACT_2H_NATURESTAFF_HELL	Expert's Symbol of Blight	Símbolo de Malignidade do Perito
1269	T5_ARTEFACT_2H_NATURESTAFF_KEEPER	Expert's Preserved Log	Cepo Preservado do Perito
1270	T5_ARTEFACT_2H_RAM_KEEPER	Expert's Engraved Log	Cepo Entalhado do Perito
1271	T5_ARTEFACT_2H_REPEATINGCROSSBOW_UNDEAD	Expert's Lost Crossbow Mechanism	Mecanismo de Besta Perdido do Perito
1272	T5_ARTEFACT_2H_ROCKSTAFF_KEEPER	Expert's Preserved Rocks	Rochas Preservadas do Perito
1273	T4_ARTEFACT_2H_SCYTHE_HELL	Adept's Hellish Sicklehead	Cabeça de Foice Diabólica do Adepto
1274	T5_ARTEFACT_2H_SCYTHE_HELL	Expert's Hellish Sicklehead	Cabeça de Foice Diabólica do Perito
1275	T6_ARTEFACT_2H_SCYTHE_HELL	Master's Hellish Sicklehead	Cabeça de Foice Diabólica do Mestre
1276	T7_ARTEFACT_2H_SCYTHE_HELL	Grandmaster's Hellish Sicklehead	Cabeça de Foice Diabólica do Grão-mestre
1277	T8_ARTEFACT_2H_SCYTHE_HELL	Elder's Hellish Sicklehead	Cabeça de Foice Diabólica do Ancião
1278	T5_ARTEFACT_2H_SKULLORB_HELL	Expert's Cursed Jawbone	Mandíbula Amaldiçoada do Perito
1279	T5_ARTEFACT_2H_TRIDENT_UNDEAD	Expert's Cursed Barbs	Farpas Amaldiçoadas do Perito
1280	T5_ARTEFACT_2H_TWINSCYTHE_HELL	Expert's Hellish Sicklehead Pair	Par de Cabeças de Foice Diabólicas do Perito
1281	T5_ARTEFACT_MAIN_ARCANESTAFF_UNDEAD	Expert's Lost Arcane Crystal	Cristal Arcano Perdido do Perito
1282	T5_ARTEFACT_MAIN_CURSEDSTAFF_UNDEAD	Expert's Lost Cursed Crystal	Cristal Amaldiçoado Perdido do Perito
1283	T5_ARTEFACT_MAIN_FIRESTAFF_KEEPER	Expert's Wildfire Orb	Orbe Incendiário do Perito
1284	T5_ARTEFACT_MAIN_FROSTSTAFF_KEEPER	Expert's Hoarfrost Orb	Orbe Enregelante do Perito
1285	T5_ARTEFACT_MAIN_MACE_HELL	Expert's Infernal Mace Head	Cabeça de Maça Infernal do Perito
1286	T5_ARTEFACT_MAIN_NATURESTAFF_KEEPER	Expert's Druidic Inscriptions	Inscrições Druídicas do Perito
1287	T5_ARTEFACT_MAIN_RAPIER_MORGANA	Expert's Hardened Debole	Débil Endurecido do Perito
1288	T5_ARTEFACT_MAIN_ROCKMACE_KEEPER	Expert's Runed Rock	Rocha com Runas do Perito
1289	T5_ARTEFACT_MAIN_SCIMITAR_MORGANA	Expert's Bloodforged Blade	Lâmina Forjada em Sangue do Perito
1290	T5_ARTEFACT_MAIN_SPEAR_KEEPER	Expert's Keeper Spearhead	Cabeça de Lança Protetora do Perito
1291	T6_ARTEFACT_2H_ARCANESTAFF_HELL	Master's Occult Orb	Orbe Oculto do Mestre
1292	T6_ARTEFACT_2H_BOW_HELL	Master's Demonic Arrowheads	Pontas de Flecha Demoníacas do Mestre
1293	T6_ARTEFACT_2H_BOW_KEEPER	Master's Carved Bone	Osso Entalhado do Mestre
1294	T6_ARTEFACT_2H_CLEAVER_HELL	Master's Demonic Blade	Lâmina Demoníaca do Mestre
1295	T6_ARTEFACT_2H_COMBATSTAFF_MORGANA	Master's Reinforced Morgana Pole	Estaca de Morgana Reforçada do Mestre
1296	T6_ARTEFACT_2H_CROSSBOWLARGE_MORGANA	Master's Alluring Bolts	Virotes Fascinantes do Mestre
1297	T6_ARTEFACT_2H_DUALAXE_KEEPER	Master's Keeper Axeheads	Cabeças de Machado Protetoras do Mestre
1298	T6_ARTEFACT_2H_DUALCROSSBOW_HELL	Master's Hellish Bolts	Virotes Diabólicos do Mestre
1299	T6_ARTEFACT_2H_DUALHAMMER_HELL	Master's Hellish Hammer Heads	Cabeças de Martelo Diabólicas do Mestre
1300	T6_ARTEFACT_2H_DUALSCIMITAR_UNDEAD	Master's Cursed Blades	Lâminas Amaldiçoadas do Mestre
1301	T6_ARTEFACT_2H_DUALSICKLE_UNDEAD	Master's Ghastly Blades	Lâminas Sinistras do Mestre
1302	T6_ARTEFACT_2H_ENIGMATICORB_MORGANA	Master's Possessed Catalyst	Catalisador Possuído do Mestre
1303	T6_ARTEFACT_2H_FIRESTAFF_HELL	Master's Burning Orb	Orbe Inflamado do Mestre
1304	T6_ARTEFACT_2H_HALBERD_MORGANA	Master's Morgana Halberd Head	Cabeça de Alabarda de Morgana do Mestre
1305	T6_ARTEFACT_2H_HAMMER_UNDEAD	Master's Ancient Hammer Head	Cabeça de Martelo Ancestral do Mestre
1306	T6_ARTEFACT_2H_HARPOON_HELL	Master's Infernal Harpoon Tip	Ponta de Arpão Infernal do Mestre
1307	T6_ARTEFACT_MAIN_HOLYSTAFF_MORGANA	Master's Possessed Scroll	Pergaminho Possuído do Mestre
1308	T6_ARTEFACT_2H_HOLYSTAFF_HELL	Master's Infernal Scroll	Pergaminho Infernal do Mestre
1309	T6_ARTEFACT_2H_HOLYSTAFF_UNDEAD	Master's Ghastly Scroll	Pergaminho Sinistro do Mestre
1310	T6_ARTEFACT_2H_ICECRYSTAL_UNDEAD	Master's Cursed Frozen Crystal	Cristal Congelado Amaldiçoado do Mestre
1311	T6_ARTEFACT_2H_ICEGAUNTLETS_HELL	Master's Icicle Orb	Orbe de Sincelo do Mestre
1312	T6_ARTEFACT_2H_INFERNOSTAFF_MORGANA	Master's Unholy Scroll	Pergaminho Profano do Mestre
1313	T6_ARTEFACT_2H_IRONGAUNTLETS_HELL	Master's Black Leather	Couro Preto do Mestre
1314	T6_ARTEFACT_2H_LONGBOW_UNDEAD	Master's Ghastly Arrows	Flechas Sinistras do Mestre
1315	T6_ARTEFACT_2H_MACE_MORGANA	Master's Imbued Mace Head	Cabeça de Maça Imbuída do Mestre
1316	T6_ARTEFACT_2H_NATURESTAFF_HELL	Master's Symbol of Blight	Símbolo de Malignidade do Mestre
1317	T6_ARTEFACT_2H_NATURESTAFF_KEEPER	Master's Preserved Log	Cepo Preservado do Mestre
1318	T6_ARTEFACT_2H_RAM_KEEPER	Master's Engraved Log	Cepo Entalhado do Mestre
1319	T6_ARTEFACT_2H_REPEATINGCROSSBOW_UNDEAD	Master's Lost Crossbow Mechanism	Mecanismo de Besta Perdido do Mestre
1320	T6_ARTEFACT_2H_ROCKSTAFF_KEEPER	Master's Preserved Rocks	Rochas Preservadas do Mestre
1321	T6_ARTEFACT_2H_SKULLORB_HELL	Master's Cursed Jawbone	Mandíbula Amaldiçoada do Mestre
1322	T6_ARTEFACT_2H_TRIDENT_UNDEAD	Master's Cursed Barbs	Farpas Amaldiçoadas do Mestre
1323	T6_ARTEFACT_2H_TWINSCYTHE_HELL	Master's Hellish Sicklehead Pair	Par de Cabeças de Foice Diabólicas do Mestre
1324	T6_ARTEFACT_MAIN_ARCANESTAFF_UNDEAD	Master's Lost Arcane Crystal	Cristal Arcano Perdido do Mestre
1325	T6_ARTEFACT_MAIN_CURSEDSTAFF_UNDEAD	Master's Lost Cursed Crystal	Cristal Amaldiçoado Perdido do Mestre
1326	T6_ARTEFACT_MAIN_FIRESTAFF_KEEPER	Master's Wildfire Orb	Orbe Incendiário do Mestre
1327	T6_ARTEFACT_MAIN_FROSTSTAFF_KEEPER	Master's Hoarfrost Orb	Orbe Enregelante do Mestre
1328	T6_ARTEFACT_MAIN_MACE_HELL	Master's Infernal Mace Head	Cabeça de Maça Infernal do Mestre
1329	T6_ARTEFACT_MAIN_NATURESTAFF_KEEPER	Master's Druidic Inscriptions	Inscrições Druídicas do Mestre
1330	T6_ARTEFACT_MAIN_RAPIER_MORGANA	Master's Hardened Debole	Débil Endurecido do Mestre
1331	T6_ARTEFACT_MAIN_ROCKMACE_KEEPER	Master's Runed Rock	Rocha com Runas do Mestre
1332	T6_ARTEFACT_MAIN_SCIMITAR_MORGANA	Master's Bloodforged Blade	Lâmina Forjada em Sangue do Mestre
1333	T6_ARTEFACT_MAIN_SPEAR_KEEPER	Master's Keeper Spearhead	Cabeça de Lança Protetora do Mestre
1334	T7_ARTEFACT_2H_ARCANESTAFF_HELL	Grandmaster's Occult Orb	Orbe Oculto do Grão-mestre
1335	T7_ARTEFACT_2H_BOW_HELL	Grandmaster's Demonic Arrowheads	Pontas de Flecha Demoníacas do Grão-mestre
1336	T7_ARTEFACT_2H_BOW_KEEPER	Grandmaster's Carved Bone	Osso Entalhado do Grão-mestre
1337	T7_ARTEFACT_2H_CLEAVER_HELL	Grandmaster's Demonic Blade	Lâmina Demoníaca do Grão-mestre
1338	T7_ARTEFACT_2H_COMBATSTAFF_MORGANA	Grandmaster's Reinforced Morgana Pole	Estaca de Morgana Reforçada do Grão-mestre
1339	T7_ARTEFACT_2H_CROSSBOWLARGE_MORGANA	Grandmaster's Alluring Bolts	Virotes Fascinantes do Grão-mestre
1340	T7_ARTEFACT_2H_DUALAXE_KEEPER	Grandmaster's Keeper Axeheads	Cabeças de Machado Protetoras do Grão-mestre
1341	T7_ARTEFACT_2H_DUALCROSSBOW_HELL	Grandmaster's Hellish Bolts	Virotes Diabólicos do Grão-mestre
1342	T7_ARTEFACT_2H_DUALHAMMER_HELL	Grandmaster's Hellish Hammer Heads	Cabeças de Martelo Diabólicas do Grão-mestre
1343	T7_ARTEFACT_2H_DUALSCIMITAR_UNDEAD	Grandmaster's Cursed Blades	Lâminas Amaldiçoadas do Grão-mestre
1344	T7_ARTEFACT_2H_DUALSICKLE_UNDEAD	Grandmaster's Ghastly Blades	Lâminas Sinistras do Grão-mestre
1345	T7_ARTEFACT_2H_ENIGMATICORB_MORGANA	Grandmaster's Possessed Catalyst	Catalisador Possuído do Grão-mestre
1346	T7_ARTEFACT_2H_FIRESTAFF_HELL	Grandmaster's Burning Orb	Orbe Inflamado do Grão-mestre
1347	T7_ARTEFACT_2H_HALBERD_MORGANA	Grandmaster's Morgana Halberd Head	Cabeça de Alabarda de Morgana do Grão-mestre
1348	T7_ARTEFACT_2H_HAMMER_UNDEAD	Grandmaster's Ancient Hammer Head	Cabeça de Martelo Ancestral do Grão-mestre
1349	T7_ARTEFACT_2H_HARPOON_HELL	Grandmaster's Infernal Harpoon Tip	Ponta de Arpão Infernal do Grão-mestre
1350	T7_ARTEFACT_MAIN_HOLYSTAFF_MORGANA	Grandmaster's Possessed Scroll	Pergaminho Possuído do Grão-mestre
1351	T7_ARTEFACT_2H_HOLYSTAFF_HELL	Grandmaster's Infernal Scroll	Pergaminho Infernal do Grão-mestre
1352	T7_ARTEFACT_2H_HOLYSTAFF_UNDEAD	Grandmaster's Ghastly Scroll	Pergaminho Sinistro do Grão-mestre
1353	T7_ARTEFACT_2H_ICECRYSTAL_UNDEAD	Grandmaster's Cursed Frozen Crystal	Cristal Congelado Amaldiçoado do Grão-mestre
1354	T7_ARTEFACT_2H_ICEGAUNTLETS_HELL	Grandmaster's Icicle Orb	Orbe de Sincelo do Grão-mestre
1355	T7_ARTEFACT_2H_INFERNOSTAFF_MORGANA	Grandmaster's Unholy Scroll	Pergaminho Profano do Grão-mestre
1356	T7_ARTEFACT_2H_IRONGAUNTLETS_HELL	Grandmaster's Black Leather	Couro Preto do Grão-mestre
1357	T7_ARTEFACT_2H_LONGBOW_UNDEAD	Grandmaster's Ghastly Arrows	Flechas Sinistro do Grão-mestre
1358	T7_ARTEFACT_2H_MACE_MORGANA	Grandmaster's Imbued Mace Head	Cabeça de Maça Imbuída do Grão-mestre
1359	T7_ARTEFACT_2H_NATURESTAFF_HELL	Grandmaster's Symbol of Blight	Símbolo de Malignidade do Grão-mestre
1360	T7_ARTEFACT_2H_NATURESTAFF_KEEPER	Grandmaster's Preserved Log	Cepo Preservado do Grão-mestre
1361	T7_ARTEFACT_2H_RAM_KEEPER	Grandmaster's Engraved Log	Cepo Entalhado do Grão-mestre
1362	T7_ARTEFACT_2H_REPEATINGCROSSBOW_UNDEAD	Grandmaster's Lost Crossbow Mechanism	Mecanismo de Besta Perdido do Grão-mestre
1363	T7_ARTEFACT_2H_ROCKSTAFF_KEEPER	Grandmaster's Preserved Rocks	Rochas Preservadas do Grão-mestre
1364	T7_ARTEFACT_2H_SKULLORB_HELL	Grandmaster's Cursed Jawbone	Mandíbula Amaldiçoada do Grão-mestre
1365	T7_ARTEFACT_2H_TRIDENT_UNDEAD	Grandmaster's Cursed Barbs	Farpas Amaldiçoadas do Grão-mestre
1366	T7_ARTEFACT_2H_TWINSCYTHE_HELL	Grandmaster's Hellish Sicklehead Pair	Par de Cabeças de Foice Diabólicas do Grão-mestre
1367	T7_ARTEFACT_MAIN_ARCANESTAFF_UNDEAD	Grandmaster's Lost Arcane Crystal	Cristal Arcano Perdido do Grão-mestre
1368	T7_ARTEFACT_MAIN_CURSEDSTAFF_UNDEAD	Grandmaster's Lost Cursed Crystal	Cristal Amaldiçoado Perdido do Grão-mestre
1369	T7_ARTEFACT_MAIN_FIRESTAFF_KEEPER	Grandmaster's Wildfire Orb	Orbe Incendiário do Grão-mestre
1370	T7_ARTEFACT_MAIN_FROSTSTAFF_KEEPER	Grandmaster's Hoarfrost Orb	Orbe Enregelante do Grão-mestre
1371	T7_ARTEFACT_MAIN_MACE_HELL	Grandmaster's Infernal Mace Head	Cabeça de Maça Infernal do Grão-mestre
1372	T7_ARTEFACT_MAIN_NATURESTAFF_KEEPER	Grandmaster's Druidic Inscriptions	Inscrições Druídicas do Grão-mestre
1373	T7_ARTEFACT_MAIN_RAPIER_MORGANA	Grandmaster's Hardened Debole	Débil Endurecido do Grão-mestre
1374	T7_ARTEFACT_MAIN_ROCKMACE_KEEPER	Grandmaster's Runed Rock	Rocha com Runas do Grão-mestre
1375	T7_ARTEFACT_MAIN_SCIMITAR_MORGANA	Grandmaster's Bloodforged Blade	Lâmina Forjada em Sangue do Grão-mestre
1376	T7_ARTEFACT_MAIN_SPEAR_KEEPER	Grandmaster's Keeper Spearhead	Cabeça de Lança Protetora do Grão-mestre
1377	T8_ARTEFACT_2H_ARCANESTAFF_HELL	Elder's Occult Orb	Orbe Oculto do Ancião
1378	T8_ARTEFACT_2H_BOW_HELL	Elder's Demonic Arrowheads	Pontas de Flecha Demoníacas do Ancião
1379	T8_ARTEFACT_2H_BOW_KEEPER	Elder's Carved Bone	Osso Entalhado do Ancião
1380	T8_ARTEFACT_2H_CLEAVER_HELL	Elder's Demonic Blade	Lâmina Demoníaca do Ancião
1381	T8_ARTEFACT_2H_COMBATSTAFF_MORGANA	Elder's Reinforced Morgana Pole	Estaca de Morgana Reforçada do Ancião
1382	T8_ARTEFACT_2H_CROSSBOWLARGE_MORGANA	Elder's Alluring Bolts	Virotes Fascinantes do Ancião
1383	T8_ARTEFACT_2H_DUALAXE_KEEPER	Elder's Keeper Axeheads	Cabeças de Machado Protetoras do Ancião
1384	T8_ARTEFACT_2H_DUALCROSSBOW_HELL	Elder's Hellish Bolts	Virotes Diabólicos do Ancião
1385	T8_ARTEFACT_2H_DUALHAMMER_HELL	Elder's Hellish Hammer Heads	Cabeças de Martelo Diabólicas do Ancião
1386	T8_ARTEFACT_2H_DUALSCIMITAR_UNDEAD	Elder's Cursed Blades	Lâminas Amaldiçoadas do Ancião
1387	T8_ARTEFACT_2H_DUALSICKLE_UNDEAD	Elder's Ghastly Blades	Lâminas Sinistras do Ancião
1388	T8_ARTEFACT_2H_ENIGMATICORB_MORGANA	Elder's Possessed Catalyst	Catalisador Possuído do Ancião
1389	T8_ARTEFACT_2H_FIRESTAFF_HELL	Elder's Burning Orb	Orbe Inflamado do Ancião
1390	T8_ARTEFACT_2H_HALBERD_MORGANA	Elder's Morgana Halberd Head	Cabeça de Alabarda de Morgana do Ancião
1391	T8_ARTEFACT_2H_HAMMER_UNDEAD	Elder's Ancient Hammer Head	Cabeça de Martelo Ancestral do Ancião
1392	T8_ARTEFACT_2H_HARPOON_HELL	Elder's Infernal Harpoon Tip	Ponta de Arpão Infernal do Ancião
1393	T8_ARTEFACT_MAIN_HOLYSTAFF_MORGANA	Elder's Possessed Scroll	Pergaminho Possuído do Ancião
1394	T8_ARTEFACT_2H_HOLYSTAFF_HELL	Elder's Infernal Scroll	Pergaminho Infernal do Ancião
1395	T8_ARTEFACT_2H_HOLYSTAFF_UNDEAD	Elder's Ghastly Scroll	Pergaminho Sinistro do Ancião
1396	T8_ARTEFACT_2H_ICECRYSTAL_UNDEAD	Elder's Cursed Frozen Crystal	Cristal Congelado Amaldiçoado do Ancião
1397	T8_ARTEFACT_2H_ICEGAUNTLETS_HELL	Elder's Icicle Orb	Orbe de Sincelo do Ancião
1398	T8_ARTEFACT_2H_INFERNOSTAFF_MORGANA	Elder's Unholy Scroll	Pergaminho Profano do Ancião
1399	T8_ARTEFACT_2H_IRONGAUNTLETS_HELL	Elder's Black Leather	Couro Preto do Ancião
1400	T8_ARTEFACT_2H_LONGBOW_UNDEAD	Elder's Ghastly Arrows	Flechas Sinistro do Ancião
1401	T8_ARTEFACT_2H_MACE_MORGANA	Elder's Imbued Mace Head	Cabeça de Maça Imbuída do Ancião
1402	T8_ARTEFACT_2H_NATURESTAFF_HELL	Elder's Symbol of Blight	Símbolo de Malignidade do Ancião
1403	T8_ARTEFACT_2H_NATURESTAFF_KEEPER	Elder's Preserved Log	Cepo Preservado do Ancião
1404	T8_ARTEFACT_2H_RAM_KEEPER	Elder's Engraved Log	Cepo Entalhado do Ancião
1405	T8_ARTEFACT_2H_REPEATINGCROSSBOW_UNDEAD	Elder's Lost Crossbow Mechanism	Mecanismo de Besta Perdido do Ancião
1406	T8_ARTEFACT_2H_ROCKSTAFF_KEEPER	Elder's Preserved Rocks	Rochas Preservadas do Ancião
1407	T8_ARTEFACT_2H_SKULLORB_HELL	Elder's Cursed Jawbone	Mandíbula Amaldiçoada do Ancião
1408	T8_ARTEFACT_2H_TRIDENT_UNDEAD	Elder's Cursed Barbs	Farpas Amaldiçoadas do Ancião
1409	T8_ARTEFACT_2H_TWINSCYTHE_HELL	Elder's Hellish Sicklehead Pair	Par de Cabeças de Foice Diabólicas do Ancião
1410	T8_ARTEFACT_MAIN_ARCANESTAFF_UNDEAD	Elder's Lost Arcane Crystal	Cristal Arcano Perdido do Ancião
1411	T8_ARTEFACT_MAIN_CURSEDSTAFF_UNDEAD	Elder's Lost Cursed Crystal	Cristal Amaldiçoado Perdido do Ancião
1412	T8_ARTEFACT_MAIN_FIRESTAFF_KEEPER	Elder's Wildfire Orb	Orbe Incendiário do Ancião
1413	T8_ARTEFACT_MAIN_FROSTSTAFF_KEEPER	Elder's Hoarfrost Orb	Orbe Enregelante do Ancião
1414	T8_ARTEFACT_MAIN_MACE_HELL	Elder's Infernal Mace Head	Cabeça de Maça Infernal do Ancião
1415	T8_ARTEFACT_MAIN_NATURESTAFF_KEEPER	Elder's Druidic Inscriptions	Inscrições Druídicas do Ancião
1416	T8_ARTEFACT_MAIN_RAPIER_MORGANA	Elder's Hardened Debole	Débil Endurecido do Ancião
1417	T8_ARTEFACT_MAIN_ROCKMACE_KEEPER	Elder's Runed Rock	Rocha com Runas do Ancião
1418	T8_ARTEFACT_MAIN_SCIMITAR_MORGANA	Elder's Bloodforged Blade	Lâmina Forjada em Sangue do Ancião
1419	T8_ARTEFACT_MAIN_SPEAR_KEEPER	Elder's Keeper Spearhead	Cabeça de Lança Protetora do Ancião
1420	T4_ARTEFACT_2H_DAGGER_KATAR_AVALON	Adept's Bloodstained Antiquities	Antiquidades Ensanguentadas do Adepto
1421	T4_ARTEFACT_MAIN_SPEAR_LANCE_AVALON	Adept's Ruined Ancestral Vamplate	Vamplate Ancestral Arruinado do Adepto
1422	T4_ARTEFACT_2H_AXE_AVALON	Adept's Avalonian Battle Memoir	Memórias de Batalha Avaloniana do Adepto
1423	T4_ARTEFACT_2H_CLAYMORE_AVALON	Adept's Remnants of the Old King	Restos do Velho Rei do Adepto
1424	T4_ARTEFACT_2H_QUARTERSTAFF_AVALON	Adept's Timeworn Walking Staff	Bengala Desgastada do Adepto
1425	T4_ARTEFACT_2H_HAMMER_AVALON	Adept's Massive Metallic Hand	Mão Metálica do Adepto
1426	T4_ARTEFACT_2H_DUALMACE_AVALON	Adept's Broken Oaths	Juramentos Quebrados do Adepto
1427	T4_ARTEFACT_2H_BOW_AVALON	Adept's Immaculately Crafted Riser	Tubo Bem Fabricado do Adepto
1428	T4_ARTEFACT_2H_CROSSBOW_CANNON_AVALON	Adept's Humming Avalonian Whirligig	Turbilhão Sussurrante Avaloniano do Adepto
1429	T4_ARTEFACT_MAIN_CURSEDSTAFF_AVALON	Adept's Fractured Opaque Orb	Orbe Opaca Fraturada do Adepto
1430	T4_ARTEFACT_2H_FIRE_RINGPAIR_AVALON	Adept's Glowing Harmonic Ring	Anel Harmônico Brilhante do Adepto
1431	T4_ARTEFACT_MAIN_FROSTSTAFF_AVALON	Adept's Chilled Crystalline Shard	Fragmento Cristalino Gelado do Adepto
1432	T4_ARTEFACT_2H_ARCANE_RINGPAIR_AVALON	Adept's Hypnotic Harmonic Ring	Anel Harmônico Hipnótico do Adepto
1433	T4_ARTEFACT_MAIN_HOLYSTAFF_AVALON	Adept's Messianic Curio	Raridade Messiânica do Adepto
1434	T4_ARTEFACT_MAIN_NATURESTAFF_AVALON	Adept's Uprooted Perennial Sapling	Muda Desenraizada Perene do Adepto
1435	T5_ARTEFACT_2H_DAGGER_KATAR_AVALON	Expert's Bloodstained Antiquities	Antiquidades Ensanguentadas do Perito
1436	T5_ARTEFACT_MAIN_SPEAR_LANCE_AVALON	Expert's Ruined Ancestral Vamplate	Vamplate Ancestral Arruinado do Perito
1437	T5_ARTEFACT_2H_AXE_AVALON	Expert's Avalonian Battle Memoir	Memórias de Batalha Avaloniana do Perito
1438	T5_ARTEFACT_2H_CLAYMORE_AVALON	Expert's Remnants of the Old King	Restos do Velho Rei do Perito
1439	T5_ARTEFACT_2H_QUARTERSTAFF_AVALON	Expert's Timeworn Walking Staff	Bengala Desgastada do Perito
1440	T5_ARTEFACT_2H_HAMMER_AVALON	Expert's Massive Metallic Hand	Mão Metálica do Perito
1441	T5_ARTEFACT_2H_DUALMACE_AVALON	Expert's Broken Oaths	Juramentos Quebrados do Perito
1442	T5_ARTEFACT_2H_BOW_AVALON	Expert's Immaculately Crafted Riser	Tubo Bem Fabricado do Perito
1443	T5_ARTEFACT_2H_CROSSBOW_CANNON_AVALON	Expert's Humming Avalonian Whirligig	Turbilhão Sussurrante Avaloniano do Perito
1444	T5_ARTEFACT_MAIN_CURSEDSTAFF_AVALON	Expert's Fractured Opaque Orb	Orbe Opaca Fraturada do Perito
1445	T5_ARTEFACT_2H_FIRE_RINGPAIR_AVALON	Expert's Glowing Harmonic Ring	Anel Harmônico Brilhante do Perito
1446	T5_ARTEFACT_MAIN_FROSTSTAFF_AVALON	Expert's Chilled Crystalline Shard	Fragmento Cristalino Gelado do Perito
1447	T5_ARTEFACT_2H_ARCANE_RINGPAIR_AVALON	Expert's Hypnotic Harmonic Ring	Anel Harmônico Hipnótico do Perito
1448	T5_ARTEFACT_MAIN_HOLYSTAFF_AVALON	Expert's Messianic Curio	Raridade Messiânica do Perito
1449	T5_ARTEFACT_MAIN_NATURESTAFF_AVALON	Expert's Uprooted Perennial Sapling	Muda Desenraizada Perene do Perito
1450	T6_ARTEFACT_2H_DAGGER_KATAR_AVALON	Master's Bloodstained Antiquities	Antiquidades Ensanguentadas do Mestre
1451	T6_ARTEFACT_MAIN_SPEAR_LANCE_AVALON	Master's Ruined Ancestral Vamplate	Vamplate Ancestral Arruinado do Mestre
1452	T6_ARTEFACT_2H_AXE_AVALON	Master's Avalonian Battle Memoir	Memórias de Batalha Avaloniana do Mestre
1453	T6_ARTEFACT_2H_CLAYMORE_AVALON	Master's Remnants of the Old King	Restos do Velho Rei do Mestre
1454	T6_ARTEFACT_2H_QUARTERSTAFF_AVALON	Master's Timeworn Walking Staff	Bengala Desgastada do Mestre
1455	T6_ARTEFACT_2H_HAMMER_AVALON	Master's Massive Metallic Hand	Mão Metálica do Mestre
1456	T6_ARTEFACT_2H_DUALMACE_AVALON	Master's Broken Oaths	Juramentos Quebrados do Mestre
1457	T6_ARTEFACT_2H_BOW_AVALON	Master's Immaculately Crafted Riser	Tubo Bem Fabricado do Mestre
1458	T6_ARTEFACT_2H_CROSSBOW_CANNON_AVALON	Master's Humming Avalonian Whirligig	Turbilhão Sussurrante Avaloniano do Mestre
1459	T6_ARTEFACT_MAIN_CURSEDSTAFF_AVALON	Master's Fractured Opaque Orb	Orbe Opaca Fraturada do Mestre
1460	T6_ARTEFACT_2H_FIRE_RINGPAIR_AVALON	Master's Glowing Harmonic Ring	Anel Harmônico Brilhante do Mestre
1461	T6_ARTEFACT_MAIN_FROSTSTAFF_AVALON	Master's Chilled Crystalline Shard	Fragmento Cristalino Gelado do Mestre
1462	T6_ARTEFACT_2H_ARCANE_RINGPAIR_AVALON	Master's Hypnotic Harmonic Ring	Anel Harmônico Hipnótico do Mestre
1463	T6_ARTEFACT_MAIN_HOLYSTAFF_AVALON	Master's Messianic Curio	Raridade Messiânica do Mestre
1464	T6_ARTEFACT_MAIN_NATURESTAFF_AVALON	Master's Uprooted Perennial Sapling	Muda Desenraizada Perene do Mestre
1465	T7_ARTEFACT_2H_DAGGER_KATAR_AVALON	Grandmaster's Bloodstained Antiquities	Antiquidades Ensanguentadas do Grão-mestre
1466	T7_ARTEFACT_MAIN_SPEAR_LANCE_AVALON	Grandmaster's Ruined Ancestral Vamplate	Vamplate Ancestral Arruinado do Grão-mestre
1467	T7_ARTEFACT_2H_AXE_AVALON	Grandmaster's Avalonian Battle Memoir	Memórias de Batalha Avaloniana do Grão-mestre
1468	T7_ARTEFACT_2H_CLAYMORE_AVALON	Grandmaster's Remnants of the Old King	Restos do Velho Rei do Grão-mestre
1469	T7_ARTEFACT_2H_QUARTERSTAFF_AVALON	Grandmaster's Timeworn Walking Staff	Bengala Desgastada do Grão-mestre
1470	T7_ARTEFACT_2H_HAMMER_AVALON	Grandmaster's Massive Metallic Hand	Mão Metálica do Grão-mestre
1471	T7_ARTEFACT_2H_DUALMACE_AVALON	Grandmaster's Broken Oaths	Juramentos Quebrados do Grão-mestre
1472	T7_ARTEFACT_2H_BOW_AVALON	Grandmaster's Immaculately Crafted Riser	Tubo Bem Fabricado do Grão-mestre
1473	T7_ARTEFACT_2H_CROSSBOW_CANNON_AVALON	Grandmaster's Humming Avalonian Whirligig	Turbilhão Sussurrante Avaloniano do Grão-mestre
1474	T7_ARTEFACT_MAIN_CURSEDSTAFF_AVALON	Grandmaster's Fractured Opaque Orb	Orbe Opaca Fraturada do Grão-mestre
1475	T7_ARTEFACT_2H_FIRE_RINGPAIR_AVALON	Grandmaster's Glowing Harmonic Ring	Anel Harmônico Brilhante do Grão-mestre
1476	T7_ARTEFACT_MAIN_FROSTSTAFF_AVALON	Grandmaster's Chilled Crystalline Shard	Fragmento Cristalino Gelado do Grão-mestre
1477	T7_ARTEFACT_2H_ARCANE_RINGPAIR_AVALON	Grandmaster's Hypnotic Harmonic Ring	Anel Harmônico Hipnótico do Grão-mestre
1478	T7_ARTEFACT_MAIN_HOLYSTAFF_AVALON	Grandmaster's Messianic Curio	Raridade Messiânica do Grão-mestre
1479	T7_ARTEFACT_MAIN_NATURESTAFF_AVALON	Grandmaster's Uprooted Perennial Sapling	Muda Desenraizada Perene do Grão-mestre
1480	T8_ARTEFACT_2H_DAGGER_KATAR_AVALON	Elder's Bloodstained Antiquities	Antiquidades Ensanguentadas do Ancião
1481	T8_ARTEFACT_MAIN_SPEAR_LANCE_AVALON	Elder's Ruined Ancestral Vamplate	Vamplate Ancestral Arruinado do Ancião
1482	T8_ARTEFACT_2H_AXE_AVALON	Elder's Avalonian Battle Memoir	Memórias de Batalha Avaloniana do Ancião
1483	T8_ARTEFACT_2H_CLAYMORE_AVALON	Elder's Remnants of the Old King	Restos do Velho Rei do Ancião
1484	T8_ARTEFACT_2H_QUARTERSTAFF_AVALON	Elder's Timeworn Walking Staff	Bengala Desgastada do Ancião
1485	T8_ARTEFACT_2H_HAMMER_AVALON	Elder's Massive Metallic Hand	Mão Metálica do Ancião
1486	T8_ARTEFACT_2H_DUALMACE_AVALON	Elder's Broken Oaths	Juramentos Quebrados do Ancião
1487	T8_ARTEFACT_2H_BOW_AVALON	Elder's Immaculately Crafted Riser	Tubo Bem Fabricado do Ancião
1488	T8_ARTEFACT_2H_CROSSBOW_CANNON_AVALON	Elder's Humming Avalonian Whirligig	Turbilhão Sussurrante Avaloniano do Ancião
1489	T8_ARTEFACT_MAIN_CURSEDSTAFF_AVALON	Elder's Fractured Opaque Orb	Orbe Opaca Fraturada do Ancião
1490	T8_ARTEFACT_2H_FIRE_RINGPAIR_AVALON	Elder's Glowing Harmonic Ring	Anel Harmônico Brilhante do Ancião
1491	T8_ARTEFACT_MAIN_FROSTSTAFF_AVALON	Elder's Chilled Crystalline Shard	Fragmento Cristalino Gelado do Ancião
1492	T8_ARTEFACT_2H_ARCANE_RINGPAIR_AVALON	Elder's Hypnotic Harmonic Ring	Anel Harmônico Hipnótico do Ancião
1493	T8_ARTEFACT_MAIN_HOLYSTAFF_AVALON	Elder's Messianic Curio	Raridade Messiânica do Ancião
1494	T8_ARTEFACT_MAIN_NATURESTAFF_AVALON	Elder's Uprooted Perennial Sapling	Muda Desenraizada Perene do Ancião
1495	T4_ARTEFACT_2H_KNUCKLES_KEEPER	Adept's Ursine Guardian Remains	Restos de Guardião Ursino do Adepto
1496	T5_ARTEFACT_2H_KNUCKLES_KEEPER	Expert's Ursine Guardian Remains	Restos de Guardião Ursino do Perito
1497	T6_ARTEFACT_2H_KNUCKLES_KEEPER	Master's Ursine Guardian Remains	Restos de Guardião Ursino do Mestre
1498	T7_ARTEFACT_2H_KNUCKLES_KEEPER	Grandmaster's Ursine Guardian Remains	Restos de Guardião Ursino do Grão-mestre
1499	T8_ARTEFACT_2H_KNUCKLES_KEEPER	Elder's Ursine Guardian Remains	Restos de Guardião Ursino do Ancião
1500	T4_ARTEFACT_2H_KNUCKLES_HELL	Adept's Severed Demonic Horns	Chifres Demoníacos Cortados do Adepto
1501	T5_ARTEFACT_2H_KNUCKLES_HELL	Expert's Severed Demonic Horns	Chifres Demoníacos Cortados do Perito
1502	T6_ARTEFACT_2H_KNUCKLES_HELL	Master's Severed Demonic Horns	Chifres Demoníacos Cortados do Mestre
1503	T7_ARTEFACT_2H_KNUCKLES_HELL	Grandmaster's Severed Demonic Horns	Chifres Demoníacos Cortados do Grão-mestre
1504	T8_ARTEFACT_2H_KNUCKLES_HELL	Elder's Severed Demonic Horns	Chifres Demoníacos Cortados do Ancião
1505	T4_ARTEFACT_2H_KNUCKLES_MORGANA	Adept's Warped Raven Plate	Placa de Corvo Deformado do Adepto
1506	T5_ARTEFACT_2H_KNUCKLES_MORGANA	Expert's Warped Raven Plate	Placa de Corvo Deformado do Perito
1507	T6_ARTEFACT_2H_KNUCKLES_MORGANA	Master's Warped Raven Plate	Placa de Corvo Deformado do Mestre
1508	T7_ARTEFACT_2H_KNUCKLES_MORGANA	Grandmaster's Warped Raven Plate	Placa de Corvo Deformado do Grão-mestre
1509	T8_ARTEFACT_2H_KNUCKLES_MORGANA	Elder's Warped Raven Plate	Placa de Corvo Deformado do Ancião
1510	T4_ARTEFACT_2H_KNUCKLES_AVALON	Adept's Damaged Avalonian Gauntlet	Manopla Avaloniana Danificada do Adepto
1511	T5_ARTEFACT_2H_KNUCKLES_AVALON	Expert's Damaged Avalonian Gauntlet	Manopla Avaloniana Danificada do Perito
1512	T6_ARTEFACT_2H_KNUCKLES_AVALON	Master's Damaged Avalonian Gauntlet	Manopla Avaloniana Danificada do Mestre
1513	T7_ARTEFACT_2H_KNUCKLES_AVALON	Grandmaster's Damaged Avalonian Gauntlet	Manopla Avaloniana Danificada do Grão-mestre
1514	T8_ARTEFACT_2H_KNUCKLES_AVALON	Elder's Damaged Avalonian Gauntlet	Manopla Avaloniana Danificada do Ancião
1515	T4_ARTEFACT_MAIN_DAGGER_HELL	Adept's Broken Demonic Fang	Presa Demoníaca Quebrada do Adepto
1516	T5_ARTEFACT_MAIN_DAGGER_HELL	Expert's Broken Demonic Fang	Presa Demoníaca Quebrada do Perito
1517	T6_ARTEFACT_MAIN_DAGGER_HELL	Master's Broken Demonic Fang	Presa Demoníaca Quebrada do Mestre
1518	T7_ARTEFACT_MAIN_DAGGER_HELL	Grandmaster's Broken Demonic Fang	Presa Demoníaca Quebrada do Grão-mestre
1519	T8_ARTEFACT_MAIN_DAGGER_HELL	Elder's Broken Demonic Fang	Presa Demoníaca Quebrada do Ancião
1520	T4_ARTEFACT_2H_SHAPESHIFTER_MORGANA	Adept's Werewolf Remnant	Restos de Lobisomem do Adepto
1521	T5_ARTEFACT_2H_SHAPESHIFTER_MORGANA	Expert's Werewolf Remnant	Restos de Lobisomem do Perito
1522	T6_ARTEFACT_2H_SHAPESHIFTER_MORGANA	Master's Werewolf Remnant	Restos de Lobisomem do Mestre
1523	T7_ARTEFACT_2H_SHAPESHIFTER_MORGANA	Grandmaster's Werewolf Remnant	Restos de Lobisomem do Grão-mestre
1524	T8_ARTEFACT_2H_SHAPESHIFTER_MORGANA	Elder's Werewolf Remnant	Restos de Lobisomem do Ancião
1525	T4_ARTEFACT_2H_SHAPESHIFTER_HELL	Adept's Hellfire Imp Remnant	Restos de Diabrete Infernal do Adepto
1526	T5_ARTEFACT_2H_SHAPESHIFTER_HELL	Expert's Hellfire Imp Remnant	Restos de Diabrete Infernal do Perito
1527	T6_ARTEFACT_2H_SHAPESHIFTER_HELL	Master's Hellfire Imp Remnant	Restos de Diabrete Infernal do Mestre
1528	T7_ARTEFACT_2H_SHAPESHIFTER_HELL	Grandmaster's Hellfire Imp Remnant	Restos de Diabrete Infernal do Grão-mestre
1529	T8_ARTEFACT_2H_SHAPESHIFTER_HELL	Elder's Hellfire Imp Remnant	Restos de Diabrete Infernal do Ancião
1530	T4_ARTEFACT_2H_SHAPESHIFTER_KEEPER	Adept's Runestone Golem Remnant	Restos de Golem de Pedra Rúnica do Adepto
1531	T5_ARTEFACT_2H_SHAPESHIFTER_KEEPER	Expert's Runestone Golem Remnant	Restos de Golem de Pedra Rúnica do Perito
1532	T6_ARTEFACT_2H_SHAPESHIFTER_KEEPER	Master's Runestone Golem Remnant	Restos de Golem de Pedra Rúnica do Mestre
1533	T7_ARTEFACT_2H_SHAPESHIFTER_KEEPER	Grandmaster's Runestone Golem Remnant	Restos de Golem de Pedra Rúnica do Grão-mestre
1534	T8_ARTEFACT_2H_SHAPESHIFTER_KEEPER	Elder's Runestone Golem Remnant	Restos de Golem de Pedra Rúnica do Ancião
1535	T4_ARTEFACT_2H_SHAPESHIFTER_AVALON	Adept's Dawnbird Remnant	Restos de Águia da Alvorada do Adepto
1536	T5_ARTEFACT_2H_SHAPESHIFTER_AVALON	Expert's Dawnbird Remnant	Restos de Águia da Alvorada do Perito
1537	T6_ARTEFACT_2H_SHAPESHIFTER_AVALON	Master's Dawnbird Remnant	Restos de Águia da Alvorada do Mestre
1538	T7_ARTEFACT_2H_SHAPESHIFTER_AVALON	Grandmaster's Dawnbird Remnant	Restos de Águia da Alvorada do Grão-mestre
1539	T8_ARTEFACT_2H_SHAPESHIFTER_AVALON	Elder's Dawnbird Remnant	Restos de Águia da Alvorada do Ancião
1540	T4_ARTEFACT_2H_GLAIVE_CRYSTAL	Adept's Rift Crystal	Cristal Fraturado do Adepto
1541	T5_ARTEFACT_2H_GLAIVE_CRYSTAL	Expert's Rift Crystal	Cristal Fraturado do Perito
1542	T6_ARTEFACT_2H_GLAIVE_CRYSTAL	Master's Rift Crystal	Cristal Fraturado do Mestre
1543	T7_ARTEFACT_2H_GLAIVE_CRYSTAL	Grandmaster's Rift Crystal	Cristal Fraturado do Grão-mestre
1544	T8_ARTEFACT_2H_GLAIVE_CRYSTAL	Elder's Rift Crystal	Cristal Fraturado do Ancião
1545	T4_ARTEFACT_2H_ARCANESTAFF_CRYSTAL	Adept's Startouched Crystal	Cristal Estrelado do Adepto
1546	T5_ARTEFACT_2H_ARCANESTAFF_CRYSTAL	Expert's Startouched Crystal	Cristal Estrelado do Perito
1547	T6_ARTEFACT_2H_ARCANESTAFF_CRYSTAL	Master's Startouched Crystal	Cristal Estrelado do Mestre
1548	T7_ARTEFACT_2H_ARCANESTAFF_CRYSTAL	Grandmaster's Startouched Crystal	Cristal Estrelado do Grão-mestre
1549	T8_ARTEFACT_2H_ARCANESTAFF_CRYSTAL	Elder's Startouched Crystal	Cristal Estrelado do Ancião
1550	T4_ARTEFACT_MAIN_SWORD_CRYSTAL	Adept's Infinite Crystal	Cristal Infinito do Adepto
1551	T5_ARTEFACT_MAIN_SWORD_CRYSTAL	Expert's Infinite Crystal	Cristal Infinito do Perito
1552	T6_ARTEFACT_MAIN_SWORD_CRYSTAL	Master's Infinite Crystal	Cristal Infinito do Mestre
1553	T7_ARTEFACT_MAIN_SWORD_CRYSTAL	Grandmaster's Infinite Crystal	Cristal Infinito do Grão-mestre
1554	T8_ARTEFACT_MAIN_SWORD_CRYSTAL	Elder's Infinite Crystal	Cristal Infinito do Ancião
1555	T4_ARTEFACT_2H_DOUBLEBLADEDSTAFF_CRYSTAL	Adept's Mirage Crystal	Cristal Ilusório do Adepto
1556	T5_ARTEFACT_2H_DOUBLEBLADEDSTAFF_CRYSTAL	Expert's Mirage Crystal	Cristal Ilusório do Perito
1557	T6_ARTEFACT_2H_DOUBLEBLADEDSTAFF_CRYSTAL	Master's Mirage Crystal	Cristal Ilusório do Mestre
1558	T7_ARTEFACT_2H_DOUBLEBLADEDSTAFF_CRYSTAL	Grandmaster's Mirage Crystal	Cristal Ilusório do Grão-mestre
1559	T8_ARTEFACT_2H_DOUBLEBLADEDSTAFF_CRYSTAL	Elder's Mirage Crystal	Cristal Ilusório do Ancião
1560	T4_ARTEFACT_2H_FROSTSTAFF_CRYSTAL	Adept's Icy Crystal	Cristal Gelado do Adepto
1561	T5_ARTEFACT_2H_FROSTSTAFF_CRYSTAL	Expert's Icy Crystal	Cristal Gelado do Perito
1562	T6_ARTEFACT_2H_FROSTSTAFF_CRYSTAL	Master's Icy Crystal	Cristal Gelado do Mestre
1563	T7_ARTEFACT_2H_FROSTSTAFF_CRYSTAL	Grandmaster's Icy Crystal	Cristal Gelado do Grão-mestre
1564	T8_ARTEFACT_2H_FROSTSTAFF_CRYSTAL	Elder's Icy Crystal	Cristal Gelado do Ancião
1565	T4_ARTEFACT_2H_SCYTHE_CRYSTAL	Adept's Edged Crystal	Cristal Afiado do Adepto
1566	T5_ARTEFACT_2H_SCYTHE_CRYSTAL	Expert's Edged Crystal	Cristal Afiado do Perito
1567	T6_ARTEFACT_2H_SCYTHE_CRYSTAL	Master's Edged Crystal	Cristal Afiado do Mestre
1568	T7_ARTEFACT_2H_SCYTHE_CRYSTAL	Grandmaster's Edged Crystal	Cristal Afiado do Grão-mestre
1569	T8_ARTEFACT_2H_SCYTHE_CRYSTAL	Elder's Edged Crystal	Cristal Afiado do Ancião
1570	T4_ARTEFACT_MAIN_MACE_CRYSTAL	Adept's Dreadstorm Crystal	Cristal Tempestuoso do Adepto
1571	T5_ARTEFACT_MAIN_MACE_CRYSTAL	Expert's Dreadstorm Crystal	Cristal Tempestuoso do Perito
1572	T6_ARTEFACT_MAIN_MACE_CRYSTAL	Master's Dreadstorm Crystal	Cristal Tempestuoso do Mestre
1573	T7_ARTEFACT_MAIN_MACE_CRYSTAL	Grandmaster's Dreadstorm Crystal	Cristal Tempestuoso do Grão-mestre
1574	T8_ARTEFACT_MAIN_MACE_CRYSTAL	Elder's Dreadstorm Crystal	Cristal Tempestuoso do Ancião
1575	T4_ARTEFACT_2H_HOLYSTAFF_CRYSTAL	Adept's Exalted Crystal	Cristal Exaltado do Adepto
1576	T5_ARTEFACT_2H_HOLYSTAFF_CRYSTAL	Expert's Exalted Crystal	Cristal Exaltado do Perito
1577	T6_ARTEFACT_2H_HOLYSTAFF_CRYSTAL	Master's Exalted Crystal	Cristal Exaltado do Mestre
1578	T7_ARTEFACT_2H_HOLYSTAFF_CRYSTAL	Grandmaster's Exalted Crystal	Cristal Exaltado do Grão-mestre
1579	T8_ARTEFACT_2H_HOLYSTAFF_CRYSTAL	Elder's Exalted Crystal	Cristal Exaltado do Ancião
1580	T4_ARTEFACT_2H_DAGGERPAIR_CRYSTAL	Adept's Death-Touched Crystal	Cristal Mortífero do Adepto
1581	T5_ARTEFACT_2H_DAGGERPAIR_CRYSTAL	Expert's Death-Touched Crystal	Cristal Mortífero do Perito
1582	T6_ARTEFACT_2H_DAGGERPAIR_CRYSTAL	Master's Death-Touched Crystal	Cristal Mortífero do Mestre
1583	T7_ARTEFACT_2H_DAGGERPAIR_CRYSTAL	Grandmaster's Death-Touched Crystal	Cristal Mortífero do Grão-mestre
1584	T8_ARTEFACT_2H_DAGGERPAIR_CRYSTAL	Elder's Death-Touched Crystal	Cristal Mortífero do Ancião
1585	T4_ARTEFACT_MAIN_CURSEDSTAFF_CRYSTAL	Adept's Rotten Crystal	Cristal Apodrecido do Adepto
1586	T5_ARTEFACT_MAIN_CURSEDSTAFF_CRYSTAL	Expert's Rotten Crystal	Cristal Apodrecido do Perito
1587	T6_ARTEFACT_MAIN_CURSEDSTAFF_CRYSTAL	Master's Rotten Crystal	Cristal Apodrecido do Mestre
1588	T7_ARTEFACT_MAIN_CURSEDSTAFF_CRYSTAL	Grandmaster's Rotten Crystal	Cristal Apodrecido do Grão-mestre
1589	T8_ARTEFACT_MAIN_CURSEDSTAFF_CRYSTAL	Elder's Rotten Crystal	Cristal Apodrecido do Ancião
1590	T4_ARTEFACT_2H_KNUCKLES_CRYSTAL	Adept's Pulsating Crystal	Cristal Pulsante do Adepto
1591	T5_ARTEFACT_2H_KNUCKLES_CRYSTAL	Expert's Pulsating Crystal	Cristal Pulsante do Perito
1592	T6_ARTEFACT_2H_KNUCKLES_CRYSTAL	Master's Pulsating Crystal	Cristal Pulsante do Mestre
1593	T7_ARTEFACT_2H_KNUCKLES_CRYSTAL	Grandmaster's Pulsating Crystal	Cristal Pulsante do Grão-mestre
1594	T8_ARTEFACT_2H_KNUCKLES_CRYSTAL	Elder's Pulsating Crystal	Cristal Pulsante do Ancião
1595	T4_ARTEFACT_2H_BOW_CRYSTAL	Adept's Windborne Crystal	Cristal Aéreo do Adepto
1596	T5_ARTEFACT_2H_BOW_CRYSTAL	Expert's Windborne Crystal	Cristal Aéreo do Perito
1597	T6_ARTEFACT_2H_BOW_CRYSTAL	Master's Windborne Crystal	Cristal Aéreo do Mestre
1598	T7_ARTEFACT_2H_BOW_CRYSTAL	Grandmaster's Windborne Crystal	Cristal Aéreo do Grão-mestre
1599	T8_ARTEFACT_2H_BOW_CRYSTAL	Elder's Windborne Crystal	Cristal Aéreo do Ancião
1600	T4_ARTEFACT_MAIN_FIRESTAFF_CRYSTAL	Adept's Pyreheart Crystal	Cristal Pírico do Adepto
1601	T5_ARTEFACT_MAIN_FIRESTAFF_CRYSTAL	Expert's Pyreheart Crystal	Cristal Pírico do Perito
1602	T6_ARTEFACT_MAIN_FIRESTAFF_CRYSTAL	Master's Pyreheart Crystal	Cristal Pírico do Mestre
1603	T7_ARTEFACT_MAIN_FIRESTAFF_CRYSTAL	Grandmaster's Pyreheart Crystal	Cristal Pírico do Grão-mestre
1604	T8_ARTEFACT_MAIN_FIRESTAFF_CRYSTAL	Elder's Pyreheart Crystal	Cristal Pírico do Ancião
1605	T4_ARTEFACT_MAIN_NATURESTAFF_CRYSTAL	Adept's Forged Crystal	Cristal Forjado do Adepto
1606	T5_ARTEFACT_MAIN_NATURESTAFF_CRYSTAL	Expert's Forged Crystal	Cristal Forjado do Perito
1607	T6_ARTEFACT_MAIN_NATURESTAFF_CRYSTAL	Master's Forged Crystal	Cristal Forjado do Mestre
1608	T7_ARTEFACT_MAIN_NATURESTAFF_CRYSTAL	Grandmaster's Forged Crystal	Cristal Forjado do Grão-mestre
1609	T8_ARTEFACT_MAIN_NATURESTAFF_CRYSTAL	Elder's Forged Crystal	Cristal Forjado do Ancião
1610	T4_ARTEFACT_2H_DUALCROSSBOW_CRYSTAL	Adept's Arclight Crystal	Cristal Reluzente do Adepto
1611	T5_ARTEFACT_2H_DUALCROSSBOW_CRYSTAL	Expert's Arclight Crystal	Cristal Reluzente do Perito
1612	T6_ARTEFACT_2H_DUALCROSSBOW_CRYSTAL	Master's Arclight Crystal	Cristal Reluzente do Mestre
1613	T7_ARTEFACT_2H_DUALCROSSBOW_CRYSTAL	Grandmaster's Arclight Crystal	Cristal Reluzente do Grão-mestre
1614	T8_ARTEFACT_2H_DUALCROSSBOW_CRYSTAL	Elder's Arclight Crystal	Cristal Reluzente do Ancião
1615	T4_ARTEFACT_2H_HAMMER_CRYSTAL	Adept's Crackling Crystal	Cristal Crepitante do Adepto
1616	T5_ARTEFACT_2H_HAMMER_CRYSTAL	Expert's Crackling Crystal	Cristal Crepitante do Perito
1617	T6_ARTEFACT_2H_HAMMER_CRYSTAL	Master's Crackling Crystal	Cristal Crepitante do Mestre
1618	T7_ARTEFACT_2H_HAMMER_CRYSTAL	Grandmaster's Crackling Crystal	Cristal Crepitante do Grão-mestre
1619	T8_ARTEFACT_2H_HAMMER_CRYSTAL	Elder's Crackling Crystal	Cristal Crepitante do Ancião
1620	T4_ARTEFACT_2H_SHAPESHIFTER_CRYSTAL	Adept's Serpent Crystal	Cristal Serpentino do Adepto
1621	T5_ARTEFACT_2H_SHAPESHIFTER_CRYSTAL	Expert's Serpent Crystal	Cristal Serpentino do Perito
1622	T6_ARTEFACT_2H_SHAPESHIFTER_CRYSTAL	Master's Serpent Crystal	Cristal Serpentino do Mestre
1623	T7_ARTEFACT_2H_SHAPESHIFTER_CRYSTAL	Grandmaster's Serpent Crystal	Cristal Serpentino do Grão-mestre
1624	T8_ARTEFACT_2H_SHAPESHIFTER_CRYSTAL	Elder's Serpent Crystal	Cristal Serpentino do Ancião
1625	T4_ARTEFACT_OFF_SHIELD_CRYSTAL	Adept's Unbreakable Crystal	Cristal Inquebrável do Adepto
1626	T5_ARTEFACT_OFF_SHIELD_CRYSTAL	Expert's Unbreakable Crystal	Cristal Inquebrável do Perito
1627	T6_ARTEFACT_OFF_SHIELD_CRYSTAL	Master's Unbreakable Crystal	Cristal Inquebrável do Mestre
1628	T7_ARTEFACT_OFF_SHIELD_CRYSTAL	Grandmaster's Unbreakable Crystal	Cristal Inquebrável do Grão-mestre
1629	T8_ARTEFACT_OFF_SHIELD_CRYSTAL	Elder's Unbreakable Crystal	Cristal Inquebrável do Ancião
1630	T4_ARTEFACT_OFF_TORCH_CRYSTAL	Adept's Blueflame Crystal	Cristal Chama Azul do Adepto
1631	T5_ARTEFACT_OFF_TORCH_CRYSTAL	Expert's Blueflame Crystal	Cristal Chama Azul do Perito
1632	T6_ARTEFACT_OFF_TORCH_CRYSTAL	Master's Blueflame Crystal	Cristal Chama Azul do Mestre
1633	T7_ARTEFACT_OFF_TORCH_CRYSTAL	Grandmaster's Blueflame Crystal	Cristal Chama Azul do Grão-mestre
1634	T8_ARTEFACT_OFF_TORCH_CRYSTAL	Elder's Blueflame Crystal	Cristal Chama Azul do Ancião
1635	T4_ARTEFACT_OFF_TOME_CRYSTAL	Adept's Timelocked Crystal	Cristal Estagnado do Adepto
1636	T5_ARTEFACT_OFF_TOME_CRYSTAL	Expert's Timelocked Crystal	Cristal Estagnado do Perito
1637	T6_ARTEFACT_OFF_TOME_CRYSTAL	Master's Timelocked Crystal	Cristal Estagnado do Mestre
1638	T7_ARTEFACT_OFF_TOME_CRYSTAL	Grandmaster's Timelocked Crystal	Cristal Estagnado do Grão-mestre
1639	T8_ARTEFACT_OFF_TOME_CRYSTAL	Elder's Timelocked Crystal	Cristal Estagnado do Ancião
1640	T4_ARTEFACT_2H_BOW_CRYSTAL_DECAY		
1641	T5_ARTEFACT_2H_BOW_CRYSTAL_DECAY		
1642	T6_ARTEFACT_2H_BOW_CRYSTAL_DECAY		
1643	T7_ARTEFACT_2H_BOW_CRYSTAL_DECAY		
1644	T8_ARTEFACT_2H_BOW_CRYSTAL_DECAY		
1645	T4_ARTEFACT_2H_KNUCKLES_CRYSTAL_DECAY		
1646	T5_ARTEFACT_2H_KNUCKLES_CRYSTAL_DECAY		
1647	T6_ARTEFACT_2H_KNUCKLES_CRYSTAL_DECAY		
1648	T7_ARTEFACT_2H_KNUCKLES_CRYSTAL_DECAY		
1649	T8_ARTEFACT_2H_KNUCKLES_CRYSTAL_DECAY		
1650	T4_ARTEFACT_MAIN_CURSEDSTAFF_CRYSTAL_DECAY		
1651	T5_ARTEFACT_MAIN_CURSEDSTAFF_CRYSTAL_DECAY		
1652	T6_ARTEFACT_MAIN_CURSEDSTAFF_CRYSTAL_DECAY		
1653	T7_ARTEFACT_MAIN_CURSEDSTAFF_CRYSTAL_DECAY		
1654	T8_ARTEFACT_MAIN_CURSEDSTAFF_CRYSTAL_DECAY		
1655	T4_ARTEFACT_OFF_TOWERSHIELD_UNDEAD	Adept's Ancient Shield Core	Núcleo de Escudo Ancestral do Adepto
1656	T5_ARTEFACT_OFF_TOWERSHIELD_UNDEAD	Expert's Ancient Shield Core	Núcleo de Escudo Ancestral do Perito
1657	T6_ARTEFACT_OFF_TOWERSHIELD_UNDEAD	Master's Ancient Shield Core	Núcleo de Escudo Ancestral do Mestre
1658	T7_ARTEFACT_OFF_TOWERSHIELD_UNDEAD	Grandmaster's Ancient Shield Core	Núcleo de Escudo Ancestral do Grão-mestre
1659	T8_ARTEFACT_OFF_TOWERSHIELD_UNDEAD	Elder's Ancient Shield Core	Núcleo de Escudo Ancestral do Ancião
1660	T4_ARTEFACT_OFF_SHIELD_HELL	Adept's Infernal Shield Core	Núcleo de Escudo Infernal do Adepto
1661	T5_ARTEFACT_OFF_SHIELD_HELL	Expert's Infernal Shield Core	Núcleo de Escudo Infernal do Perito
1662	T6_ARTEFACT_OFF_SHIELD_HELL	Master's Infernal Shield Core	Núcleo de Escudo Infernal do Mestre
1663	T7_ARTEFACT_OFF_SHIELD_HELL	Grandmaster's Infernal Shield Core	Núcleo de Escudo Infernal do Grão-mestre
1664	T8_ARTEFACT_OFF_SHIELD_HELL	Elder's Infernal Shield Core	Núcleo de Escudo Infernal do Ancião
1665	T4_ARTEFACT_OFF_SPIKEDSHIELD_MORGANA	Adept's Bloodforged Spikes	Cavilhas Forjadas em Sangue do Adepto
1666	T5_ARTEFACT_OFF_SPIKEDSHIELD_MORGANA	Expert's Bloodforged Spikes	Cavilhas Forjadas em Sangue do Perito
1667	T6_ARTEFACT_OFF_SPIKEDSHIELD_MORGANA	Master's Bloodforged Spikes	Cavilhas Forjadas em Sangue do Mestre
1668	T7_ARTEFACT_OFF_SPIKEDSHIELD_MORGANA	Grandmaster's Bloodforged Spikes	Cavilhas Forjadas em Sangue do Grão-mestre
1669	T8_ARTEFACT_OFF_SPIKEDSHIELD_MORGANA	Elder's Bloodforged Spikes	Cavilhas Forjadas em Sangue do Ancião
1670	T4_ARTEFACT_OFF_SHIELD_AVALON	Adept's Crushed Avalonian Heirloom	Relíquia Avaloniana Destruída do Adepto
1671	T5_ARTEFACT_OFF_SHIELD_AVALON	Expert's Crushed Avalonian Heirloom	Relíquia Avaloniana Destruída do Perito
1672	T6_ARTEFACT_OFF_SHIELD_AVALON	Master's Crushed Avalonian Heirloom	Relíquia Avaloniana Destruída do Mestre
1673	T7_ARTEFACT_OFF_SHIELD_AVALON	Grandmaster's Crushed Avalonian Heirloom	Relíquia Avaloniana Destruída do Grão-mestre
1674	T8_ARTEFACT_OFF_SHIELD_AVALON	Elder's Crushed Avalonian Heirloom	Relíquia Avaloniana Destruída do Ancião
1675	T4_ARTEFACT_OFF_ORB_MORGANA	Adept's Alluring Crystal	Cristal Fascinante do Adepto
1676	T5_ARTEFACT_OFF_ORB_MORGANA	Expert's Alluring Crystal	Cristal Fascinante do Perito
1677	T6_ARTEFACT_OFF_ORB_MORGANA	Master's Alluring Crystal	Cristal Fascinante do Mestre
1678	T7_ARTEFACT_OFF_ORB_MORGANA	Grandmaster's Alluring Crystal	Cristal Fascinante do Grão-mestre
1679	T8_ARTEFACT_OFF_ORB_MORGANA	Elder's Alluring Crystal	Cristal Fascinante do Ancião
1680	T4_ARTEFACT_OFF_DEMONSKULL_HELL	Adept's Demonic Jawbone	Mandíbula Demoníaca do Adepto
1681	T5_ARTEFACT_OFF_DEMONSKULL_HELL	Expert's Demonic Jawbone	Mandíbula Demoníaca do Perito
1682	T6_ARTEFACT_OFF_DEMONSKULL_HELL	Master's Demonic Jawbone	Mandíbula Demoníaca do Mestre
1683	T7_ARTEFACT_OFF_DEMONSKULL_HELL	Grandmaster's Demonic Jawbone	Mandíbula Demoníaca do Grão-mestre
1684	T8_ARTEFACT_OFF_DEMONSKULL_HELL	Elder's Demonic Jawbone	Mandíbula Demoníaca do Ancião
1685	T4_ARTEFACT_OFF_TOTEM_KEEPER	Adept's Inscribed Stone	Pedra Inscrita do Adepto
1686	T5_ARTEFACT_OFF_TOTEM_KEEPER	Expert's Inscribed Stone	Pedra Inscrita do Perito
1687	T6_ARTEFACT_OFF_TOTEM_KEEPER	Master's Inscribed Stone	Pedra Inscrita do Mestre
1688	T7_ARTEFACT_OFF_TOTEM_KEEPER	Grandmaster's Inscribed Stone	Pedra Inscrita do Grão-mestre
1689	T8_ARTEFACT_OFF_TOTEM_KEEPER	Elder's Inscribed Stone	Pedra Inscrita do Ancião
1690	T4_ARTEFACT_OFF_CENSER_AVALON	Adept's Severed Celestial Keepsake	Lembrança Celestial Rompida do Adepto
1691	T5_ARTEFACT_OFF_CENSER_AVALON	Expert's Severed Celestial Keepsake	Lembrança Celestial Rompida do Perito
1692	T6_ARTEFACT_OFF_CENSER_AVALON	Master's Severed Celestial Keepsake	Lembrança Celestial Rompida do Mestre
1693	T7_ARTEFACT_OFF_CENSER_AVALON	Grandmaster's Severed Celestial Keepsake	Lembrança Celestial Rompida do Grão-mestre
1694	T8_ARTEFACT_OFF_CENSER_AVALON	Elder's Severed Celestial Keepsake	Lembrança Celestial Rompida do Ancião
1695	T4_ARTEFACT_OFF_HORN_KEEPER	Adept's Runed Horn	Chifre com Runa do Adepto
1696	T5_ARTEFACT_OFF_HORN_KEEPER	Expert's Runed Horn	Chifre com Runa do Perito
1697	T6_ARTEFACT_OFF_HORN_KEEPER	Master's Runed Horn	Chifre com Runa do Mestre
1698	T7_ARTEFACT_OFF_HORN_KEEPER	Grandmaster's Runed Horn	Chifre com Runa do Grão-mestre
1699	T8_ARTEFACT_OFF_HORN_KEEPER	Elder's Runed Horn	Chifre com Runa do Ancião
1700	T4_ARTEFACT_OFF_JESTERCANE_HELL	Adept's Hellish Handle	Manípulo Diabólico do Adepto
1701	T5_ARTEFACT_OFF_JESTERCANE_HELL	Expert's Hellish Handle	Manípulo Diabólico do Perito
1702	T6_ARTEFACT_OFF_JESTERCANE_HELL	Master's Hellish Handle	Manípulo Diabólico do Mestre
1703	T7_ARTEFACT_OFF_JESTERCANE_HELL	Grandmaster's Hellish Handle	Manípulo Diabólico do Grão-mestre
1704	T8_ARTEFACT_OFF_JESTERCANE_HELL	Elder's Hellish Handle	Manípulo Diabólico do Ancião
1705	T4_ARTEFACT_OFF_LAMP_UNDEAD	Adept's Ghastly Candle	Vela Sinistra do Adepto
1706	T5_ARTEFACT_OFF_LAMP_UNDEAD	Expert's Ghastly Candle	Vela Sinistra do Perito
1707	T6_ARTEFACT_OFF_LAMP_UNDEAD	Master's Ghastly Candle	Vela Sinistra do Mestre
1708	T7_ARTEFACT_OFF_LAMP_UNDEAD	Grandmaster's Ghastly Candle	Vela Sinistra do Grão-mestre
1709	T8_ARTEFACT_OFF_LAMP_UNDEAD	Elder's Ghastly Candle	Vela Sinistra do Ancião
1710	T4_ARTEFACT_OFF_TALISMAN_AVALON	Adept's Shattered Avalonian Memento	Lembrança Avaloniana Despedaçada do Adepto
1711	T5_ARTEFACT_OFF_TALISMAN_AVALON	Expert's Shattered Avalonian Memento	Lembrança Avaloniana Despedaçada do Perito
1712	T6_ARTEFACT_OFF_TALISMAN_AVALON	Master's Shattered Avalonian Memento	Lembrança Avaloniana Despedaçada do Mestre
1713	T7_ARTEFACT_OFF_TALISMAN_AVALON	Grandmaster's Shattered Avalonian Memento	Lembrança Avaloniana Despedaçada do Grão-mestre
1714	T8_ARTEFACT_OFF_TALISMAN_AVALON	Elder's Shattered Avalonian Memento	Lembrança Avaloniana Despedaçada do Ancião
1715	T4_ARTEFACT_HEAD_PLATE_UNDEAD	Adept's Ancient Padding	Estofamento Ancestral do Adepto
1716	T5_ARTEFACT_HEAD_PLATE_UNDEAD	Expert's Ancient Padding	Estofamento Ancestral do Perito
1717	T6_ARTEFACT_HEAD_PLATE_UNDEAD	Master's Ancient Padding	Estofamento Ancestral do Mestre
1718	T7_ARTEFACT_HEAD_PLATE_UNDEAD	Grandmaster's Ancient Padding	Estofamento Ancestral do Grão-mestre
1719	T8_ARTEFACT_HEAD_PLATE_UNDEAD	Elder's Ancient Padding	Estofamento Ancestral do Ancião
1720	T4_ARTEFACT_ARMOR_PLATE_UNDEAD	Adept's Ancient Chain Rings	Anilhas Ancestrais do Adepto
1721	T5_ARTEFACT_ARMOR_PLATE_UNDEAD	Expert's Ancient Chain Rings	Anilhas Ancestrais do Perito
1722	T6_ARTEFACT_ARMOR_PLATE_UNDEAD	Master's Ancient Chain Rings	Anilhas Ancestrais do Mestre
1723	T7_ARTEFACT_ARMOR_PLATE_UNDEAD	Grandmaster's Ancient Chain Rings	Anilhas Ancestrais do Grão-mestre
1724	T8_ARTEFACT_ARMOR_PLATE_UNDEAD	Elder's Ancient Chain Rings	Anilhas Ancestrais do Ancião
1725	T4_ARTEFACT_SHOES_PLATE_UNDEAD	Adept's Ancient Bindings	Ataduras Ancestrais do Adepto
1726	T5_ARTEFACT_SHOES_PLATE_UNDEAD	Expert's Ancient Bindings	Ataduras Ancestrais do Perito
1727	T6_ARTEFACT_SHOES_PLATE_UNDEAD	Master's Ancient Bindings	Ataduras Ancestrais do Mestre
1728	T7_ARTEFACT_SHOES_PLATE_UNDEAD	Grandmaster's Ancient Bindings	Ataduras Ancestrais do Grão-mestre
1729	T8_ARTEFACT_SHOES_PLATE_UNDEAD	Elder's Ancient Bindings	Ataduras Ancestrais do Ancião
1730	T4_ARTEFACT_HEAD_PLATE_HELL	Adept's Demonic Scraps	Restos Demoníacos do Adepto
1731	T5_ARTEFACT_HEAD_PLATE_HELL	Expert's Demonic Scraps	Restos Demoníacos do Perito
1732	T6_ARTEFACT_HEAD_PLATE_HELL	Master's Demonic Scraps	Restos Demoníacos do Mestre
1733	T7_ARTEFACT_HEAD_PLATE_HELL	Grandmaster's Demonic Scraps	Restos Demoníacos do Grão-mestre
1734	T8_ARTEFACT_HEAD_PLATE_HELL	Elder's Demonic Scraps	Restos Demoníacos do Ancião
1735	T4_ARTEFACT_ARMOR_PLATE_HELL	Adept's Demonic Plates	Placas Demoníacas do Adepto
1736	T5_ARTEFACT_ARMOR_PLATE_HELL	Expert's Demonic Plates	Placas Demoníacas do Perito
1737	T6_ARTEFACT_ARMOR_PLATE_HELL	Master's Demonic Plates	Placas Demoníacas do Mestre
1738	T7_ARTEFACT_ARMOR_PLATE_HELL	Grandmaster's Demonic Plates	Placas Demoníacas do Grão-mestre
1739	T8_ARTEFACT_ARMOR_PLATE_HELL	Elder's Demonic Plates	Placas Demoníacas do Ancião
1740	T4_ARTEFACT_SHOES_PLATE_HELL	Adept's Demonic Filling	Preenchimento Demoníaco do Adepto
1741	T5_ARTEFACT_SHOES_PLATE_HELL	Expert's Demonic Filling	Preenchimento Demoníaco do Perito
1742	T6_ARTEFACT_SHOES_PLATE_HELL	Master's Demonic Filling	Preenchimento Demoníaco do Mestre
1743	T7_ARTEFACT_SHOES_PLATE_HELL	Grandmaster's Demonic Filling	Preenchimento Demoníaco do Grão-mestre
1744	T8_ARTEFACT_SHOES_PLATE_HELL	Elder's Demonic Filling	Preenchimento Demoníaco do Ancião
1745	T4_ARTEFACT_HEAD_PLATE_KEEPER	Adept's Carved Skull Padding	Estofamento de Caveira Entalhada do Adepto
1746	T5_ARTEFACT_HEAD_PLATE_KEEPER	Expert's Carved Skull Padding	Estofamento de Caveira Entalhada do Perito
1747	T6_ARTEFACT_HEAD_PLATE_KEEPER	Master's Carved Skull Padding	Estofamento de Caveira Entalhada do Mestre
1748	T7_ARTEFACT_HEAD_PLATE_KEEPER	Grandmaster's Carved Skull Padding	Estofamento de Caveira Entalhada do Grão-mestre
1749	T8_ARTEFACT_HEAD_PLATE_KEEPER	Elder's Carved Skull Padding	Estofamento de Caveira Entalhada do Ancião
1750	T4_ARTEFACT_ARMOR_PLATE_KEEPER	Adept's Preserved Animal Fur	Pele Preservada do Adepto
1751	T5_ARTEFACT_ARMOR_PLATE_KEEPER	Expert's Preserved Animal Fur	Pele Preservada do Perito
1752	T6_ARTEFACT_ARMOR_PLATE_KEEPER	Master's Preserved Animal Fur	Pele Preservada do Mestre
1753	T7_ARTEFACT_ARMOR_PLATE_KEEPER	Grandmaster's Preserved Animal Fur	Pele Preservada do Grão-mestre
1754	T8_ARTEFACT_ARMOR_PLATE_KEEPER	Elder's Preserved Animal Fur	Pele Preservada do Ancião
1755	T4_ARTEFACT_SHOES_PLATE_KEEPER	Adept's Inscribed Bindings	Ataduras Inscritas do Adepto
1756	T5_ARTEFACT_SHOES_PLATE_KEEPER	Expert's Inscribed Bindings	Ataduras Inscritas do Perito
1757	T6_ARTEFACT_SHOES_PLATE_KEEPER	Master's Inscribed Bindings	Ataduras Inscritas do Mestre
1758	T7_ARTEFACT_SHOES_PLATE_KEEPER	Grandmaster's Inscribed Bindings	Ataduras Inscritas do Grão-mestre
1759	T8_ARTEFACT_SHOES_PLATE_KEEPER	Elder's Inscribed Bindings	Ataduras Inscritas do Ancião
1760	T4_ARTEFACT_HEAD_PLATE_AVALON	Adept's Exalted Visor	Viseira Elevada do Adepto
1761	T5_ARTEFACT_HEAD_PLATE_AVALON	Expert's Exalted Visor	Viseira Elevada do Perito
1762	T6_ARTEFACT_HEAD_PLATE_AVALON	Master's Exalted Visor	Viseira Elevada do Mestre
1763	T7_ARTEFACT_HEAD_PLATE_AVALON	Grandmaster's Exalted Visor	Viseira Elevada do Grão-mestre
1764	T8_ARTEFACT_HEAD_PLATE_AVALON	Elder's Exalted Visor	Viseira Elevada do Ancião
1765	T4_ARTEFACT_ARMOR_PLATE_AVALON	Adept's Exalted Plating	Couraça Elevada do Adepto
1766	T5_ARTEFACT_ARMOR_PLATE_AVALON	Expert's Exalted Plating	Couraça Elevada do Perito
1767	T6_ARTEFACT_ARMOR_PLATE_AVALON	Master's Exalted Plating	Couraça Elevada do Mestre
1768	T7_ARTEFACT_ARMOR_PLATE_AVALON	Grandmaster's Exalted Plating	Couraça Elevada do Grão-mestre
1769	T8_ARTEFACT_ARMOR_PLATE_AVALON	Elder's Exalted Plating	Couraça Elevada do Ancião
1770	T4_ARTEFACT_SHOES_PLATE_AVALON	Adept's Exalted Greave	Perneira Elevada do Adepto
1771	T5_ARTEFACT_SHOES_PLATE_AVALON	Expert's Exalted Greave	Perneira Elevada do Perito
1772	T6_ARTEFACT_SHOES_PLATE_AVALON	Master's Exalted Greave	Perneira Elevada do Mestre
1773	T7_ARTEFACT_SHOES_PLATE_AVALON	Grandmaster's Exalted Greave	Perneira Elevada do Grão-mestre
1774	T8_ARTEFACT_SHOES_PLATE_AVALON	Elder's Exalted Greave	Perneira Elevada do Ancião
1775	T4_ARTEFACT_ARMOR_PLATE_FEY	Adept's Veilweaver Carapace	Carapaça da Tecelã do Adepto
1776	T5_ARTEFACT_ARMOR_PLATE_FEY	Expert's Veilweaver Carapace	Carapaça da Tecelã do Perito
1777	T6_ARTEFACT_ARMOR_PLATE_FEY	Master's Veilweaver Carapace	Carapaça da Tecelã do Mestre
1778	T7_ARTEFACT_ARMOR_PLATE_FEY	Grandmaster's Veilweaver Carapace	Carapaça da Tecelã do Grão-mestre
1779	T8_ARTEFACT_ARMOR_PLATE_FEY	Elder's Veilweaver Carapace	Carapaça da Tecelã do Ancião
1780	T4_ARTEFACT_HEAD_PLATE_FEY	Adept's Veilweaver Mandibles	Mandíbulas da Tecelã do Adepto
1781	T5_ARTEFACT_HEAD_PLATE_FEY	Expert's Veilweaver Mandibles	Mandíbulas da Tecelã do Perito
1782	T6_ARTEFACT_HEAD_PLATE_FEY	Master's Veilweaver Mandibles	Mandíbulas da Tecelã do Mestre
1783	T7_ARTEFACT_HEAD_PLATE_FEY	Grandmaster's Veilweaver Mandibles	Mandíbulas da Tecelã do Grão-mestre
1784	T8_ARTEFACT_HEAD_PLATE_FEY	Elder's Veilweaver Mandibles	Mandíbulas da Tecelã do Ancião
1785	T4_ARTEFACT_SHOES_PLATE_FEY	Adept's Veilweaver Claws	Garras da Tecelã do Adepto
1786	T5_ARTEFACT_SHOES_PLATE_FEY	Expert's Veilweaver Claws	Garras da Tecelã do Perito
1787	T6_ARTEFACT_SHOES_PLATE_FEY	Master's Veilweaver Claws	Garras da Tecelã do Mestre
1788	T7_ARTEFACT_SHOES_PLATE_FEY	Grandmaster's Veilweaver Claws	Garras da Tecelã do Grão-mestre
1789	T8_ARTEFACT_SHOES_PLATE_FEY	Elder's Veilweaver Claws	Garras da Tecelã do Ancião
1790	T4_ARTEFACT_HEAD_LEATHER_MORGANA	Adept's Imbued Visor	Visor Imbuído do Adepto
1791	T5_ARTEFACT_HEAD_LEATHER_MORGANA	Expert's Imbued Visor	Visor Imbuído do Perito
1792	T6_ARTEFACT_HEAD_LEATHER_MORGANA	Master's Imbued Visor	Visor Imbuído do Mestre
1793	T7_ARTEFACT_HEAD_LEATHER_MORGANA	Grandmaster's Imbued Visor	Visor Imbuído do Grão-mestre
1794	T8_ARTEFACT_HEAD_LEATHER_MORGANA	Elder's Imbued Visor	Visor Imbuído do Ancião
1795	T4_ARTEFACT_ARMOR_LEATHER_MORGANA	Adept's Imbued Leather Folds	Peças de Couro Imbuído do Adepto
1796	T5_ARTEFACT_ARMOR_LEATHER_MORGANA	Expert's Imbued Leather Folds	Peças de Couro Imbuído do Perito
1797	T6_ARTEFACT_ARMOR_LEATHER_MORGANA	Master's Imbued Leather Folds	Peças de Couro Imbuído do Mestre
1798	T7_ARTEFACT_ARMOR_LEATHER_MORGANA	Grandmaster's Imbued Leather Folds	Peças de Couro Imbuído do Grão-mestre
1799	T8_ARTEFACT_ARMOR_LEATHER_MORGANA	Elder's Imbued Leather Folds	Peças de Couro Imbuído do Ancião
1800	T4_ARTEFACT_SHOES_LEATHER_MORGANA	Adept's Imbued Soles	Solas Imbuídas do Adepto
1801	T5_ARTEFACT_SHOES_LEATHER_MORGANA	Expert's Imbued Soles	Solas Imbuídas do Perito
1802	T6_ARTEFACT_SHOES_LEATHER_MORGANA	Master's Imbued Soles	Solas Imbuídas do Mestre
1803	T7_ARTEFACT_SHOES_LEATHER_MORGANA	Grandmaster's Imbued Soles	Solas Imbuídas do Grão-mestre
1804	T8_ARTEFACT_SHOES_LEATHER_MORGANA	Elder's Imbued Soles	Solas Imbuídas do Ancião
1805	T4_ARTEFACT_HEAD_LEATHER_HELL	Adept's Demonhide Padding	Estofamento de Pele Demoníaca do Adepto
1806	T5_ARTEFACT_HEAD_LEATHER_HELL	Expert's Demonhide Padding	Estofamento de Pele Demoníaca do Perito
1807	T6_ARTEFACT_HEAD_LEATHER_HELL	Master's Demonhide Padding	Estofamento de Pele Demoníaca do Mestre
1808	T7_ARTEFACT_HEAD_LEATHER_HELL	Grandmaster's Demonhide Padding	Estofamento de Pele Demoníaca do Grão-mestre
1809	T8_ARTEFACT_HEAD_LEATHER_HELL	Elder's Demonhide Padding	Estofamento de Pele Demoníaca do Ancião
1810	T4_ARTEFACT_ARMOR_LEATHER_HELL	Adept's Demonhide Leather	Couro de Pele Demoníaca do Adepto
1811	T5_ARTEFACT_ARMOR_LEATHER_HELL	Expert's Demonhide Leather	Couro de Pele Demoníaca do Perito
1812	T6_ARTEFACT_ARMOR_LEATHER_HELL	Master's Demonhide Leather	Couro de Pele Demoníaca do Mestre
1813	T7_ARTEFACT_ARMOR_LEATHER_HELL	Grandmaster's Demonhide Leather	Couro de Pele Demoníaca do Grão-mestre
1814	T8_ARTEFACT_ARMOR_LEATHER_HELL	Elder's Demonhide Leather	Couro de Pele Demoníaca do Ancião
1815	T4_ARTEFACT_SHOES_LEATHER_HELL	Adept's Demonhide Bindings	Ataduras de Pele Demoníaca do Adepto
1816	T5_ARTEFACT_SHOES_LEATHER_HELL	Expert's Demonhide Bindings	Ataduras de Pele Demoníaca do Perito
1817	T6_ARTEFACT_SHOES_LEATHER_HELL	Master's Demonhide Bindings	Ataduras de Pele Demoníaca do Mestre
1818	T7_ARTEFACT_SHOES_LEATHER_HELL	Grandmaster's Demonhide Bindings	Ataduras de Pele Demoníaca do Grão-mestre
1819	T8_ARTEFACT_SHOES_LEATHER_HELL	Elder's Demonhide Bindings	Ataduras de Pele Demoníaca do Ancião
1820	T4_ARTEFACT_HEAD_LEATHER_UNDEAD	Adept's Ghastly Visor	Visor Sinistro do Adepto
1821	T5_ARTEFACT_HEAD_LEATHER_UNDEAD	Expert's Ghastly Visor	Visor Sinistro do Perito
1822	T6_ARTEFACT_HEAD_LEATHER_UNDEAD	Master's Ghastly Visor	Visor Sinistro do Mestre
1823	T7_ARTEFACT_HEAD_LEATHER_UNDEAD	Grandmaster's Ghastly Visor	Visor Sinistro do Grão-mestre
1824	T8_ARTEFACT_HEAD_LEATHER_UNDEAD	Elder's Ghastly Visor	Visor Sinistro do Ancião
1825	T4_ARTEFACT_ARMOR_LEATHER_UNDEAD	Adept's Ghastly Leather	Couro Sinistro do Adepto
1826	T5_ARTEFACT_ARMOR_LEATHER_UNDEAD	Expert's Ghastly Leather	Couro Sinistro do Perito
1827	T6_ARTEFACT_ARMOR_LEATHER_UNDEAD	Master's Ghastly Leather	Couro Sinistro do Mestre
1828	T7_ARTEFACT_ARMOR_LEATHER_UNDEAD	Grandmaster's Ghastly Leather	Couro Sinistro do Grão-mestre
1829	T8_ARTEFACT_ARMOR_LEATHER_UNDEAD	Elder's Ghastly Leather	Couro Sinistro do Ancião
1830	T4_ARTEFACT_SHOES_LEATHER_UNDEAD	Adept's Ghastly Bindings	Ataduras Sinistras do Adepto
1831	T5_ARTEFACT_SHOES_LEATHER_UNDEAD	Expert's Ghastly Bindings	Ataduras Sinistras do Perito
1832	T6_ARTEFACT_SHOES_LEATHER_UNDEAD	Master's Ghastly Bindings	Ataduras Sinistras do Mestre
1833	T7_ARTEFACT_SHOES_LEATHER_UNDEAD	Grandmaster's Ghastly Bindings	Ataduras Sinistras do Grão-mestre
1834	T8_ARTEFACT_SHOES_LEATHER_UNDEAD	Elder's Ghastly Bindings	Ataduras Sinistras do Ancião
1835	T4_ARTEFACT_HEAD_LEATHER_AVALON	Adept's Augured Padding	Estofamento Augurado do Adepto
1836	T5_ARTEFACT_HEAD_LEATHER_AVALON	Expert's Augured Padding	Estofamento Augurado do Perito
1837	T6_ARTEFACT_HEAD_LEATHER_AVALON	Master's Augured Padding	Estofamento Augurado do Mestre
1838	T7_ARTEFACT_HEAD_LEATHER_AVALON	Grandmaster's Augured Padding	Estofamento Augurado do Grão-mestre
1839	T8_ARTEFACT_HEAD_LEATHER_AVALON	Elder's Augured Padding	Estofamento Augurado do Ancião
1840	T4_ARTEFACT_ARMOR_LEATHER_AVALON	Adept's Augured Sash	Cinturão Augurado do Adepto
1841	T5_ARTEFACT_ARMOR_LEATHER_AVALON	Expert's Augured Sash	Cinturão Augurado do Perito
1842	T6_ARTEFACT_ARMOR_LEATHER_AVALON	Master's Augured Sash	Cinturão Augurado do Mestre
1843	T7_ARTEFACT_ARMOR_LEATHER_AVALON	Grandmaster's Augured Sash	Cinturão Augurado do Grão-mestre
1844	T8_ARTEFACT_ARMOR_LEATHER_AVALON	Elder's Augured Sash	Cinturão Augurado do Ancião
1845	T4_ARTEFACT_SHOES_LEATHER_AVALON	Adept's Augured Fasteners	Botas Auguradas do Adepto
1846	T5_ARTEFACT_SHOES_LEATHER_AVALON	Expert's Augured Fasteners	Botas Auguradas do Perito
1847	T6_ARTEFACT_SHOES_LEATHER_AVALON	Master's Augured Fasteners	Botas Auguradas do Mestre
1848	T7_ARTEFACT_SHOES_LEATHER_AVALON	Grandmaster's Augured Fasteners	Botas Auguradas do Grão-mestre
1849	T8_ARTEFACT_SHOES_LEATHER_AVALON	Elder's Augured Fasteners	Botas Auguradas do Ancião
1850	T4_ARTEFACT_ARMOR_LEATHER_FEY	Adept's Untarnished Griffin Feathers	Penas de Grifo Imaculadas do Adepto
1851	T5_ARTEFACT_ARMOR_LEATHER_FEY	Expert's Untarnished Griffin Feathers	Penas de Grifo Imaculadas do Perito
1852	T6_ARTEFACT_ARMOR_LEATHER_FEY	Master's Untarnished Griffin Feathers	Penas de Grifo Imaculadas do Mestre
1853	T7_ARTEFACT_ARMOR_LEATHER_FEY	Grandmaster's Untarnished Griffin Feathers	Penas de Grifo Imaculadas do Grão-mestre
1854	T8_ARTEFACT_ARMOR_LEATHER_FEY	Elder's Untarnished Griffin Feathers	Penas de Grifo Imaculadas do Ancião
1855	T4_ARTEFACT_HEAD_LEATHER_FEY	Adept's Flawless Griffin Beak	Bico de Grifo Impecável do Adepto
1856	T5_ARTEFACT_HEAD_LEATHER_FEY	Expert's Flawless Griffin Beak	Bico de Grifo Impecável do Perito
1857	T6_ARTEFACT_HEAD_LEATHER_FEY	Master's Flawless Griffin Beak	Bico de Grifo Impecável do Mestre
1858	T7_ARTEFACT_HEAD_LEATHER_FEY	Grandmaster's Flawless Griffin Beak	Bico de Grifo Impecável do Grão-mestre
1859	T8_ARTEFACT_HEAD_LEATHER_FEY	Elder's Flawless Griffin Beak	Bico de Grifo Impecável do Ancião
1860	T4_ARTEFACT_SHOES_LEATHER_FEY	Adept's Griffin Underfur	Penugem de Grifo do Adepto
1861	T5_ARTEFACT_SHOES_LEATHER_FEY	Expert's Griffin Underfur	Penugem de Grifo do Perito
1862	T6_ARTEFACT_SHOES_LEATHER_FEY	Master's Griffin Underfur	Penugem de Grifo do Mestre
1863	T7_ARTEFACT_SHOES_LEATHER_FEY	Grandmaster's Griffin Underfur	Penugem de Grifo do Grão-mestre
1864	T8_ARTEFACT_SHOES_LEATHER_FEY	Elder's Griffin Underfur	Penugem de Grifo do Ancião
1865	T4_ARTEFACT_ARMOR_LEATHER_DRAGON	Adept's Dragonhide Padding	Pele de Dragão Acolchoada do Adepto
1866	T5_ARTEFACT_ARMOR_LEATHER_DRAGON	Expert's Dragonhide Padding	Pele de Dragão Acolchoada do Perito
1867	T6_ARTEFACT_ARMOR_LEATHER_DRAGON	Master's Dragonhide Padding	Pele de Dragão Acolchoada do Mestre
1868	T7_ARTEFACT_ARMOR_LEATHER_DRAGON	Grandmaster's Dragonhide Padding	Pele de Dragão Acolchoada do Grão-mestre
1869	T8_ARTEFACT_ARMOR_LEATHER_DRAGON	Elder's Dragonhide Padding	Pele de Dragão Acolchoada do Ancião
1870	T4_ARTEFACT_HEAD_LEATHER_DRAGON	Adept's Dragonhide Crown	Coroa de Pele de Dragão do Adepto
1871	T5_ARTEFACT_HEAD_LEATHER_DRAGON	Expert's Dragonhide Crown	Coroa de Pele de Dragão do Perito
1872	T6_ARTEFACT_HEAD_LEATHER_DRAGON	Master's Dragonhide Crown	Coroa de Pele de Dragão do Mestre
1873	T7_ARTEFACT_HEAD_LEATHER_DRAGON	Grandmaster's Dragonhide Crown	Coroa de Pele de Dragão do Grão-mestre
1874	T8_ARTEFACT_HEAD_LEATHER_DRAGON	Elder's Dragonhide Crown	Coroa de Pele de Dragão do Ancião
1875	T4_ARTEFACT_SHOES_LEATHER_DRAGON	Adept's Dragonhide Trim	Tira de Pele de Dragão do Adepto
1876	T5_ARTEFACT_SHOES_LEATHER_DRAGON	Expert's Dragonhide Trim	Tira de Pele de Dragão do Perito
1877	T6_ARTEFACT_SHOES_LEATHER_DRAGON	Master's Dragonhide Trim	Tira de Pele de Dragão do Mestre
1878	T7_ARTEFACT_SHOES_LEATHER_DRAGON	Grandmaster's Dragonhide Trim	Tira de Pele de Dragão do Grão-mestre
1879	T8_ARTEFACT_SHOES_LEATHER_DRAGON	Elder's Dragonhide Trim	Tira de Pele de Dragão do Ancião
1880	T4_ARTEFACT_HEAD_CLOTH_KEEPER	Adept's Druidic Preserved Beak	Bico Preservado Druídico do Adepto
1881	T5_ARTEFACT_HEAD_CLOTH_KEEPER	Expert's Druidic Preserved Beak	Bico Preservado Druídico do Perito
1882	T6_ARTEFACT_HEAD_CLOTH_KEEPER	Master's Druidic Preserved Beak	Bico Preservado Druídico do Mestre
1883	T7_ARTEFACT_HEAD_CLOTH_KEEPER	Grandmaster's Druidic Preserved Beak	Bico Preservado Druídico do Grão-mestre
1884	T8_ARTEFACT_HEAD_CLOTH_KEEPER	Elder's Druidic Preserved Beak	Bico Preservado Druídico do Ancião
1885	T4_ARTEFACT_ARMOR_CLOTH_KEEPER	Adept's Druidic Feathers	Penas Druídicas do Adepto
1886	T5_ARTEFACT_ARMOR_CLOTH_KEEPER	Expert's Druidic Feathers	Penas Druídicas do Perito
1887	T6_ARTEFACT_ARMOR_CLOTH_KEEPER	Master's Druidic Feathers	Penas Druídicas do Mestre
1888	T7_ARTEFACT_ARMOR_CLOTH_KEEPER	Grandmaster's Druidic Feathers	Penas Druídicas do Grão-mestre
1889	T8_ARTEFACT_ARMOR_CLOTH_KEEPER	Elder's Druidic Feathers	Penas Druídicas do Ancião
1890	T4_ARTEFACT_SHOES_CLOTH_KEEPER	Adept's Druidic Bindings	Ataduras Druídicas do Adepto
1891	T5_ARTEFACT_SHOES_CLOTH_KEEPER	Expert's Druidic Bindings	Ataduras Druídicas do Perito
1892	T6_ARTEFACT_SHOES_CLOTH_KEEPER	Master's Druidic Bindings	Ataduras Druídicas do Mestre
1893	T7_ARTEFACT_SHOES_CLOTH_KEEPER	Grandmaster's Druidic Bindings	Ataduras Druídicas do Grão-mestre
1894	T8_ARTEFACT_SHOES_CLOTH_KEEPER	Elder's Druidic Bindings	Ataduras Druídicas do Ancião
1895	T4_ARTEFACT_HEAD_CLOTH_HELL	Adept's Infernal Cloth Visor	Visor de Tecido Infernal do Adepto
1896	T5_ARTEFACT_HEAD_CLOTH_HELL	Expert's Infernal Cloth Visor	Visor de Tecido Infernal do Perito
1897	T6_ARTEFACT_HEAD_CLOTH_HELL	Master's Infernal Cloth Visor	Visor de Tecido Infernal do Mestre
1898	T7_ARTEFACT_HEAD_CLOTH_HELL	Grandmaster's Infernal Cloth Visor	Visor de Tecido Infernal do Grão-mestre
1899	T8_ARTEFACT_HEAD_CLOTH_HELL	Elder's Infernal Cloth Visor	Visor de Tecido Infernal do Ancião
1900	T4_ARTEFACT_ARMOR_CLOTH_HELL	Adept's Infernal Cloth Folds	Peças de Tecido Infernal do Adepto
1901	T5_ARTEFACT_ARMOR_CLOTH_HELL	Expert's Infernal Cloth Folds	Peças de Tecido Infernal do Perito
1902	T6_ARTEFACT_ARMOR_CLOTH_HELL	Master's Infernal Cloth Folds	Peças de Tecido Infernal do Mestre
1903	T7_ARTEFACT_ARMOR_CLOTH_HELL	Grandmaster's Infernal Cloth Folds	Peças de Tecido Infernal do Grão-mestre
1904	T8_ARTEFACT_ARMOR_CLOTH_HELL	Elder's Infernal Cloth Folds	Peças de Tecido Infernal do Ancião
1905	T4_ARTEFACT_SHOES_CLOTH_HELL	Adept's Infernal Cloth Bindings	Ataduras de Tecido Infernal do Adepto
1906	T5_ARTEFACT_SHOES_CLOTH_HELL	Expert's Infernal Cloth Bindings	Ataduras de Tecido Infernal do Perito
1907	T6_ARTEFACT_SHOES_CLOTH_HELL	Master's Infernal Cloth Bindings	Ataduras de Tecido Infernal do Mestre
1908	T7_ARTEFACT_SHOES_CLOTH_HELL	Grandmaster's Infernal Cloth Bindings	Ataduras de Tecido Infernal do Grão-mestre
1909	T8_ARTEFACT_SHOES_CLOTH_HELL	Elder's Infernal Cloth Bindings	Ataduras de Tecido Infernal do Ancião
1910	T4_ARTEFACT_HEAD_CLOTH_MORGANA	Adept's Alluring Padding	Estofamento Fascinante do Adepto
1911	T5_ARTEFACT_HEAD_CLOTH_MORGANA	Expert's Alluring Padding	Estofamento Fascinante do Perito
1912	T6_ARTEFACT_HEAD_CLOTH_MORGANA	Master's Alluring Padding	Estofamento Fascinante do Mestre
1913	T7_ARTEFACT_HEAD_CLOTH_MORGANA	Grandmaster's Alluring Padding	Estofamento Fascinante do Grão-mestre
1914	T8_ARTEFACT_HEAD_CLOTH_MORGANA	Elder's Alluring Padding	Estofamento Fascinante do Ancião
1915	T4_ARTEFACT_ARMOR_CLOTH_MORGANA	Adept's Alluring Amulet	Amuleto Fascinante do Adepto
1916	T5_ARTEFACT_ARMOR_CLOTH_MORGANA	Expert's Alluring Amulet	Amuleto Fascinante do Perito
1917	T6_ARTEFACT_ARMOR_CLOTH_MORGANA	Master's Alluring Amulet	Amuleto Fascinante do Mestre
1918	T7_ARTEFACT_ARMOR_CLOTH_MORGANA	Grandmaster's Alluring Amulet	Amuleto Fascinante do Grão-mestre
1919	T8_ARTEFACT_ARMOR_CLOTH_MORGANA	Elder's Alluring Amulet	Amuleto Fascinante do Ancião
1920	T4_ARTEFACT_SHOES_CLOTH_MORGANA	Adept's Alluring Bindings	Ataduras Fascinantes do Adepto
1921	T5_ARTEFACT_SHOES_CLOTH_MORGANA	Expert's Alluring Bindings	Ataduras Fascinantes do Perito
1922	T6_ARTEFACT_SHOES_CLOTH_MORGANA	Master's Alluring Bindings	Ataduras Fascinantes do Mestre
1923	T7_ARTEFACT_SHOES_CLOTH_MORGANA	Grandmaster's Alluring Bindings	Ataduras Fascinantes do Grão-mestre
1924	T8_ARTEFACT_SHOES_CLOTH_MORGANA	Elder's Alluring Bindings	Ataduras Fascinantes do Ancião
1925	T4_ARTEFACT_HEAD_CLOTH_AVALON	Adept's Sanctified Mask	Máscara Santificada do Adepto
1926	T5_ARTEFACT_HEAD_CLOTH_AVALON	Expert's Sanctified Mask	Máscara Santificada do Perito
1927	T6_ARTEFACT_HEAD_CLOTH_AVALON	Master's Sanctified Mask	Máscara Santificada do Mestre
1928	T7_ARTEFACT_HEAD_CLOTH_AVALON	Grandmaster's Sanctified Mask	Máscara Santificada do Grão-mestre
1929	T8_ARTEFACT_HEAD_CLOTH_AVALON	Elder's Sanctified Mask	Máscara Santificada do Ancião
1930	T4_ARTEFACT_ARMOR_CLOTH_AVALON	Adept's Sanctified Belt	Cinto Santificado do Adepto
1931	T5_ARTEFACT_ARMOR_CLOTH_AVALON	Expert's Sanctified Belt	Cinto Santificado do Perito
1932	T6_ARTEFACT_ARMOR_CLOTH_AVALON	Master's Sanctified Belt	Cinto Santificado do Mestre
1933	T7_ARTEFACT_ARMOR_CLOTH_AVALON	Grandmaster's Sanctified Belt	Cinto Santificado do Grão-mestre
1934	T8_ARTEFACT_ARMOR_CLOTH_AVALON	Elder's Sanctified Belt	Cinto Santificado do Ancião
1935	T4_ARTEFACT_SHOES_CLOTH_AVALON	Adept's Sanctified Bindings	Ligaduras Santificadas do Adepto
1936	T5_ARTEFACT_SHOES_CLOTH_AVALON	Expert's Sanctified Bindings	Ligaduras Santificadas do Perito
1937	T6_ARTEFACT_SHOES_CLOTH_AVALON	Master's Sanctified Bindings	Ligaduras Santificadas do Mestre
1938	T7_ARTEFACT_SHOES_CLOTH_AVALON	Grandmaster's Sanctified Bindings	Ligaduras Santificadas do Grão-mestre
1939	T8_ARTEFACT_SHOES_CLOTH_AVALON	Elder's Sanctified Bindings	Ligaduras Santificadas do Ancião
1940	T4_ARTEFACT_ARMOR_CLOTH_FEY	Adept's Fey Dorsal Wing	Asa de Fada do Adepto
1941	T5_ARTEFACT_ARMOR_CLOTH_FEY	Expert's Fey Dorsal Wing	Asa de Fada do Perito
1942	T6_ARTEFACT_ARMOR_CLOTH_FEY	Master's Fey Dorsal Wing	Asa de Fada do Mestre
1943	T7_ARTEFACT_ARMOR_CLOTH_FEY	Grandmaster's Fey Dorsal Wing	Asa de Fada do Grão-mestre
1944	T8_ARTEFACT_ARMOR_CLOTH_FEY	Elder's Fey Dorsal Wing	Asa de Fada do Ancião
1945	T4_ARTEFACT_HEAD_CLOTH_FEY	Adept's Intact Fey Fibula	Fíbula Intacta de Fada do Adepto
1946	T5_ARTEFACT_HEAD_CLOTH_FEY	Expert's Intact Fey Fibula	Fíbula Intacta de Fada do Perito
1947	T6_ARTEFACT_HEAD_CLOTH_FEY	Master's Intact Fey Fibula	Fíbula Intacta de Fada do Mestre
1948	T7_ARTEFACT_HEAD_CLOTH_FEY	Grandmaster's Intact Fey Fibula	Fíbula Intacta de Fada do Grão-mestre
1949	T8_ARTEFACT_HEAD_CLOTH_FEY	Elder's Intact Fey Fibula	Fíbula Intacta de Fada do Ancião
1950	T4_ARTEFACT_SHOES_CLOTH_FEY	Adept's Fey Dragonscales	Escamas Feéricas do Adepto
1951	T5_ARTEFACT_SHOES_CLOTH_FEY	Expert's Fey Dragonscales	Escamas Feéricas do Perito
1952	T6_ARTEFACT_SHOES_CLOTH_FEY	Master's Fey Dragonscales	Escamas Feéricas do Mestre
1953	T7_ARTEFACT_SHOES_CLOTH_FEY	Grandmaster's Fey Dragonscales	Escamas Feéricas do Grão-mestre
1954	T8_ARTEFACT_SHOES_CLOTH_FEY	Elder's Fey Dragonscales	Escamas Feéricas do Ancião
1955	T4_ARTEFACT_TOKEN_FAVOR_1	Adept's Crystallized Spirit	Espírito Cristalizado do Adepto
1956	T5_ARTEFACT_TOKEN_FAVOR_1	Expert's Crystallized Spirit	Espírito Cristalizado do Perito
1957	T6_ARTEFACT_TOKEN_FAVOR_1	Master's Crystallized Spirit	Espírito Cristalizado do Mestre
1958	T7_ARTEFACT_TOKEN_FAVOR_1	Grandmaster's Crystallized Spirit	Espírito Cristalizado do Grão-mestre
1959	T8_ARTEFACT_TOKEN_FAVOR_1	Elder's Crystallized Spirit	Espírito Cristalizado do Ancião
1960	T4_ARTEFACT_TOKEN_FAVOR_2	Adept's Crystallized Dread	Terrível Cristalizado do Adepto
1961	T5_ARTEFACT_TOKEN_FAVOR_2	Expert's Crystallized Dread	Terrível Cristalizado do Perito
1962	T6_ARTEFACT_TOKEN_FAVOR_2	Master's Crystallized Dread	Terrível Cristalizado do Mestre
1963	T7_ARTEFACT_TOKEN_FAVOR_2	Grandmaster's Crystallized Dread	Terrível Cristalizado do Grão-mestre
1964	T8_ARTEFACT_TOKEN_FAVOR_2	Elder's Crystallized Dread	Terrível Cristalizado do Ancião
1965	T4_ARTEFACT_TOKEN_FAVOR_3	Adept's Crystallized Magic	Magia Cristalizada do Adepto
1966	T5_ARTEFACT_TOKEN_FAVOR_3	Expert's Crystallized Magic	Magia Cristalizada do Perito
1967	T6_ARTEFACT_TOKEN_FAVOR_3	Master's Crystallized Magic	Magia Cristalizada do Mestre
1968	T7_ARTEFACT_TOKEN_FAVOR_3	Grandmaster's Crystallized Magic	Magia Cristalizada do Grão-mestre
1969	T8_ARTEFACT_TOKEN_FAVOR_3	Elder's Crystallized Magic	Magia Cristalizada do Ancião
1970	T4_ARTEFACT_TOKEN_FAVOR_4	Adept's Crystallized Divinity	Divindade Cristalizada do Adepto
1971	T5_ARTEFACT_TOKEN_FAVOR_4	Expert's Crystallized Divinity	Divindade Cristalizada do Perito
1972	T6_ARTEFACT_TOKEN_FAVOR_4	Master's Crystallized Divinity	Divindade Cristalizada do Mestre
1973	T7_ARTEFACT_TOKEN_FAVOR_4	Grandmaster's Crystallized Divinity	Divindade Cristalizada do Grão-mestre
1974	T8_ARTEFACT_TOKEN_FAVOR_4	Elder's Crystallized Divinity	Divindade Cristalizada do Ancião
1975	T3_ALCHEMY_RARE_PANTHER	Rugged Shadow Claws	Garras Sombrias Ásperas
1976	T5_ALCHEMY_RARE_PANTHER	Fine Shadow Claws	Garras Sombrias Finas
1977	T7_ALCHEMY_RARE_PANTHER	Excellent Shadow Claws	Garras Sombrias Excelentes
1978	T3_ALCHEMY_RARE_ENT	Rugged Sylvian Root	Raiz Arbórea Áspera
1979	T5_ALCHEMY_RARE_ENT	Fine Sylvian Root	Raiz Arbórea Fina
1980	T7_ALCHEMY_RARE_ENT	Excellent Sylvian Root	Raiz Arbórea Excelente
1981	T3_ALCHEMY_RARE_DIREBEAR	Rugged Spirit Paws	Patas Espirituais Ásperas
1982	T5_ALCHEMY_RARE_DIREBEAR	Fine Spirit Paws	Patas Espirituais Finas
1983	T7_ALCHEMY_RARE_DIREBEAR	Excellent Spirit Paws	Patas Espirituais Excelentes
1984	T3_ALCHEMY_RARE_WEREWOLF	Rugged Werewolf Fangs	Presas de Lobisomem Ásperas
1985	T5_ALCHEMY_RARE_WEREWOLF	Fine Werewolf Fangs	Presas de Lobisomem Finas
1986	T7_ALCHEMY_RARE_WEREWOLF	Excellent Werewolf Fangs	Presas de Lobisomem Excelentes
1987	T3_ALCHEMY_RARE_IMP	Rugged Imp's Horn	Chifre de Diabrete Áspero
1988	T5_ALCHEMY_RARE_IMP	Fine Imp's Horn	Chifres de Diabrete Finos
1989	T7_ALCHEMY_RARE_IMP	Excellent Imp's Horn	Chifres de Diabrete Excelentes
1990	T3_ALCHEMY_RARE_ELEMENTAL	Rugged Runestone Tooth	Dente de Pedra Rúnica Áspero
1991	T5_ALCHEMY_RARE_ELEMENTAL	Fine Runestone Tooth	Dente de Pedra Rúnica Fino
1992	T7_ALCHEMY_RARE_ELEMENTAL	Excellent Runestone Tooth	Dente de Pedra Rúnica Excelente
1993	T3_ALCHEMY_RARE_EAGLE	Rugged Dawnfeather	Pena da Alvorada Áspera
1994	T5_ALCHEMY_RARE_EAGLE	Fine Dawnfeather	Pena da Alvorada Fina
1995	T7_ALCHEMY_RARE_EAGLE	Excellent Dawnfeather	Pena da Alvorada Excelente
1996	T1_ALCHEMY_COMMON	Rare Animal Remains	Restos de Animais Raros
1997	T4_ALCHEMY_RARE_DRAGONAREA	Diluted Dragon Blood	Sangue de Dragão Diluído
1998	T6_ALCHEMY_RARE_DRAGONAREA	Dragon Blood	Sangue de Dragão
1999	T8_ALCHEMY_RARE_DRAGONAREA	Potent Dragon Blood	Sangue de Dragão Potente
2000	T1_ALCHEMY_EXTRACT_LEVEL1	Basic Arcane Extract	Extratos Arcanos Básicos
2001	T1_ALCHEMY_EXTRACT_LEVEL2	Refined Arcane Extract	Extratos Arcanos Refinados
2002	T1_ALCHEMY_EXTRACT_LEVEL3	Pure Arcane Extract	Extratos Arcanos Puros
2003	T4_ESSENCE_POTION	Adept's Arcane Essence	Essência Arcana do Adepto
2004	T4_ESSENCE	Adept's Faded Essence	Essência Enfraquecida do Adepto
2005	T4_RUNE	Adept's Rune	Runa do Adepto
2006	T4_SOUL	Adept's Soul	Alma do Adepto
2007	T4_RELIC	Adept's Relic	Relíquia do Adepto
2008	T4_SHARD_AVALONIAN	Adept's Avalonian Shard	Fragmento de Avalon do Adepto
2009	T4_SHARD_CRYSTAL	Adept's Crystal Shard	Fragmento de Cristal do Adepto
2010	T4_SHARD_FIRE_DRAGON	Adept's Fire Dragon Scales	Escamas de Dragão de Fogo do Adepto
2011	T5_ESSENCE_POTION	Expert's Arcane Essence	Essência Arcana do Perito
2012	T5_ESSENCE	Expert's Faded Essence	Essência Enfraquecida do Perito
2013	T5_RUNE	Expert's Rune	Runa do Perito
2014	T5_SOUL	Expert's Soul	Alma do Perito
2015	T5_RELIC	Expert's Relic	Relíquia do Perito
2016	T5_SHARD_AVALONIAN	Expert's Avalonian Shard	Fragmento de Avalon do Perito
2017	T5_SHARD_CRYSTAL	Expert's Crystal Shard	Fragmento de Cristal do Perito
2018	T5_SHARD_FIRE_DRAGON	Expert's Fire Dragon Scales	Escamas de Dragão de Fogo do Perito
2019	T6_ESSENCE_POTION	Master's Arcane Essence	Essência Arcana do Mestre
2020	T6_ESSENCE	Master's Faded Essence	Essência Enfraquecida do Mestre
2021	T6_RUNE	Master's Rune	Runa do Mestre
2022	T6_SOUL	Master's Soul	Alma do Mestre
2023	T6_RELIC	Master's Relic	Relíquia do Mestre
2024	T6_SHARD_AVALONIAN	Master's Avalonian Shard	Fragmento de Avalon do Mestre
2025	T6_SHARD_CRYSTAL	Master's Crystal Shard	Fragmento de Cristal do Mestre
2026	T6_SHARD_FIRE_DRAGON	Master's Fire Dragon Scales	Escamas de Dragão de Fogo do Mestre
2027	T7_ESSENCE_POTION	Grandmaster's Arcane Essence	Essência Arcana do Grão-mestre
2028	T7_ESSENCE	Grandmaster's Faded Essence	Essência Enfraquecida do Grão-mestre
2029	T7_RUNE	Grandmaster's Rune	Runa do Grão-mestre
2030	T7_SOUL	Grandmaster's Soul	Alma do Grão-mestre
2031	T7_RELIC	Grandmaster's Relic	Relíquia do Grão-mestre
2032	T7_SHARD_AVALONIAN	Grandmaster's Avalonian Shard	Fragmento de Avalon do Grão-mestre
2033	T7_SHARD_CRYSTAL	Grandmaster's Crystal Shard	Fragmento de Cristal do Grão-mestre
2034	T7_SHARD_FIRE_DRAGON	Grandmaster's Fire Dragon Scales	Escamas de Dragão de Fogo do Grão-mestre
2035	T8_ESSENCE_POTION	Elder's Arcane Essence	Essência Arcana do Ancião
2036	T8_ESSENCE	Elder's Faded Essence	Essência Enfraquecida do Ancião
2037	T8_RUNE	Elder's Rune	Runa do Ancião
2038	T8_SOUL	Elder's Soul	Alma do Ancião
2039	T8_RELIC	Elder's Relic	Relíquia do Ancião
2040	T8_SHARD_AVALONIAN	Elder's Avalonian Shard	Fragmento de Avalon do Ancião
2041	T8_SHARD_CRYSTAL	Elder's Crystal Shard	Fragmento de Cristal do Ancião
2042	T8_SHARD_FIRE_DRAGON	Elder's Fire Dragon Scales	Escamas de Dragão de Fogo do Ancião
2043	T1_TRASH	Trash	Lixo
2044	T2_TRASH	Trash	Lixo
2045	T3_TRASH	Trash	Lixo
2046	T4_TRASH	Trash	Lixo
2047	T5_TRASH	Trash	Lixo
2048	T6_TRASH	Trash	Lixo
2049	T7_TRASH	Trash	Lixo
2050	T8_TRASH	Trash	Lixo
2051	T1_OFF_SHIELD	Beginner's Shield	Escudo do Calouro
2052	T2_OFF_SHIELD	Novice's Shield	Escudo do Novato
2053	T3_OFF_SHIELD	Journeyman's Shield	Escudo do Iniciante
2054	T4_OFF_SHIELD	Adept's Shield	Escudo do Adepto
2055	T4_OFF_SHIELD@1	Adept's Shield	Escudo do Adepto
2056	T4_OFF_SHIELD@2	Adept's Shield	Escudo do Adepto
2057	T4_OFF_SHIELD@3	Adept's Shield	Escudo do Adepto
2058	T4_OFF_SHIELD@4	Adept's Shield	Escudo do Adepto
2059	T5_OFF_SHIELD	Expert's Shield	Escudo do Perito
2060	T5_OFF_SHIELD@1	Expert's Shield	Escudo do Perito
2061	T5_OFF_SHIELD@2	Expert's Shield	Escudo do Perito
2062	T5_OFF_SHIELD@3	Expert's Shield	Escudo do Perito
2063	T5_OFF_SHIELD@4	Expert's Shield	Escudo do Perito
2064	T6_OFF_SHIELD	Master's Shield	Escudo do Mestre
2065	T6_OFF_SHIELD@1	Master's Shield	Escudo do Mestre
2066	T6_OFF_SHIELD@2	Master's Shield	Escudo do Mestre
2067	T6_OFF_SHIELD@3	Master's Shield	Escudo do Mestre
2068	T6_OFF_SHIELD@4	Master's Shield	Escudo do Mestre
2069	T7_OFF_SHIELD	Grandmaster's Shield	Escudo do Grão-mestre
2070	T7_OFF_SHIELD@1	Grandmaster's Shield	Escudo do Grão-mestre
2071	T7_OFF_SHIELD@2	Grandmaster's Shield	Escudo do Grão-mestre
2072	T7_OFF_SHIELD@3	Grandmaster's Shield	Escudo do Grão-mestre
2073	T7_OFF_SHIELD@4	Grandmaster's Shield	Escudo do Grão-mestre
2074	T8_OFF_SHIELD	Elder's Shield	Escudo do Ancião
2075	T8_OFF_SHIELD@1	Elder's Shield	Escudo do Ancião
2076	T8_OFF_SHIELD@2	Elder's Shield	Escudo do Ancião
2077	T8_OFF_SHIELD@3	Elder's Shield	Escudo do Ancião
2078	T8_OFF_SHIELD@4	Elder's Shield	Escudo do Ancião
2079	T4_OFF_TOWERSHIELD_UNDEAD	Adept's Sarcophagus	Sarcófago do Adepto
2080	T4_OFF_TOWERSHIELD_UNDEAD@1	Adept's Sarcophagus	Sarcófago do Adepto
2081	T4_OFF_TOWERSHIELD_UNDEAD@2	Adept's Sarcophagus	Sarcófago do Adepto
2082	T4_OFF_TOWERSHIELD_UNDEAD@3	Adept's Sarcophagus	Sarcófago do Adepto
2083	T4_OFF_TOWERSHIELD_UNDEAD@4	Adept's Sarcophagus	Sarcófago do Adepto
2084	T5_OFF_TOWERSHIELD_UNDEAD	Expert's Sarcophagus	Sarcófago do Perito
2085	T5_OFF_TOWERSHIELD_UNDEAD@1	Expert's Sarcophagus	Sarcófago do Perito
2086	T5_OFF_TOWERSHIELD_UNDEAD@2	Expert's Sarcophagus	Sarcófago do Perito
2087	T5_OFF_TOWERSHIELD_UNDEAD@3	Expert's Sarcophagus	Sarcófago do Perito
2088	T5_OFF_TOWERSHIELD_UNDEAD@4	Expert's Sarcophagus	Sarcófago do Perito
2089	T6_OFF_TOWERSHIELD_UNDEAD	Master's Sarcophagus	Sarcófago do Mestre
2090	T6_OFF_TOWERSHIELD_UNDEAD@1	Master's Sarcophagus	Sarcófago do Mestre
2091	T6_OFF_TOWERSHIELD_UNDEAD@2	Master's Sarcophagus	Sarcófago do Mestre
2092	T6_OFF_TOWERSHIELD_UNDEAD@3	Master's Sarcophagus	Sarcófago do Mestre
2093	T6_OFF_TOWERSHIELD_UNDEAD@4	Master's Sarcophagus	Sarcófago do Mestre
2094	T7_OFF_TOWERSHIELD_UNDEAD	Grandmaster's Sarcophagus	Sarcófago do Grão-mestre
2095	T7_OFF_TOWERSHIELD_UNDEAD@1	Grandmaster's Sarcophagus	Sarcófago do Grão-mestre
2096	T7_OFF_TOWERSHIELD_UNDEAD@2	Grandmaster's Sarcophagus	Sarcófago do Grão-mestre
2097	T7_OFF_TOWERSHIELD_UNDEAD@3	Grandmaster's Sarcophagus	Sarcófago do Grão-mestre
2098	T7_OFF_TOWERSHIELD_UNDEAD@4	Grandmaster's Sarcophagus	Sarcófago do Grão-mestre
2099	T8_OFF_TOWERSHIELD_UNDEAD	Elder's Sarcophagus	Sarcófago do Ancião
2100	T8_OFF_TOWERSHIELD_UNDEAD@1	Elder's Sarcophagus	Sarcófago do Ancião
2101	T8_OFF_TOWERSHIELD_UNDEAD@2	Elder's Sarcophagus	Sarcófago do Ancião
2102	T8_OFF_TOWERSHIELD_UNDEAD@3	Elder's Sarcophagus	Sarcófago do Ancião
2103	T8_OFF_TOWERSHIELD_UNDEAD@4	Elder's Sarcophagus	Sarcófago do Ancião
2104	T4_OFF_SHIELD_HELL	Adept's Caitiff Shield	Escudo Vampírico do Adepto
2105	T4_OFF_SHIELD_HELL@1	Adept's Caitiff Shield	Escudo Vampírico do Adepto
2106	T4_OFF_SHIELD_HELL@2	Adept's Caitiff Shield	Escudo Vampírico do Adepto
2107	T4_OFF_SHIELD_HELL@3	Adept's Caitiff Shield	Escudo Vampírico do Adepto
2108	T4_OFF_SHIELD_HELL@4	Adept's Caitiff Shield	Escudo Vampírico do Adepto
2109	T5_OFF_SHIELD_HELL	Expert's Caitiff Shield	Escudo Vampírico do Perito
2110	T5_OFF_SHIELD_HELL@1	Expert's Caitiff Shield	Escudo Vampírico do Perito
2111	T5_OFF_SHIELD_HELL@2	Expert's Caitiff Shield	Escudo Vampírico do Perito
2112	T5_OFF_SHIELD_HELL@3	Expert's Caitiff Shield	Escudo Vampírico do Perito
2113	T5_OFF_SHIELD_HELL@4	Expert's Caitiff Shield	Escudo Vampírico do Perito
2114	T6_OFF_SHIELD_HELL	Master's Caitiff Shield	Escudo Vampírico do Mestre
2115	T6_OFF_SHIELD_HELL@1	Master's Caitiff Shield	Escudo Vampírico do Mestre
2116	T6_OFF_SHIELD_HELL@2	Master's Caitiff Shield	Escudo Vampírico do Mestre
2117	T6_OFF_SHIELD_HELL@3	Master's Caitiff Shield	Escudo Vampírico do Mestre
2118	T6_OFF_SHIELD_HELL@4	Master's Caitiff Shield	Escudo Vampírico do Mestre
2119	T7_OFF_SHIELD_HELL	Grandmaster's Caitiff Shield	Escudo Vampírico do Grão-mestre
2120	T7_OFF_SHIELD_HELL@1	Grandmaster's Caitiff Shield	Escudo Vampírico do Grão-mestre
2121	T7_OFF_SHIELD_HELL@2	Grandmaster's Caitiff Shield	Escudo Vampírico do Grão-mestre
2122	T7_OFF_SHIELD_HELL@3	Grandmaster's Caitiff Shield	Escudo Vampírico do Grão-mestre
2123	T7_OFF_SHIELD_HELL@4	Grandmaster's Caitiff Shield	Escudo Vampírico do Grão-mestre
2124	T8_OFF_SHIELD_HELL	Elder's Caitiff Shield	Escudo Vampírico do Ancião
2125	T8_OFF_SHIELD_HELL@1	Elder's Caitiff Shield	Escudo Vampírico do Ancião
2126	T8_OFF_SHIELD_HELL@2	Elder's Caitiff Shield	Escudo Vampírico do Ancião
2127	T8_OFF_SHIELD_HELL@3	Elder's Caitiff Shield	Escudo Vampírico do Ancião
2128	T8_OFF_SHIELD_HELL@4	Elder's Caitiff Shield	Escudo Vampírico do Ancião
2129	T4_OFF_SPIKEDSHIELD_MORGANA	Adept's Facebreaker	Quebra-rostos do Adepto
2130	T4_OFF_SPIKEDSHIELD_MORGANA@1	Adept's Facebreaker	Quebra-rostos do Adepto
2131	T4_OFF_SPIKEDSHIELD_MORGANA@2	Adept's Facebreaker	Quebra-rostos do Adepto
2132	T4_OFF_SPIKEDSHIELD_MORGANA@3	Adept's Facebreaker	Quebra-rostos do Adepto
2133	T4_OFF_SPIKEDSHIELD_MORGANA@4	Adept's Facebreaker	Quebra-rostos do Adepto
2134	T5_OFF_SPIKEDSHIELD_MORGANA	Expert's Facebreaker	Quebra-rostos do Perito
2135	T5_OFF_SPIKEDSHIELD_MORGANA@1	Expert's Facebreaker	Quebra-rostos do Perito
2136	T5_OFF_SPIKEDSHIELD_MORGANA@2	Expert's Facebreaker	Quebra-rostos do Perito
2137	T5_OFF_SPIKEDSHIELD_MORGANA@3	Expert's Facebreaker	Quebra-rostos do Perito
2138	T5_OFF_SPIKEDSHIELD_MORGANA@4	Expert's Facebreaker	Quebra-rostos do Perito
2139	T6_OFF_SPIKEDSHIELD_MORGANA	Master's Facebreaker	Quebra-rostos do Mestre
2140	T6_OFF_SPIKEDSHIELD_MORGANA@1	Master's Facebreaker	Quebra-rostos do Mestre
2141	T6_OFF_SPIKEDSHIELD_MORGANA@2	Master's Facebreaker	Quebra-rostos do Mestre
2142	T6_OFF_SPIKEDSHIELD_MORGANA@3	Master's Facebreaker	Quebra-rostos do Mestre
2143	T6_OFF_SPIKEDSHIELD_MORGANA@4	Master's Facebreaker	Quebra-rostos do Mestre
2144	T7_OFF_SPIKEDSHIELD_MORGANA	Grandmaster's Facebreaker	Quebra-rostos do Grão-mestre
2145	T7_OFF_SPIKEDSHIELD_MORGANA@1	Grandmaster's Facebreaker	Quebra-rostos do Grão-mestre
2146	T7_OFF_SPIKEDSHIELD_MORGANA@2	Grandmaster's Facebreaker	Quebra-rostos do Grão-mestre
2147	T7_OFF_SPIKEDSHIELD_MORGANA@3	Grandmaster's Facebreaker	Quebra-rostos do Grão-mestre
2148	T7_OFF_SPIKEDSHIELD_MORGANA@4	Grandmaster's Facebreaker	Quebra-rostos do Grão-mestre
2149	T8_OFF_SPIKEDSHIELD_MORGANA	Elder's Facebreaker	Quebra-rostos do Ancião
2150	T8_OFF_SPIKEDSHIELD_MORGANA@1	Elder's Facebreaker	Quebra-rostos do Ancião
2151	T8_OFF_SPIKEDSHIELD_MORGANA@2	Elder's Facebreaker	Quebra-rostos do Ancião
2152	T8_OFF_SPIKEDSHIELD_MORGANA@3	Elder's Facebreaker	Quebra-rostos do Ancião
2153	T8_OFF_SPIKEDSHIELD_MORGANA@4	Elder's Facebreaker	Quebra-rostos do Ancião
2154	T4_OFF_SHIELD_AVALON	Adept's Astral Aegis	Égide Astral do Adepto
2155	T4_OFF_SHIELD_AVALON@1	Adept's Astral Aegis	Égide Astral do Adepto
2156	T4_OFF_SHIELD_AVALON@2	Adept's Astral Aegis	Égide Astral do Adepto
2157	T4_OFF_SHIELD_AVALON@3	Adept's Astral Aegis	Égide Astral do Adepto
2158	T4_OFF_SHIELD_AVALON@4	Adept's Astral Aegis	Égide Astral do Adepto
2159	T5_OFF_SHIELD_AVALON	Expert's Astral Aegis	Égide Astral do Perito
2160	T5_OFF_SHIELD_AVALON@1	Expert's Astral Aegis	Égide Astral do Perito
2161	T5_OFF_SHIELD_AVALON@2	Expert's Astral Aegis	Égide Astral do Perito
2162	T5_OFF_SHIELD_AVALON@3	Expert's Astral Aegis	Égide Astral do Perito
2163	T5_OFF_SHIELD_AVALON@4	Expert's Astral Aegis	Égide Astral do Perito
2164	T6_OFF_SHIELD_AVALON	Master's Astral Aegis	Égide Astral do Mestre
2165	T6_OFF_SHIELD_AVALON@1	Master's Astral Aegis	Égide Astral do Mestre
2166	T6_OFF_SHIELD_AVALON@2	Master's Astral Aegis	Égide Astral do Mestre
2167	T6_OFF_SHIELD_AVALON@3	Master's Astral Aegis	Égide Astral do Mestre
2168	T6_OFF_SHIELD_AVALON@4	Master's Astral Aegis	Égide Astral do Mestre
2169	T7_OFF_SHIELD_AVALON	Grandmaster's Astral Aegis	Égide Astral do Grão-mestre
2170	T7_OFF_SHIELD_AVALON@1	Grandmaster's Astral Aegis	Égide Astral do Grão-mestre
2171	T7_OFF_SHIELD_AVALON@2	Grandmaster's Astral Aegis	Égide Astral do Grão-mestre
2172	T7_OFF_SHIELD_AVALON@3	Grandmaster's Astral Aegis	Égide Astral do Grão-mestre
2173	T7_OFF_SHIELD_AVALON@4	Grandmaster's Astral Aegis	Égide Astral do Grão-mestre
2174	T8_OFF_SHIELD_AVALON	Elder's Astral Aegis	Égide Astral do Ancião
2175	T8_OFF_SHIELD_AVALON@1	Elder's Astral Aegis	Égide Astral do Ancião
2176	T8_OFF_SHIELD_AVALON@2	Elder's Astral Aegis	Égide Astral do Ancião
2177	T8_OFF_SHIELD_AVALON@3	Elder's Astral Aegis	Égide Astral do Ancião
2178	T8_OFF_SHIELD_AVALON@4	Elder's Astral Aegis	Égide Astral do Ancião
2179	T4_OFF_SHIELD_CRYSTAL	Adept's Unbreakable Ward	Barreira Inquebrável do Adepto
2180	T4_OFF_SHIELD_CRYSTAL@1	Adept's Unbreakable Ward	Barreira Inquebrável do Adepto
2181	T4_OFF_SHIELD_CRYSTAL@2	Adept's Unbreakable Ward	Barreira Inquebrável do Adepto
2182	T4_OFF_SHIELD_CRYSTAL@3	Adept's Unbreakable Ward	Barreira Inquebrável do Adepto
2183	T4_OFF_SHIELD_CRYSTAL@4	Adept's Unbreakable Ward	Barreira Inquebrável do Adepto
2184	T5_OFF_SHIELD_CRYSTAL	Expert's Unbreakable Ward	Barreira Inquebrável do Perito
2185	T5_OFF_SHIELD_CRYSTAL@1	Expert's Unbreakable Ward	Barreira Inquebrável do Perito
2186	T5_OFF_SHIELD_CRYSTAL@2	Expert's Unbreakable Ward	Barreira Inquebrável do Perito
2187	T5_OFF_SHIELD_CRYSTAL@3	Expert's Unbreakable Ward	Barreira Inquebrável do Perito
2188	T5_OFF_SHIELD_CRYSTAL@4	Expert's Unbreakable Ward	Barreira Inquebrável do Perito
2189	T6_OFF_SHIELD_CRYSTAL	Master's Unbreakable Ward	Barreira Inquebrável do Mestre
2190	T6_OFF_SHIELD_CRYSTAL@1	Master's Unbreakable Ward	Barreira Inquebrável do Mestre
2191	T6_OFF_SHIELD_CRYSTAL@2	Master's Unbreakable Ward	Barreira Inquebrável do Mestre
2192	T6_OFF_SHIELD_CRYSTAL@3	Master's Unbreakable Ward	Barreira Inquebrável do Mestre
2193	T6_OFF_SHIELD_CRYSTAL@4	Master's Unbreakable Ward	Barreira Inquebrável do Mestre
2194	T7_OFF_SHIELD_CRYSTAL	Grandmaster's Unbreakable Ward	Barreira Inquebrável do Grão-mestre
2195	T7_OFF_SHIELD_CRYSTAL@1	Grandmaster's Unbreakable Ward	Barreira Inquebrável do Grão-mestre
2196	T7_OFF_SHIELD_CRYSTAL@2	Grandmaster's Unbreakable Ward	Barreira Inquebrável do Grão-mestre
2197	T7_OFF_SHIELD_CRYSTAL@3	Grandmaster's Unbreakable Ward	Barreira Inquebrável do Grão-mestre
2198	T7_OFF_SHIELD_CRYSTAL@4	Grandmaster's Unbreakable Ward	Barreira Inquebrável do Grão-mestre
2199	T8_OFF_SHIELD_CRYSTAL	Elder's Unbreakable Ward	Barreira Inquebrável do Ancião
2200	T8_OFF_SHIELD_CRYSTAL@1	Elder's Unbreakable Ward	Barreira Inquebrável do Ancião
2201	T8_OFF_SHIELD_CRYSTAL@2	Elder's Unbreakable Ward	Barreira Inquebrável do Ancião
2202	T8_OFF_SHIELD_CRYSTAL@3	Elder's Unbreakable Ward	Barreira Inquebrável do Ancião
2203	T8_OFF_SHIELD_CRYSTAL@4	Elder's Unbreakable Ward	Barreira Inquebrável do Ancião
2204	T2_OFF_BOOK	Novice's Tome of Spells	Tomo de Feitiços do Novato
2205	T3_OFF_BOOK	Journeyman's Tome of Spells	Tomo de Feitiços do Iniciante
2206	T4_OFF_BOOK	Adept's Tome of Spells	Tomo de Feitiços do Adepto
2207	T4_OFF_BOOK@1	Adept's Tome of Spells	Tomo de Feitiços do Adepto
2208	T4_OFF_BOOK@2	Adept's Tome of Spells	Tomo de Feitiços do Adepto
2209	T4_OFF_BOOK@3	Adept's Tome of Spells	Tomo de Feitiços do Adepto
2210	T4_OFF_BOOK@4	Adept's Tome of Spells	Tomo de Feitiços do Adepto
2211	T5_OFF_BOOK	Expert's Tome of Spells	Tomo de Feitiços do Perito
2212	T5_OFF_BOOK@1	Expert's Tome of Spells	Tomo de Feitiços do Perito
2213	T5_OFF_BOOK@2	Expert's Tome of Spells	Tomo de Feitiços do Perito
2214	T5_OFF_BOOK@3	Expert's Tome of Spells	Tomo de Feitiços do Perito
2215	T5_OFF_BOOK@4	Expert's Tome of Spells	Tomo de Feitiços do Perito
2216	T6_OFF_BOOK	Master's Tome of Spells	Tomo de Feitiços do Mestre
2217	T6_OFF_BOOK@1	Master's Tome of Spells	Tomo de Feitiços do Mestre
2218	T6_OFF_BOOK@2	Master's Tome of Spells	Tomo de Feitiços do Mestre
2219	T6_OFF_BOOK@3	Master's Tome of Spells	Tomo de Feitiços do Mestre
2220	T6_OFF_BOOK@4	Master's Tome of Spells	Tomo de Feitiços do Mestre
2221	T7_OFF_BOOK	Grandmaster's Tome of Spells	Tomo de Feitiços do Grão-mestre
2222	T7_OFF_BOOK@1	Grandmaster's Tome of Spells	Tomo de Feitiços do Grão-mestre
2223	T7_OFF_BOOK@2	Grandmaster's Tome of Spells	Tomo de Feitiços do Grão-mestre
2224	T7_OFF_BOOK@3	Grandmaster's Tome of Spells	Tomo de Feitiços do Grão-mestre
2225	T7_OFF_BOOK@4	Grandmaster's Tome of Spells	Tomo de Feitiços do Grão-mestre
2226	T8_OFF_BOOK	Rosalia's Diary	Diário de Rosalia
2227	T8_OFF_BOOK@1	Rosalia's Diary	Diário de Rosalia
2228	T8_OFF_BOOK@2	Rosalia's Diary	Diário de Rosalia
2229	T8_OFF_BOOK@3	Rosalia's Diary	Diário de Rosalia
2230	T8_OFF_BOOK@4	Rosalia's Diary	Diário de Rosalia
2231	T4_OFF_ORB_MORGANA	Adept's Eye of Secrets	Olho dos Segredos do Adepto
2232	T4_OFF_ORB_MORGANA@1	Adept's Eye of Secrets	Olho dos Segredos do Adepto
2233	T4_OFF_ORB_MORGANA@2	Adept's Eye of Secrets	Olho dos Segredos do Adepto
2234	T4_OFF_ORB_MORGANA@3	Adept's Eye of Secrets	Olho dos Segredos do Adepto
2235	T4_OFF_ORB_MORGANA@4	Adept's Eye of Secrets	Olho dos Segredos do Adepto
2236	T5_OFF_ORB_MORGANA	Expert's Eye of Secrets	Olho dos Segredos do Perito
2237	T5_OFF_ORB_MORGANA@1	Expert's Eye of Secrets	Olho dos Segredos do Perito
2238	T5_OFF_ORB_MORGANA@2	Expert's Eye of Secrets	Olho dos Segredos do Perito
2239	T5_OFF_ORB_MORGANA@3	Expert's Eye of Secrets	Olho dos Segredos do Perito
2240	T5_OFF_ORB_MORGANA@4	Expert's Eye of Secrets	Olho dos Segredos do Perito
2241	T6_OFF_ORB_MORGANA	Master's Eye of Secrets	Olho dos Segredos do Mestre
2242	T6_OFF_ORB_MORGANA@1	Master's Eye of Secrets	Olho dos Segredos do Mestre
2243	T6_OFF_ORB_MORGANA@2	Master's Eye of Secrets	Olho dos Segredos do Mestre
2244	T6_OFF_ORB_MORGANA@3	Master's Eye of Secrets	Olho dos Segredos do Mestre
2245	T6_OFF_ORB_MORGANA@4	Master's Eye of Secrets	Olho dos Segredos do Mestre
2246	T7_OFF_ORB_MORGANA	Grandmaster's Eye of Secrets	Olho dos Segredos do Grão-mestre
2247	T7_OFF_ORB_MORGANA@1	Grandmaster's Eye of Secrets	Olho dos Segredos do Grão-mestre
2248	T7_OFF_ORB_MORGANA@2	Grandmaster's Eye of Secrets	Olho dos Segredos do Grão-mestre
2249	T7_OFF_ORB_MORGANA@3	Grandmaster's Eye of Secrets	Olho dos Segredos do Grão-mestre
2250	T7_OFF_ORB_MORGANA@4	Grandmaster's Eye of Secrets	Olho dos Segredos do Grão-mestre
2251	T8_OFF_ORB_MORGANA	Elder's Eye of Secrets	Olho dos Segredos do Ancião
2252	T8_OFF_ORB_MORGANA@1	Elder's Eye of Secrets	Olho dos Segredos do Ancião
2253	T8_OFF_ORB_MORGANA@2	Elder's Eye of Secrets	Olho dos Segredos do Ancião
2254	T8_OFF_ORB_MORGANA@3	Elder's Eye of Secrets	Olho dos Segredos do Ancião
2255	T8_OFF_ORB_MORGANA@4	Elder's Eye of Secrets	Olho dos Segredos do Ancião
2256	T4_OFF_DEMONSKULL_HELL	Adept's Muisak	Muisec do Adepto
2257	T4_OFF_DEMONSKULL_HELL@1	Adept's Muisak	Muisec do Adepto
2258	T4_OFF_DEMONSKULL_HELL@2	Adept's Muisak	Muisec do Adepto
2259	T4_OFF_DEMONSKULL_HELL@3	Adept's Muisak	Muisec do Adepto
2260	T4_OFF_DEMONSKULL_HELL@4	Adept's Muisak	Muisec do Adepto
2261	T5_OFF_DEMONSKULL_HELL	Expert's Muisak	Muisec do Perito
2262	T5_OFF_DEMONSKULL_HELL@1	Expert's Muisak	Muisec do Perito
2263	T5_OFF_DEMONSKULL_HELL@2	Expert's Muisak	Muisec do Perito
2264	T5_OFF_DEMONSKULL_HELL@3	Expert's Muisak	Muisec do Perito
2265	T5_OFF_DEMONSKULL_HELL@4	Expert's Muisak	Muisec do Perito
2266	T6_OFF_DEMONSKULL_HELL	Master's Muisak	Muisec do Mestre
2267	T6_OFF_DEMONSKULL_HELL@1	Master's Muisak	Muisec do Mestre
2268	T6_OFF_DEMONSKULL_HELL@2	Master's Muisak	Muisec do Mestre
2269	T6_OFF_DEMONSKULL_HELL@3	Master's Muisak	Muisec do Mestre
2270	T6_OFF_DEMONSKULL_HELL@4	Master's Muisak	Muisec do Mestre
2271	T7_OFF_DEMONSKULL_HELL	Grandmaster's Muisak	Muisec do Grão-mestre
2272	T7_OFF_DEMONSKULL_HELL@1	Grandmaster's Muisak	Muisec do Grão-mestre
2273	T7_OFF_DEMONSKULL_HELL@2	Grandmaster's Muisak	Muisec do Grão-mestre
2274	T7_OFF_DEMONSKULL_HELL@3	Grandmaster's Muisak	Muisec do Grão-mestre
2275	T7_OFF_DEMONSKULL_HELL@4	Grandmaster's Muisak	Muisec do Grão-mestre
2276	T8_OFF_DEMONSKULL_HELL	Elder's Muisak	Muisec do Ancião
2277	T8_OFF_DEMONSKULL_HELL@1	Elder's Muisak	Muisec do Ancião
2278	T8_OFF_DEMONSKULL_HELL@2	Elder's Muisak	Muisec do Ancião
2279	T8_OFF_DEMONSKULL_HELL@3	Elder's Muisak	Muisec do Ancião
2280	T8_OFF_DEMONSKULL_HELL@4	Elder's Muisak	Muisec do Ancião
2281	T4_OFF_TOTEM_KEEPER	Adept's Taproot	Raiz Mestra do Adepto
2282	T4_OFF_TOTEM_KEEPER@1	Adept's Taproot	Raiz Mestra do Adepto
2283	T4_OFF_TOTEM_KEEPER@2	Adept's Taproot	Raiz Mestra do Adepto
2284	T4_OFF_TOTEM_KEEPER@3	Adept's Taproot	Raiz Mestra do Adepto
2285	T4_OFF_TOTEM_KEEPER@4	Adept's Taproot	Raiz Mestra do Adepto
2286	T5_OFF_TOTEM_KEEPER	Expert's Taproot	Raiz Mestra do Perito
2287	T5_OFF_TOTEM_KEEPER@1	Expert's Taproot	Raiz Mestra do Perito
2288	T5_OFF_TOTEM_KEEPER@2	Expert's Taproot	Raiz Mestra do Perito
2289	T5_OFF_TOTEM_KEEPER@3	Expert's Taproot	Raiz Mestra do Perito
2290	T5_OFF_TOTEM_KEEPER@4	Expert's Taproot	Raiz Mestra do Perito
2291	T6_OFF_TOTEM_KEEPER	Master's Taproot	Raiz Mestra do Mestre
2292	T6_OFF_TOTEM_KEEPER@1	Master's Taproot	Raiz Mestra do Mestre
2293	T6_OFF_TOTEM_KEEPER@2	Master's Taproot	Raiz Mestra do Mestre
2294	T6_OFF_TOTEM_KEEPER@3	Master's Taproot	Raiz Mestra do Mestre
2295	T6_OFF_TOTEM_KEEPER@4	Master's Taproot	Raiz Mestra do Mestre
2296	T7_OFF_TOTEM_KEEPER	Grandmaster's Taproot	Raiz Mestra do Grão-mestre
2297	T7_OFF_TOTEM_KEEPER@1	Grandmaster's Taproot	Raiz Mestra do Grão-mestre
2298	T7_OFF_TOTEM_KEEPER@2	Grandmaster's Taproot	Raiz Mestra do Grão-mestre
2299	T7_OFF_TOTEM_KEEPER@3	Grandmaster's Taproot	Raiz Mestra do Grão-mestre
2300	T7_OFF_TOTEM_KEEPER@4	Grandmaster's Taproot	Raiz Mestra do Grão-mestre
2301	T8_OFF_TOTEM_KEEPER	Elder's Taproot	Raiz Mestra do Ancião
2302	T8_OFF_TOTEM_KEEPER@1	Elder's Taproot	Raiz Mestra do Ancião
2303	T8_OFF_TOTEM_KEEPER@2	Elder's Taproot	Raiz Mestra do Ancião
2304	T8_OFF_TOTEM_KEEPER@3	Elder's Taproot	Raiz Mestra do Ancião
2305	T8_OFF_TOTEM_KEEPER@4	Elder's Taproot	Raiz Mestra do Ancião
2306	T4_OFF_CENSER_AVALON	Adept's Celestial Censer	Incensário Celeste do Adepto
2307	T4_OFF_CENSER_AVALON@1	Adept's Celestial Censer	Incensário Celeste do Adepto
2308	T4_OFF_CENSER_AVALON@2	Adept's Celestial Censer	Incensário Celeste do Adepto
2309	T4_OFF_CENSER_AVALON@3	Adept's Celestial Censer	Incensário Celeste do Adepto
2310	T4_OFF_CENSER_AVALON@4	Adept's Celestial Censer	Incensário Celeste do Adepto
2311	T5_OFF_CENSER_AVALON	Expert's Celestial Censer	Incensário Celeste do Perito
2312	T5_OFF_CENSER_AVALON@1	Expert's Celestial Censer	Incensário Celeste do Perito
2313	T5_OFF_CENSER_AVALON@2	Expert's Celestial Censer	Incensário Celeste do Perito
2314	T5_OFF_CENSER_AVALON@3	Expert's Celestial Censer	Incensário Celeste do Perito
2315	T5_OFF_CENSER_AVALON@4	Expert's Celestial Censer	Incensário Celeste do Perito
2316	T6_OFF_CENSER_AVALON	Master's Celestial Censer	Incensário Celeste do Mestre
2317	T6_OFF_CENSER_AVALON@1	Master's Celestial Censer	Incensário Celeste do Mestre
2318	T6_OFF_CENSER_AVALON@2	Master's Celestial Censer	Incensário Celeste do Mestre
2319	T6_OFF_CENSER_AVALON@3	Master's Celestial Censer	Incensário Celeste do Mestre
2320	T6_OFF_CENSER_AVALON@4	Master's Celestial Censer	Incensário Celeste do Mestre
2321	T7_OFF_CENSER_AVALON	Grandmaster's Celestial Censer	Incensário Celeste do Grão-mestre
2322	T7_OFF_CENSER_AVALON@1	Grandmaster's Celestial Censer	Incensário Celeste do Grão-mestre
2323	T7_OFF_CENSER_AVALON@2	Grandmaster's Celestial Censer	Incensário Celeste do Grão-mestre
2324	T7_OFF_CENSER_AVALON@3	Grandmaster's Celestial Censer	Incensário Celeste do Grão-mestre
2325	T7_OFF_CENSER_AVALON@4	Grandmaster's Celestial Censer	Incensário Celeste do Grão-mestre
2326	T8_OFF_CENSER_AVALON	Elder's Celestial Censer	Incensário Celeste do Ancião
2327	T8_OFF_CENSER_AVALON@1	Elder's Celestial Censer	Incensário Celeste do Ancião
2328	T8_OFF_CENSER_AVALON@2	Elder's Celestial Censer	Incensário Celeste do Ancião
2329	T8_OFF_CENSER_AVALON@3	Elder's Celestial Censer	Incensário Celeste do Ancião
2330	T8_OFF_CENSER_AVALON@4	Elder's Celestial Censer	Incensário Celeste do Ancião
2331	T4_OFF_TOME_CRYSTAL	Adept's Timelocked Grimoire	Grimório Estagnado do Adepto
2332	T4_OFF_TOME_CRYSTAL@1	Adept's Timelocked Grimoire	Grimório Estagnado do Adepto
2333	T4_OFF_TOME_CRYSTAL@2	Adept's Timelocked Grimoire	Grimório Estagnado do Adepto
2334	T4_OFF_TOME_CRYSTAL@3	Adept's Timelocked Grimoire	Grimório Estagnado do Adepto
2335	T4_OFF_TOME_CRYSTAL@4	Adept's Timelocked Grimoire	Grimório Estagnado do Adepto
2336	T5_OFF_TOME_CRYSTAL	Expert's Timelocked Grimoire	Grimório Estagnado do Perito
2337	T5_OFF_TOME_CRYSTAL@1	Expert's Timelocked Grimoire	Grimório Estagnado do Perito
2338	T5_OFF_TOME_CRYSTAL@2	Expert's Timelocked Grimoire	Grimório Estagnado do Perito
2339	T5_OFF_TOME_CRYSTAL@3	Expert's Timelocked Grimoire	Grimório Estagnado do Perito
2340	T5_OFF_TOME_CRYSTAL@4	Expert's Timelocked Grimoire	Grimório Estagnado do Perito
2341	T6_OFF_TOME_CRYSTAL	Master's Timelocked Grimoire	Grimório Estagnado do Mestre
2342	T6_OFF_TOME_CRYSTAL@1	Master's Timelocked Grimoire	Grimório Estagnado do Mestre
2343	T6_OFF_TOME_CRYSTAL@2	Master's Timelocked Grimoire	Grimório Estagnado do Mestre
2344	T6_OFF_TOME_CRYSTAL@3	Master's Timelocked Grimoire	Grimório Estagnado do Mestre
2345	T6_OFF_TOME_CRYSTAL@4	Master's Timelocked Grimoire	Grimório Estagnado do Mestre
2346	T7_OFF_TOME_CRYSTAL	Grandmaster's Timelocked Grimoire	Grimório Estagnado do Grão-mestre
2347	T7_OFF_TOME_CRYSTAL@1	Grandmaster's Timelocked Grimoire	Grimório Estagnado do Grão-mestre
2348	T7_OFF_TOME_CRYSTAL@2	Grandmaster's Timelocked Grimoire	Grimório Estagnado do Grão-mestre
2349	T7_OFF_TOME_CRYSTAL@3	Grandmaster's Timelocked Grimoire	Grimório Estagnado do Grão-mestre
2350	T7_OFF_TOME_CRYSTAL@4	Grandmaster's Timelocked Grimoire	Grimório Estagnado do Grão-mestre
2351	T8_OFF_TOME_CRYSTAL	Elder's Timelocked Grimoire	Grimório Estagnado do Ancião
2352	T8_OFF_TOME_CRYSTAL@1	Elder's Timelocked Grimoire	Grimório Estagnado do Ancião
2353	T8_OFF_TOME_CRYSTAL@2	Elder's Timelocked Grimoire	Grimório Estagnado do Ancião
2354	T8_OFF_TOME_CRYSTAL@3	Elder's Timelocked Grimoire	Grimório Estagnado do Ancião
2355	T8_OFF_TOME_CRYSTAL@4	Elder's Timelocked Grimoire	Grimório Estagnado do Ancião
2356	T3_OFF_TORCH	Journeyman's Torch	Tocha do Iniciante
2357	T4_OFF_TORCH	Adept's Torch	Tocha do Adepto
2358	T4_OFF_TORCH@1	Adept's Torch	Tocha do Adepto
2359	T4_OFF_TORCH@2	Adept's Torch	Tocha do Adepto
2360	T4_OFF_TORCH@3	Adept's Torch	Tocha do Adepto
2361	T4_OFF_TORCH@4	Adept's Torch	Tocha do Adepto
2362	T5_OFF_TORCH	Expert's Torch	Tocha do Perito
2363	T5_OFF_TORCH@1	Expert's Torch	Tocha do Perito
2364	T5_OFF_TORCH@2	Expert's Torch	Tocha do Perito
2365	T5_OFF_TORCH@3	Expert's Torch	Tocha do Perito
2366	T5_OFF_TORCH@4	Expert's Torch	Tocha do Perito
2367	T6_OFF_TORCH	Master's Torch	Tocha do Mestre
2368	T6_OFF_TORCH@1	Master's Torch	Tocha do Mestre
2369	T6_OFF_TORCH@2	Master's Torch	Tocha do Mestre
2370	T6_OFF_TORCH@3	Master's Torch	Tocha do Mestre
2371	T6_OFF_TORCH@4	Master's Torch	Tocha do Mestre
2372	T7_OFF_TORCH	Grandmaster's Torch	Tocha do Grão-mestre
2373	T7_OFF_TORCH@1	Grandmaster's Torch	Tocha do Grão-mestre
2374	T7_OFF_TORCH@2	Grandmaster's Torch	Tocha do Grão-mestre
2375	T7_OFF_TORCH@3	Grandmaster's Torch	Tocha do Grão-mestre
2376	T7_OFF_TORCH@4	Grandmaster's Torch	Tocha do Grão-mestre
2377	T8_OFF_TORCH	Elder's Torch	Tocha do Ancião
2378	T8_OFF_TORCH@1	Elder's Torch	Tocha do Ancião
2379	T8_OFF_TORCH@2	Elder's Torch	Tocha do Ancião
2380	T8_OFF_TORCH@3	Elder's Torch	Tocha do Ancião
2381	T8_OFF_TORCH@4	Elder's Torch	Tocha do Ancião
2382	T4_OFF_HORN_KEEPER	Adept's Mistcaller	Brumário do Adepto
2383	T4_OFF_HORN_KEEPER@1	Adept's Mistcaller	Brumário do Adepto
2384	T4_OFF_HORN_KEEPER@2	Adept's Mistcaller	Brumário do Adepto
2385	T4_OFF_HORN_KEEPER@3	Adept's Mistcaller	Brumário do Adepto
2386	T4_OFF_HORN_KEEPER@4	Adept's Mistcaller	Brumário do Adepto
2387	T5_OFF_HORN_KEEPER	Expert's Mistcaller	Brumário do Perito
2388	T5_OFF_HORN_KEEPER@1	Expert's Mistcaller	Brumário do Perito
2389	T5_OFF_HORN_KEEPER@2	Expert's Mistcaller	Brumário do Perito
2390	T5_OFF_HORN_KEEPER@3	Expert's Mistcaller	Brumário do Perito
2391	T5_OFF_HORN_KEEPER@4	Expert's Mistcaller	Brumário do Perito
2392	T6_OFF_HORN_KEEPER	Master's Mistcaller	Brumário do Mestre
2393	T6_OFF_HORN_KEEPER@1	Master's Mistcaller	Brumário do Mestre
2394	T6_OFF_HORN_KEEPER@2	Master's Mistcaller	Brumário do Mestre
2395	T6_OFF_HORN_KEEPER@3	Master's Mistcaller	Brumário do Mestre
2396	T6_OFF_HORN_KEEPER@4	Master's Mistcaller	Brumário do Mestre
2397	T7_OFF_HORN_KEEPER	Grandmaster's Mistcaller	Brumário do Grão-mestre
2398	T7_OFF_HORN_KEEPER@1	Grandmaster's Mistcaller	Brumário do Grão-mestre
2399	T7_OFF_HORN_KEEPER@2	Grandmaster's Mistcaller	Brumário do Grão-mestre
2400	T7_OFF_HORN_KEEPER@3	Grandmaster's Mistcaller	Brumário do Grão-mestre
2401	T7_OFF_HORN_KEEPER@4	Grandmaster's Mistcaller	Brumário do Grão-mestre
2402	T8_OFF_HORN_KEEPER	Elder's Mistcaller	Brumário do Ancião
2403	T8_OFF_HORN_KEEPER@1	Elder's Mistcaller	Brumário do Ancião
2404	T8_OFF_HORN_KEEPER@2	Elder's Mistcaller	Brumário do Ancião
2405	T8_OFF_HORN_KEEPER@3	Elder's Mistcaller	Brumário do Ancião
2406	T8_OFF_HORN_KEEPER@4	Elder's Mistcaller	Brumário do Ancião
2407	T4_OFF_TALISMAN_AVALON	Adept's Sacred Scepter	Cetro Sagrado do Adepto
2408	T4_OFF_TALISMAN_AVALON@1	Adept's Sacred Scepter	Cetro Sagrado do Adepto
2409	T4_OFF_TALISMAN_AVALON@2	Adept's Sacred Scepter	Cetro Sagrado do Adepto
2410	T4_OFF_TALISMAN_AVALON@3	Adept's Sacred Scepter	Cetro Sagrado do Adepto
2411	T4_OFF_TALISMAN_AVALON@4	Adept's Sacred Scepter	Cetro Sagrado do Adepto
2412	T5_OFF_TALISMAN_AVALON	Expert's Sacred Scepter	Cetro Sagrado do Perito
2413	T5_OFF_TALISMAN_AVALON@1	Expert's Sacred Scepter	Cetro Sagrado do Perito
2414	T5_OFF_TALISMAN_AVALON@2	Expert's Sacred Scepter	Cetro Sagrado do Perito
2415	T5_OFF_TALISMAN_AVALON@3	Expert's Sacred Scepter	Cetro Sagrado do Perito
2416	T5_OFF_TALISMAN_AVALON@4	Expert's Sacred Scepter	Cetro Sagrado do Perito
2417	T6_OFF_TALISMAN_AVALON	Master's Sacred Scepter	Cetro Sagrado do Mestre
2418	T6_OFF_TALISMAN_AVALON@1	Master's Sacred Scepter	Cetro Sagrado do Mestre
2419	T6_OFF_TALISMAN_AVALON@2	Master's Sacred Scepter	Cetro Sagrado do Mestre
2420	T6_OFF_TALISMAN_AVALON@3	Master's Sacred Scepter	Cetro Sagrado do Mestre
2421	T6_OFF_TALISMAN_AVALON@4	Master's Sacred Scepter	Cetro Sagrado do Mestre
2422	T7_OFF_TALISMAN_AVALON	Grandmaster's Sacred Scepter	Cetro Sagrado do Grão-mestre
2423	T7_OFF_TALISMAN_AVALON@1	Grandmaster's Sacred Scepter	Cetro Sagrado do Grão-mestre
2424	T7_OFF_TALISMAN_AVALON@2	Grandmaster's Sacred Scepter	Cetro Sagrado do Grão-mestre
2425	T7_OFF_TALISMAN_AVALON@3	Grandmaster's Sacred Scepter	Cetro Sagrado do Grão-mestre
2426	T7_OFF_TALISMAN_AVALON@4	Grandmaster's Sacred Scepter	Cetro Sagrado do Grão-mestre
2427	T8_OFF_TALISMAN_AVALON	Elder's Sacred Scepter	Cetro Sagrado do Ancião
2428	T8_OFF_TALISMAN_AVALON@1	Elder's Sacred Scepter	Cetro Sagrado do Ancião
2429	T8_OFF_TALISMAN_AVALON@2	Elder's Sacred Scepter	Cetro Sagrado do Ancião
2430	T8_OFF_TALISMAN_AVALON@3	Elder's Sacred Scepter	Cetro Sagrado do Ancião
2431	T8_OFF_TALISMAN_AVALON@4	Elder's Sacred Scepter	Cetro Sagrado do Ancião
2432	T4_OFF_LAMP_UNDEAD	Adept's Cryptcandle	Lume Críptico do Adepto
2433	T4_OFF_LAMP_UNDEAD@1	Adept's Cryptcandle	Lume Críptico do Adepto
2434	T4_OFF_LAMP_UNDEAD@2	Adept's Cryptcandle	Lume Críptico do Adepto
2435	T4_OFF_LAMP_UNDEAD@3	Adept's Cryptcandle	Lume Críptico do Adepto
2436	T4_OFF_LAMP_UNDEAD@4	Adept's Cryptcandle	Lume Críptico do Adepto
2437	T5_OFF_LAMP_UNDEAD	Expert's Cryptcandle	Lume Críptico do Perito
2438	T5_OFF_LAMP_UNDEAD@1	Expert's Cryptcandle	Lume Críptico do Perito
2439	T5_OFF_LAMP_UNDEAD@2	Expert's Cryptcandle	Lume Críptico do Perito
2440	T5_OFF_LAMP_UNDEAD@3	Expert's Cryptcandle	Lume Críptico do Perito
2441	T5_OFF_LAMP_UNDEAD@4	Expert's Cryptcandle	Lume Críptico do Perito
2442	T6_OFF_LAMP_UNDEAD	Master's Cryptcandle	Lume Críptico do Mestre
2443	T6_OFF_LAMP_UNDEAD@1	Master's Cryptcandle	Lume Críptico do Mestre
2444	T6_OFF_LAMP_UNDEAD@2	Master's Cryptcandle	Lume Críptico do Mestre
2445	T6_OFF_LAMP_UNDEAD@3	Master's Cryptcandle	Lume Críptico do Mestre
2446	T6_OFF_LAMP_UNDEAD@4	Master's Cryptcandle	Lume Críptico do Mestre
2447	T7_OFF_LAMP_UNDEAD	Grandmaster's Cryptcandle	Lume Críptico do Grão-mestre
2448	T7_OFF_LAMP_UNDEAD@1	Grandmaster's Cryptcandle	Lume Críptico do Grão-mestre
2449	T7_OFF_LAMP_UNDEAD@2	Grandmaster's Cryptcandle	Lume Críptico do Grão-mestre
2450	T7_OFF_LAMP_UNDEAD@3	Grandmaster's Cryptcandle	Lume Críptico do Grão-mestre
2451	T7_OFF_LAMP_UNDEAD@4	Grandmaster's Cryptcandle	Lume Críptico do Grão-mestre
2452	T8_OFF_LAMP_UNDEAD	Elder's Cryptcandle	Lume Críptico do Ancião
2453	T8_OFF_LAMP_UNDEAD@1	Elder's Cryptcandle	Lume Críptico do Ancião
2454	T8_OFF_LAMP_UNDEAD@2	Elder's Cryptcandle	Lume Críptico do Ancião
2455	T8_OFF_LAMP_UNDEAD@3	Elder's Cryptcandle	Lume Críptico do Ancião
2456	T8_OFF_LAMP_UNDEAD@4	Elder's Cryptcandle	Lume Críptico do Ancião
2457	T4_OFF_JESTERCANE_HELL	Adept's Leering Cane	Bengala Maligna do Adepto
2458	T4_OFF_JESTERCANE_HELL@1	Adept's Leering Cane	Bengala Maligna do Adepto
2459	T4_OFF_JESTERCANE_HELL@2	Adept's Leering Cane	Bengala Maligna do Adepto
2460	T4_OFF_JESTERCANE_HELL@3	Adept's Leering Cane	Bengala Maligna do Adepto
2461	T4_OFF_JESTERCANE_HELL@4	Adept's Leering Cane	Bengala Maligna do Adepto
2462	T5_OFF_JESTERCANE_HELL	Expert's Leering Cane	Bengala Maligna do Perito
2463	T5_OFF_JESTERCANE_HELL@1	Expert's Leering Cane	Bengala Maligna do Perito
2464	T5_OFF_JESTERCANE_HELL@2	Expert's Leering Cane	Bengala Maligna do Perito
2465	T5_OFF_JESTERCANE_HELL@3	Expert's Leering Cane	Bengala Maligna do Perito
2466	T5_OFF_JESTERCANE_HELL@4	Expert's Leering Cane	Bengala Maligna do Perito
2467	T6_OFF_JESTERCANE_HELL	Master's Leering Cane	Bengala Maligna do Mestre
2468	T6_OFF_JESTERCANE_HELL@1	Master's Leering Cane	Bengala Maligna do Mestre
2469	T6_OFF_JESTERCANE_HELL@2	Master's Leering Cane	Bengala Maligna do Mestre
2470	T6_OFF_JESTERCANE_HELL@3	Master's Leering Cane	Bengala Maligna do Mestre
2471	T6_OFF_JESTERCANE_HELL@4	Master's Leering Cane	Bengala Maligna do Mestre
2472	T7_OFF_JESTERCANE_HELL	Grandmaster's Leering Cane	Bengala Maligna do Grão-mestre
2473	T7_OFF_JESTERCANE_HELL@1	Grandmaster's Leering Cane	Bengala Maligna do Grão-mestre
2474	T7_OFF_JESTERCANE_HELL@2	Grandmaster's Leering Cane	Bengala Maligna do Grão-mestre
2475	T7_OFF_JESTERCANE_HELL@3	Grandmaster's Leering Cane	Bengala Maligna do Grão-mestre
2476	T7_OFF_JESTERCANE_HELL@4	Grandmaster's Leering Cane	Bengala Maligna do Grão-mestre
2477	T8_OFF_JESTERCANE_HELL	Elder's Leering Cane	Bengala Maligna do Ancião
2478	T8_OFF_JESTERCANE_HELL@1	Elder's Leering Cane	Bengala Maligna do Ancião
2479	T8_OFF_JESTERCANE_HELL@2	Elder's Leering Cane	Bengala Maligna do Ancião
2480	T8_OFF_JESTERCANE_HELL@3	Elder's Leering Cane	Bengala Maligna do Ancião
2481	T8_OFF_JESTERCANE_HELL@4	Elder's Leering Cane	Bengala Maligna do Ancião
2482	T4_OFF_TORCH_CRYSTAL	Adept's Blueflame Torch	Tocha Chama Azul do Adepto
2483	T4_OFF_TORCH_CRYSTAL@1	Adept's Blueflame Torch	Tocha Chama Azul do Adepto
2484	T4_OFF_TORCH_CRYSTAL@2	Adept's Blueflame Torch	Tocha Chama Azul do Adepto
2485	T4_OFF_TORCH_CRYSTAL@3	Adept's Blueflame Torch	Tocha Chama Azul do Adepto
2486	T4_OFF_TORCH_CRYSTAL@4	Adept's Blueflame Torch	Tocha Chama Azul do Adepto
2487	T5_OFF_TORCH_CRYSTAL	Expert's Blueflame Torch	Tocha Chama Azul do Perito
2488	T5_OFF_TORCH_CRYSTAL@1	Expert's Blueflame Torch	Tocha Chama Azul do Perito
2489	T5_OFF_TORCH_CRYSTAL@2	Expert's Blueflame Torch	Tocha Chama Azul do Perito
2490	T5_OFF_TORCH_CRYSTAL@3	Expert's Blueflame Torch	Tocha Chama Azul do Perito
2491	T5_OFF_TORCH_CRYSTAL@4	Expert's Blueflame Torch	Tocha Chama Azul do Perito
2492	T6_OFF_TORCH_CRYSTAL	Master's Blueflame Torch	Tocha Chama Azul do Mestre
2493	T6_OFF_TORCH_CRYSTAL@1	Master's Blueflame Torch	Tocha Chama Azul do Mestre
2494	T6_OFF_TORCH_CRYSTAL@2	Master's Blueflame Torch	Tocha Chama Azul do Mestre
2495	T6_OFF_TORCH_CRYSTAL@3	Master's Blueflame Torch	Tocha Chama Azul do Mestre
2496	T6_OFF_TORCH_CRYSTAL@4	Master's Blueflame Torch	Tocha Chama Azul do Mestre
2497	T7_OFF_TORCH_CRYSTAL	Grandmaster's Blueflame Torch	Tocha Chama Azul do Grão-mestre
2498	T7_OFF_TORCH_CRYSTAL@1	Grandmaster's Blueflame Torch	Tocha Chama Azul do Grão-mestre
2499	T7_OFF_TORCH_CRYSTAL@2	Grandmaster's Blueflame Torch	Tocha Chama Azul do Grão-mestre
2500	T7_OFF_TORCH_CRYSTAL@3	Grandmaster's Blueflame Torch	Tocha Chama Azul do Grão-mestre
2501	T7_OFF_TORCH_CRYSTAL@4	Grandmaster's Blueflame Torch	Tocha Chama Azul do Grão-mestre
2502	T8_OFF_TORCH_CRYSTAL	Elder's Blueflame Torch	Tocha Chama Azul do Ancião
2503	T8_OFF_TORCH_CRYSTAL@1	Elder's Blueflame Torch	Tocha Chama Azul do Ancião
2504	T8_OFF_TORCH_CRYSTAL@2	Elder's Blueflame Torch	Tocha Chama Azul do Ancião
2505	T8_OFF_TORCH_CRYSTAL@3	Elder's Blueflame Torch	Tocha Chama Azul do Ancião
2506	T8_OFF_TORCH_CRYSTAL@4	Elder's Blueflame Torch	Tocha Chama Azul do Ancião
2507	T2_CAPE	Novice's Cape	Capa do Novato
2508	T3_CAPE	Journeyman's Cape	Capa do Iniciante
2509	T4_CAPE	Adept's Cape	Capa do Adepto
2510	T4_CAPE@1	Adept's Cape	Capa do Adepto
2511	T4_CAPE@2	Adept's Cape	Capa do Adepto
2512	T4_CAPE@3	Adept's Cape	Capa do Adepto
2513	T4_CAPE@4	Adept's Cape	Capa do Adepto
2514	T5_CAPE	Expert's Cape	Capa do Perito
2515	T5_CAPE@1	Expert's Cape	Capa do Perito
2516	T5_CAPE@2	Expert's Cape	Capa do Perito
2517	T5_CAPE@3	Expert's Cape	Capa do Perito
2518	T5_CAPE@4	Expert's Cape	Capa do Perito
2519	T6_CAPE	Master's Cape	Capa do Mestre
2520	T6_CAPE@1	Master's Cape	Capa do Mestre
2521	T6_CAPE@2	Master's Cape	Capa do Mestre
2522	T6_CAPE@3	Master's Cape	Capa do Mestre
2523	T6_CAPE@4	Master's Cape	Capa do Mestre
2524	T7_CAPE	Grandmaster's Cape	Capa do Grão-mestre
2525	T7_CAPE@1	Grandmaster's Cape	Capa do Grão-mestre
2526	T7_CAPE@2	Grandmaster's Cape	Capa do Grão-mestre
2527	T7_CAPE@3	Grandmaster's Cape	Capa do Grão-mestre
2528	T7_CAPE@4	Grandmaster's Cape	Capa do Grão-mestre
2529	T8_CAPE	Elder's Cape	Capa do Ancião
2530	T8_CAPE@1	Elder's Cape	Capa do Ancião
2531	T8_CAPE@2	Elder's Cape	Capa do Ancião
2532	T8_CAPE@3	Elder's Cape	Capa do Ancião
2533	T8_CAPE@4	Elder's Cape	Capa do Ancião
2534	T4_CAPEITEM_FW_BRIDGEWATCH	Adept's Bridgewatch Cape	Capa de Bridgewatch do Adepto
2535	T4_CAPEITEM_FW_BRIDGEWATCH@1	Adept's Bridgewatch Cape	Capa de Bridgewatch do Adepto
2536	T4_CAPEITEM_FW_BRIDGEWATCH@2	Adept's Bridgewatch Cape	Capa de Bridgewatch do Adepto
2537	T4_CAPEITEM_FW_BRIDGEWATCH@3	Adept's Bridgewatch Cape	Capa de Bridgewatch do Adepto
2538	T4_CAPEITEM_FW_BRIDGEWATCH@4	Adept's Bridgewatch Cape	Capa de Bridgewatch do Adepto
2539	T5_CAPEITEM_FW_BRIDGEWATCH	Expert's Bridgewatch Cape	Capa de Bridgewatch do Perito
2540	T5_CAPEITEM_FW_BRIDGEWATCH@1	Expert's Bridgewatch Cape	Capa de Bridgewatch do Perito
2541	T5_CAPEITEM_FW_BRIDGEWATCH@2	Expert's Bridgewatch Cape	Capa de Bridgewatch do Perito
2542	T5_CAPEITEM_FW_BRIDGEWATCH@3	Expert's Bridgewatch Cape	Capa de Bridgewatch do Perito
2543	T5_CAPEITEM_FW_BRIDGEWATCH@4	Expert's Bridgewatch Cape	Capa de Bridgewatch do Perito
2544	T6_CAPEITEM_FW_BRIDGEWATCH	Master's Bridgewatch Cape	Capa de Bridgewatch do Mestre
2545	T6_CAPEITEM_FW_BRIDGEWATCH@1	Master's Bridgewatch Cape	Capa de Bridgewatch do Mestre
2546	T6_CAPEITEM_FW_BRIDGEWATCH@2	Master's Bridgewatch Cape	Capa de Bridgewatch do Mestre
2547	T6_CAPEITEM_FW_BRIDGEWATCH@3	Master's Bridgewatch Cape	Capa de Bridgewatch do Mestre
2548	T6_CAPEITEM_FW_BRIDGEWATCH@4	Master's Bridgewatch Cape	Capa de Bridgewatch do Mestre
2549	T7_CAPEITEM_FW_BRIDGEWATCH	Grandmaster's Bridgewatch Cape	Capa de Bridgewatch do Grão-mestre
2550	T7_CAPEITEM_FW_BRIDGEWATCH@1	Grandmaster's Bridgewatch Cape	Capa de Bridgewatch do Grão-mestre
2551	T7_CAPEITEM_FW_BRIDGEWATCH@2	Grandmaster's Bridgewatch Cape	Capa de Bridgewatch do Grão-mestre
2552	T7_CAPEITEM_FW_BRIDGEWATCH@3	Grandmaster's Bridgewatch Cape	Capa de Bridgewatch do Grão-mestre
2553	T7_CAPEITEM_FW_BRIDGEWATCH@4	Grandmaster's Bridgewatch Cape	Capa de Bridgewatch do Grão-mestre
2554	T8_CAPEITEM_FW_BRIDGEWATCH	Elder's Bridgewatch Cape	Capa de Bridgewatch do Ancião
2555	T8_CAPEITEM_FW_BRIDGEWATCH@1	Elder's Bridgewatch Cape	Capa de Bridgewatch do Ancião
2556	T8_CAPEITEM_FW_BRIDGEWATCH@2	Elder's Bridgewatch Cape	Capa de Bridgewatch do Ancião
2557	T8_CAPEITEM_FW_BRIDGEWATCH@3	Elder's Bridgewatch Cape	Capa de Bridgewatch do Ancião
2558	T8_CAPEITEM_FW_BRIDGEWATCH@4	Elder's Bridgewatch Cape	Capa de Bridgewatch do Ancião
2559	T4_CAPEITEM_FW_FORTSTERLING	Adept's Fort Sterling Cape	Capa de Fort Sterling do Adepto
2560	T4_CAPEITEM_FW_FORTSTERLING@1	Adept's Fort Sterling Cape	Capa de Fort Sterling do Adepto
2561	T4_CAPEITEM_FW_FORTSTERLING@2	Adept's Fort Sterling Cape	Capa de Fort Sterling do Adepto
2562	T4_CAPEITEM_FW_FORTSTERLING@3	Adept's Fort Sterling Cape	Capa de Fort Sterling do Adepto
2563	T4_CAPEITEM_FW_FORTSTERLING@4	Adept's Fort Sterling Cape	Capa de Fort Sterling do Adepto
2564	T5_CAPEITEM_FW_FORTSTERLING	Expert's Fort Sterling Cape	Capa de Fort Sterling do Perito
2565	T5_CAPEITEM_FW_FORTSTERLING@1	Expert's Fort Sterling Cape	Capa de Fort Sterling do Perito
2566	T5_CAPEITEM_FW_FORTSTERLING@2	Expert's Fort Sterling Cape	Capa de Fort Sterling do Perito
2567	T5_CAPEITEM_FW_FORTSTERLING@3	Expert's Fort Sterling Cape	Capa de Fort Sterling do Perito
2568	T5_CAPEITEM_FW_FORTSTERLING@4	Expert's Fort Sterling Cape	Capa de Fort Sterling do Perito
2569	T6_CAPEITEM_FW_FORTSTERLING	Master's Fort Sterling Cape	Capa de Fort Sterling do Mestre
2570	T6_CAPEITEM_FW_FORTSTERLING@1	Master's Fort Sterling Cape	Capa de Fort Sterling do Mestre
2571	T6_CAPEITEM_FW_FORTSTERLING@2	Master's Fort Sterling Cape	Capa de Fort Sterling do Mestre
2572	T6_CAPEITEM_FW_FORTSTERLING@3	Master's Fort Sterling Cape	Capa de Fort Sterling do Mestre
2573	T6_CAPEITEM_FW_FORTSTERLING@4	Master's Fort Sterling Cape	Capa de Fort Sterling do Mestre
2574	T7_CAPEITEM_FW_FORTSTERLING	Grandmaster's Fort Sterling Cape	Capa de Fort Sterling do Grão-mestre
2575	T7_CAPEITEM_FW_FORTSTERLING@1	Grandmaster's Fort Sterling Cape	Capa de Fort Sterling do Grão-mestre
2576	T7_CAPEITEM_FW_FORTSTERLING@2	Grandmaster's Fort Sterling Cape	Capa de Fort Sterling do Grão-mestre
2577	T7_CAPEITEM_FW_FORTSTERLING@3	Grandmaster's Fort Sterling Cape	Capa de Fort Sterling do Grão-mestre
2578	T7_CAPEITEM_FW_FORTSTERLING@4	Grandmaster's Fort Sterling Cape	Capa de Fort Sterling do Grão-mestre
2579	T8_CAPEITEM_FW_FORTSTERLING	Elder's Fort Sterling Cape	Capa de Fort Sterling do Ancião
2580	T8_CAPEITEM_FW_FORTSTERLING@1	Elder's Fort Sterling Cape	Capa de Fort Sterling do Ancião
2581	T8_CAPEITEM_FW_FORTSTERLING@2	Elder's Fort Sterling Cape	Capa de Fort Sterling do Ancião
2582	T8_CAPEITEM_FW_FORTSTERLING@3	Elder's Fort Sterling Cape	Capa de Fort Sterling do Ancião
2583	T8_CAPEITEM_FW_FORTSTERLING@4	Elder's Fort Sterling Cape	Capa de Fort Sterling do Ancião
2584	T4_CAPEITEM_FW_LYMHURST	Adept's Lymhurst Cape	Capa de Lymhurst do Adepto
2585	T4_CAPEITEM_FW_LYMHURST@1	Adept's Lymhurst Cape	Capa de Lymhurst do Adepto
2586	T4_CAPEITEM_FW_LYMHURST@2	Adept's Lymhurst Cape	Capa de Lymhurst do Adepto
2587	T4_CAPEITEM_FW_LYMHURST@3	Adept's Lymhurst Cape	Capa de Lymhurst do Adepto
2588	T4_CAPEITEM_FW_LYMHURST@4	Adept's Lymhurst Cape	Capa de Lymhurst do Adepto
2589	T5_CAPEITEM_FW_LYMHURST	Expert's Lymhurst Cape	Capa de Lymhurst do Perito
2590	T5_CAPEITEM_FW_LYMHURST@1	Expert's Lymhurst Cape	Capa de Lymhurst do Perito
2591	T5_CAPEITEM_FW_LYMHURST@2	Expert's Lymhurst Cape	Capa de Lymhurst do Perito
2592	T5_CAPEITEM_FW_LYMHURST@3	Expert's Lymhurst Cape	Capa de Lymhurst do Perito
2593	T5_CAPEITEM_FW_LYMHURST@4	Expert's Lymhurst Cape	Capa de Lymhurst do Perito
2594	T6_CAPEITEM_FW_LYMHURST	Master's Lymhurst Cape	Capa de Lymhurst do Mestre
2595	T6_CAPEITEM_FW_LYMHURST@1	Master's Lymhurst Cape	Capa de Lymhurst do Mestre
2596	T6_CAPEITEM_FW_LYMHURST@2	Master's Lymhurst Cape	Capa de Lymhurst do Mestre
2597	T6_CAPEITEM_FW_LYMHURST@3	Master's Lymhurst Cape	Capa de Lymhurst do Mestre
2598	T6_CAPEITEM_FW_LYMHURST@4	Master's Lymhurst Cape	Capa de Lymhurst do Mestre
2599	T7_CAPEITEM_FW_LYMHURST	Grandmaster's Lymhurst Cape	Capa de Lymhurst do Grão-mestre
2600	T7_CAPEITEM_FW_LYMHURST@1	Grandmaster's Lymhurst Cape	Capa de Lymhurst do Grão-mestre
2601	T7_CAPEITEM_FW_LYMHURST@2	Grandmaster's Lymhurst Cape	Capa de Lymhurst do Grão-mestre
2602	T7_CAPEITEM_FW_LYMHURST@3	Grandmaster's Lymhurst Cape	Capa de Lymhurst do Grão-mestre
2603	T7_CAPEITEM_FW_LYMHURST@4	Grandmaster's Lymhurst Cape	Capa de Lymhurst do Grão-mestre
2604	T8_CAPEITEM_FW_LYMHURST	Elder's Lymhurst Cape	Capa de Lymhurst do Ancião
2605	T8_CAPEITEM_FW_LYMHURST@1	Elder's Lymhurst Cape	Capa de Lymhurst do Ancião
2606	T8_CAPEITEM_FW_LYMHURST@2	Elder's Lymhurst Cape	Capa de Lymhurst do Ancião
2607	T8_CAPEITEM_FW_LYMHURST@3	Elder's Lymhurst Cape	Capa de Lymhurst do Ancião
2608	T8_CAPEITEM_FW_LYMHURST@4	Elder's Lymhurst Cape	Capa de Lymhurst do Ancião
2609	T4_CAPEITEM_FW_MARTLOCK	Adept's Martlock Cape	Capa de Martlock do Adepto
2610	T4_CAPEITEM_FW_MARTLOCK@1	Adept's Martlock Cape	Capa de Martlock do Adepto
2611	T4_CAPEITEM_FW_MARTLOCK@2	Adept's Martlock Cape	Capa de Martlock do Adepto
2612	T4_CAPEITEM_FW_MARTLOCK@3	Adept's Martlock Cape	Capa de Martlock do Adepto
2613	T4_CAPEITEM_FW_MARTLOCK@4	Adept's Martlock Cape	Capa de Martlock do Adepto
2614	T5_CAPEITEM_FW_MARTLOCK	Expert's Martlock Cape	Capa de Martlock do Perito
2615	T5_CAPEITEM_FW_MARTLOCK@1	Expert's Martlock Cape	Capa de Martlock do Perito
2616	T5_CAPEITEM_FW_MARTLOCK@2	Expert's Martlock Cape	Capa de Martlock do Perito
2617	T5_CAPEITEM_FW_MARTLOCK@3	Expert's Martlock Cape	Capa de Martlock do Perito
2618	T5_CAPEITEM_FW_MARTLOCK@4	Expert's Martlock Cape	Capa de Martlock do Perito
2619	T6_CAPEITEM_FW_MARTLOCK	Master's Martlock Cape	Capa de Martlock do Mestre
2620	T6_CAPEITEM_FW_MARTLOCK@1	Master's Martlock Cape	Capa de Martlock do Mestre
2621	T6_CAPEITEM_FW_MARTLOCK@2	Master's Martlock Cape	Capa de Martlock do Mestre
2622	T6_CAPEITEM_FW_MARTLOCK@3	Master's Martlock Cape	Capa de Martlock do Mestre
2623	T6_CAPEITEM_FW_MARTLOCK@4	Master's Martlock Cape	Capa de Martlock do Mestre
2624	T7_CAPEITEM_FW_MARTLOCK	Grandmaster's Martlock Cape	Capa de Martlock do Grão-mestre
2625	T7_CAPEITEM_FW_MARTLOCK@1	Grandmaster's Martlock Cape	Capa de Martlock do Grão-mestre
2626	T7_CAPEITEM_FW_MARTLOCK@2	Grandmaster's Martlock Cape	Capa de Martlock do Grão-mestre
2627	T7_CAPEITEM_FW_MARTLOCK@3	Grandmaster's Martlock Cape	Capa de Martlock do Grão-mestre
2628	T7_CAPEITEM_FW_MARTLOCK@4	Grandmaster's Martlock Cape	Capa de Martlock do Grão-mestre
2629	T8_CAPEITEM_FW_MARTLOCK	Elder's Martlock Cape	Capa de Martlock do Ancião
2630	T8_CAPEITEM_FW_MARTLOCK@1	Elder's Martlock Cape	Capa de Martlock do Ancião
2631	T8_CAPEITEM_FW_MARTLOCK@2	Elder's Martlock Cape	Capa de Martlock do Ancião
2632	T8_CAPEITEM_FW_MARTLOCK@3	Elder's Martlock Cape	Capa de Martlock do Ancião
2633	T8_CAPEITEM_FW_MARTLOCK@4	Elder's Martlock Cape	Capa de Martlock do Ancião
2634	T4_CAPEITEM_FW_THETFORD	Adept's Thetford Cape	Capa de Thetford do Adepto
2635	T4_CAPEITEM_FW_THETFORD@1	Adept's Thetford Cape	Capa de Thetford do Adepto
2636	T4_CAPEITEM_FW_THETFORD@2	Adept's Thetford Cape	Capa de Thetford do Adepto
2637	T4_CAPEITEM_FW_THETFORD@3	Adept's Thetford Cape	Capa de Thetford do Adepto
2638	T4_CAPEITEM_FW_THETFORD@4	Adept's Thetford Cape	Capa de Thetford do Adepto
2639	T5_CAPEITEM_FW_THETFORD	Expert's Thetford Cape	Capa de Thetford do Perito
2640	T5_CAPEITEM_FW_THETFORD@1	Expert's Thetford Cape	Capa de Thetford do Perito
2641	T5_CAPEITEM_FW_THETFORD@2	Expert's Thetford Cape	Capa de Thetford do Perito
2642	T5_CAPEITEM_FW_THETFORD@3	Expert's Thetford Cape	Capa de Thetford do Perito
2643	T5_CAPEITEM_FW_THETFORD@4	Expert's Thetford Cape	Capa de Thetford do Perito
2644	T6_CAPEITEM_FW_THETFORD	Master's Thetford Cape	Capa de Thetford do Mestre
2645	T6_CAPEITEM_FW_THETFORD@1	Master's Thetford Cape	Capa de Thetford do Mestre
2646	T6_CAPEITEM_FW_THETFORD@2	Master's Thetford Cape	Capa de Thetford do Mestre
2647	T6_CAPEITEM_FW_THETFORD@3	Master's Thetford Cape	Capa de Thetford do Mestre
2648	T6_CAPEITEM_FW_THETFORD@4	Master's Thetford Cape	Capa de Thetford do Mestre
2649	T7_CAPEITEM_FW_THETFORD	Grandmaster's Thetford Cape	Capa de Thetford do Grão-mestre
2650	T7_CAPEITEM_FW_THETFORD@1	Grandmaster's Thetford Cape	Capa de Thetford do Grão-mestre
2651	T7_CAPEITEM_FW_THETFORD@2	Grandmaster's Thetford Cape	Capa de Thetford do Grão-mestre
2652	T7_CAPEITEM_FW_THETFORD@3	Grandmaster's Thetford Cape	Capa de Thetford do Grão-mestre
2653	T7_CAPEITEM_FW_THETFORD@4	Grandmaster's Thetford Cape	Capa de Thetford do Grão-mestre
2654	T8_CAPEITEM_FW_THETFORD	Elder's Thetford Cape	Capa de Thetford do Ancião
2655	T8_CAPEITEM_FW_THETFORD@1	Elder's Thetford Cape	Capa de Thetford do Ancião
2656	T8_CAPEITEM_FW_THETFORD@2	Elder's Thetford Cape	Capa de Thetford do Ancião
2657	T8_CAPEITEM_FW_THETFORD@3	Elder's Thetford Cape	Capa de Thetford do Ancião
2658	T8_CAPEITEM_FW_THETFORD@4	Elder's Thetford Cape	Capa de Thetford do Ancião
2659	T4_CAPEITEM_FW_CAERLEON	Adept's Caerleon Cape	Capa de Caerleon do Adepto
2660	T4_CAPEITEM_FW_CAERLEON@1	Adept's Caerleon Cape	Capa de Caerleon do Adepto
2661	T4_CAPEITEM_FW_CAERLEON@2	Adept's Caerleon Cape	Capa de Caerleon do Adepto
2662	T4_CAPEITEM_FW_CAERLEON@3	Adept's Caerleon Cape	Capa de Caerleon do Adepto
2663	T4_CAPEITEM_FW_CAERLEON@4	Adept's Caerleon Cape	Capa de Caerleon do Adepto
2664	T5_CAPEITEM_FW_CAERLEON	Expert's Caerleon Cape	Capa de Caerleon do Perito
2665	T5_CAPEITEM_FW_CAERLEON@1	Expert's Caerleon Cape	Capa de Caerleon do Perito
2666	T5_CAPEITEM_FW_CAERLEON@2	Expert's Caerleon Cape	Capa de Caerleon do Perito
2667	T5_CAPEITEM_FW_CAERLEON@3	Expert's Caerleon Cape	Capa de Caerleon do Perito
2668	T5_CAPEITEM_FW_CAERLEON@4	Expert's Caerleon Cape	Capa de Caerleon do Perito
2669	T6_CAPEITEM_FW_CAERLEON	Master's Caerleon Cape	Capa de Caerleon do Mestre
2670	T6_CAPEITEM_FW_CAERLEON@1	Master's Caerleon Cape	Capa de Caerleon do Mestre
2671	T6_CAPEITEM_FW_CAERLEON@2	Master's Caerleon Cape	Capa de Caerleon do Mestre
2672	T6_CAPEITEM_FW_CAERLEON@3	Master's Caerleon Cape	Capa de Caerleon do Mestre
2673	T6_CAPEITEM_FW_CAERLEON@4	Master's Caerleon Cape	Capa de Caerleon do Mestre
2674	T7_CAPEITEM_FW_CAERLEON	Grandmaster's Caerleon Cape	Capa de Caerleon do Grão-mestre
2675	T7_CAPEITEM_FW_CAERLEON@1	Grandmaster's Caerleon Cape	Capa de Caerleon do Grão-mestre
2676	T7_CAPEITEM_FW_CAERLEON@2	Grandmaster's Caerleon Cape	Capa de Caerleon do Grão-mestre
2677	T7_CAPEITEM_FW_CAERLEON@3	Grandmaster's Caerleon Cape	Capa de Caerleon do Grão-mestre
2678	T7_CAPEITEM_FW_CAERLEON@4	Grandmaster's Caerleon Cape	Capa de Caerleon do Grão-mestre
2679	T8_CAPEITEM_FW_CAERLEON	Elder's Caerleon Cape	Capa de Caerleon do Ancião
2680	T8_CAPEITEM_FW_CAERLEON@1	Elder's Caerleon Cape	Capa de Caerleon do Ancião
2681	T8_CAPEITEM_FW_CAERLEON@2	Elder's Caerleon Cape	Capa de Caerleon do Ancião
2682	T8_CAPEITEM_FW_CAERLEON@3	Elder's Caerleon Cape	Capa de Caerleon do Ancião
2683	T8_CAPEITEM_FW_CAERLEON@4	Elder's Caerleon Cape	Capa de Caerleon do Ancião
2684	T4_CAPEITEM_FW_BRECILIEN	Adept's Brecilien Cape	Capa de Brecilien do Adepto
2685	T4_CAPEITEM_FW_BRECILIEN@1	Adept's Brecilien Cape	Capa de Brecilien do Adepto
2686	T4_CAPEITEM_FW_BRECILIEN@2	Adept's Brecilien Cape	Capa de Brecilien do Adepto
2687	T4_CAPEITEM_FW_BRECILIEN@3	Adept's Brecilien Cape	Capa de Brecilien do Adepto
2688	T4_CAPEITEM_FW_BRECILIEN@4	Adept's Brecilien Cape	Capa de Brecilien do Adepto
2689	T5_CAPEITEM_FW_BRECILIEN	Expert's Brecilien Cape	Capa de Brecilien do Perito
2690	T5_CAPEITEM_FW_BRECILIEN@1	Expert's Brecilien Cape	Capa de Brecilien do Perito
2691	T5_CAPEITEM_FW_BRECILIEN@2	Expert's Brecilien Cape	Capa de Brecilien do Perito
2692	T5_CAPEITEM_FW_BRECILIEN@3	Expert's Brecilien Cape	Capa de Brecilien do Perito
2693	T5_CAPEITEM_FW_BRECILIEN@4	Expert's Brecilien Cape	Capa de Brecilien do Perito
2694	T6_CAPEITEM_FW_BRECILIEN	Master's Brecilien Cape	Capa de Brecilien do Mestre
2695	T6_CAPEITEM_FW_BRECILIEN@1	Master's Brecilien Cape	Capa de Brecilien do Mestre
2696	T6_CAPEITEM_FW_BRECILIEN@2	Master's Brecilien Cape	Capa de Brecilien do Mestre
2697	T6_CAPEITEM_FW_BRECILIEN@3	Master's Brecilien Cape	Capa de Brecilien do Mestre
2698	T6_CAPEITEM_FW_BRECILIEN@4	Master's Brecilien Cape	Capa de Brecilien do Mestre
2699	T7_CAPEITEM_FW_BRECILIEN	Grandmaster's Brecilien Cape	Capa de Brecilien do Grão-mestre
2700	T7_CAPEITEM_FW_BRECILIEN@1	Grandmaster's Brecilien Cape	Capa de Brecilien do Grão-mestre
2701	T7_CAPEITEM_FW_BRECILIEN@2	Grandmaster's Brecilien Cape	Capa de Brecilien do Grão-mestre
2702	T7_CAPEITEM_FW_BRECILIEN@3	Grandmaster's Brecilien Cape	Capa de Brecilien do Grão-mestre
2703	T7_CAPEITEM_FW_BRECILIEN@4	Grandmaster's Brecilien Cape	Capa de Brecilien do Grão-mestre
2704	T8_CAPEITEM_FW_BRECILIEN	Elder's Brecilien Cape	Capa de Brecilien do Ancião
2705	T8_CAPEITEM_FW_BRECILIEN@1	Elder's Brecilien Cape	Capa de Brecilien do Ancião
2706	T8_CAPEITEM_FW_BRECILIEN@2	Elder's Brecilien Cape	Capa de Brecilien do Ancião
2707	T8_CAPEITEM_FW_BRECILIEN@3	Elder's Brecilien Cape	Capa de Brecilien do Ancião
2708	T8_CAPEITEM_FW_BRECILIEN@4	Elder's Brecilien Cape	Capa de Brecilien do Ancião
2709	T4_CAPEITEM_AVALON	Adept's Avalonian Cape	Capa Avaloniana do Adepto
2710	T4_CAPEITEM_AVALON@1	Adept's Avalonian Cape	Capa Avaloniana do Adepto
2711	T4_CAPEITEM_AVALON@2	Adept's Avalonian Cape	Capa Avaloniana do Adepto
2712	T4_CAPEITEM_AVALON@3	Adept's Avalonian Cape	Capa Avaloniana do Adepto
2713	T4_CAPEITEM_AVALON@4	Adept's Avalonian Cape	Capa Avaloniana do Adepto
2714	T5_CAPEITEM_AVALON	Expert's Avalonian Cape	Capa Avaloniana do Perito
2715	T5_CAPEITEM_AVALON@1	Expert's Avalonian Cape	Capa Avaloniana do Perito
2716	T5_CAPEITEM_AVALON@2	Expert's Avalonian Cape	Capa Avaloniana do Perito
2717	T5_CAPEITEM_AVALON@3	Expert's Avalonian Cape	Capa Avaloniana do Perito
2718	T5_CAPEITEM_AVALON@4	Expert's Avalonian Cape	Capa Avaloniana do Perito
2719	T6_CAPEITEM_AVALON	Master's Avalonian Cape	Capa Avaloniana do Mestre
2720	T6_CAPEITEM_AVALON@1	Master's Avalonian Cape	Capa Avaloniana do Mestre
2721	T6_CAPEITEM_AVALON@2	Master's Avalonian Cape	Capa Avaloniana do Mestre
2722	T6_CAPEITEM_AVALON@3	Master's Avalonian Cape	Capa Avaloniana do Mestre
2723	T6_CAPEITEM_AVALON@4	Master's Avalonian Cape	Capa Avaloniana do Mestre
2724	T7_CAPEITEM_AVALON	Grandmaster's Avalonian Cape	Capa Avaloniana do Grão-mestre
2725	T7_CAPEITEM_AVALON@1	Grandmaster's Avalonian Cape	Capa Avaloniana do Grão-mestre
2726	T7_CAPEITEM_AVALON@2	Grandmaster's Avalonian Cape	Capa Avaloniana do Grão-mestre
2727	T7_CAPEITEM_AVALON@3	Grandmaster's Avalonian Cape	Capa Avaloniana do Grão-mestre
2728	T7_CAPEITEM_AVALON@4	Grandmaster's Avalonian Cape	Capa Avaloniana do Grão-mestre
2729	T8_CAPEITEM_AVALON	Elder's Avalonian Cape	Capa Avaloniana do Ancião
2730	T8_CAPEITEM_AVALON@1	Elder's Avalonian Cape	Capa Avaloniana do Ancião
2731	T8_CAPEITEM_AVALON@2	Elder's Avalonian Cape	Capa Avaloniana do Ancião
2732	T8_CAPEITEM_AVALON@3	Elder's Avalonian Cape	Capa Avaloniana do Ancião
2733	T8_CAPEITEM_AVALON@4	Elder's Avalonian Cape	Capa Avaloniana do Ancião
2734	T4_CAPEITEM_SMUGGLER	Adept's Smuggler Cape	Capa de Contrabandista do Adepto
2735	T4_CAPEITEM_SMUGGLER@1	Adept's Smuggler Cape	Capa de Contrabandista do Adepto
2736	T4_CAPEITEM_SMUGGLER@2	Adept's Smuggler Cape	Capa de Contrabandista do Adepto
2737	T4_CAPEITEM_SMUGGLER@3	Adept's Smuggler Cape	Capa de Contrabandista do Adepto
2738	T4_CAPEITEM_SMUGGLER@4	Adept's Smuggler Cape	Capa de Contrabandista do Adepto
2739	T5_CAPEITEM_SMUGGLER	Expert's Smuggler Cape	Capa de Contrabandista do Perito
2740	T5_CAPEITEM_SMUGGLER@1	Expert's Smuggler Cape	Capa de Contrabandista do Perito
2741	T5_CAPEITEM_SMUGGLER@2	Expert's Smuggler Cape	Capa de Contrabandista do Perito
2742	T5_CAPEITEM_SMUGGLER@3	Expert's Smuggler Cape	Capa de Contrabandista do Perito
2743	T5_CAPEITEM_SMUGGLER@4	Expert's Smuggler Cape	Capa de Contrabandista do Perito
2744	T6_CAPEITEM_SMUGGLER	Master's Smuggler Cape	Capa de Contrabandista do Mestre
2745	T6_CAPEITEM_SMUGGLER@1	Master's Smuggler Cape	Capa de Contrabandista do Mestre
2746	T6_CAPEITEM_SMUGGLER@2	Master's Smuggler Cape	Capa de Contrabandista do Mestre
2747	T6_CAPEITEM_SMUGGLER@3	Master's Smuggler Cape	Capa de Contrabandista do Mestre
2748	T6_CAPEITEM_SMUGGLER@4	Master's Smuggler Cape	Capa de Contrabandista do Mestre
2749	T7_CAPEITEM_SMUGGLER	Grandmaster's Smuggler Cape	Capa de Contrabandista do Grão-mestre
2750	T7_CAPEITEM_SMUGGLER@1	Grandmaster's Smuggler Cape	Capa de Contrabandista do Grão-mestre
2751	T7_CAPEITEM_SMUGGLER@2	Grandmaster's Smuggler Cape	Capa de Contrabandista do Grão-mestre
2752	T7_CAPEITEM_SMUGGLER@3	Grandmaster's Smuggler Cape	Capa de Contrabandista do Grão-mestre
2753	T7_CAPEITEM_SMUGGLER@4	Grandmaster's Smuggler Cape	Capa de Contrabandista do Grão-mestre
2754	T8_CAPEITEM_SMUGGLER	Elder's Smuggler Cape	Capa de Contrabandista do Ancião
2755	T8_CAPEITEM_SMUGGLER@1	Elder's Smuggler Cape	Capa de Contrabandista do Ancião
2756	T8_CAPEITEM_SMUGGLER@2	Elder's Smuggler Cape	Capa de Contrabandista do Ancião
2757	T8_CAPEITEM_SMUGGLER@3	Elder's Smuggler Cape	Capa de Contrabandista do Ancião
2758	T8_CAPEITEM_SMUGGLER@4	Elder's Smuggler Cape	Capa de Contrabandista do Ancião
2759	T4_CAPEITEM_HERETIC	Adept's Heretic Cape	Capa Herege do Adepto
2760	T4_CAPEITEM_HERETIC@1	Adept's Heretic Cape	Capa Herege do Adepto
2761	T4_CAPEITEM_HERETIC@2	Adept's Heretic Cape	Capa Herege do Adepto
2762	T4_CAPEITEM_HERETIC@3	Adept's Heretic Cape	Capa Herege do Adepto
2763	T4_CAPEITEM_HERETIC@4	Adept's Heretic Cape	Capa Herege do Adepto
2764	T5_CAPEITEM_HERETIC	Expert's Heretic Cape	Capa Herege do Perito
2765	T5_CAPEITEM_HERETIC@1	Expert's Heretic Cape	Capa Herege do Perito
2766	T5_CAPEITEM_HERETIC@2	Expert's Heretic Cape	Capa Herege do Perito
2767	T5_CAPEITEM_HERETIC@3	Expert's Heretic Cape	Capa Herege do Perito
2768	T5_CAPEITEM_HERETIC@4	Expert's Heretic Cape	Capa Herege do Perito
2769	T6_CAPEITEM_HERETIC	Master's Heretic Cape	Capa Herege do Mestre
2770	T6_CAPEITEM_HERETIC@1	Master's Heretic Cape	Capa Herege do Mestre
2771	T6_CAPEITEM_HERETIC@2	Master's Heretic Cape	Capa Herege do Mestre
2772	T6_CAPEITEM_HERETIC@3	Master's Heretic Cape	Capa Herege do Mestre
2773	T6_CAPEITEM_HERETIC@4	Master's Heretic Cape	Capa Herege do Mestre
2774	T7_CAPEITEM_HERETIC	Grandmaster's Heretic Cape	Capa Herege do Grão-mestre
2775	T7_CAPEITEM_HERETIC@1	Grandmaster's Heretic Cape	Capa Herege do Grão-mestre
2776	T7_CAPEITEM_HERETIC@2	Grandmaster's Heretic Cape	Capa Herege do Grão-mestre
2777	T7_CAPEITEM_HERETIC@3	Grandmaster's Heretic Cape	Capa Herege do Grão-mestre
2778	T7_CAPEITEM_HERETIC@4	Grandmaster's Heretic Cape	Capa Herege do Grão-mestre
2779	T8_CAPEITEM_HERETIC	Elder's Heretic Cape	Capa Herege do Ancião
2780	T8_CAPEITEM_HERETIC@1	Elder's Heretic Cape	Capa Herege do Ancião
2781	T8_CAPEITEM_HERETIC@2	Elder's Heretic Cape	Capa Herege do Ancião
2782	T8_CAPEITEM_HERETIC@3	Elder's Heretic Cape	Capa Herege do Ancião
2783	T8_CAPEITEM_HERETIC@4	Elder's Heretic Cape	Capa Herege do Ancião
2784	T4_CAPEITEM_UNDEAD	Adept's Undead Cape	Capa Morta-Viva do Adepto
2785	T4_CAPEITEM_UNDEAD@1	Adept's Undead Cape	Capa Morta-Viva do Adepto
2786	T4_CAPEITEM_UNDEAD@2	Adept's Undead Cape	Capa Morta-Viva do Adepto
2787	T4_CAPEITEM_UNDEAD@3	Adept's Undead Cape	Capa Morta-Viva do Adepto
2788	T4_CAPEITEM_UNDEAD@4	Adept's Undead Cape	Capa Morta-Viva do Adepto
2789	T5_CAPEITEM_UNDEAD	Expert's Undead Cape	Capa Morta-Viva do Perito
2790	T5_CAPEITEM_UNDEAD@1	Expert's Undead Cape	Capa Morta-Viva do Perito
2791	T5_CAPEITEM_UNDEAD@2	Expert's Undead Cape	Capa Morta-Viva do Perito
2792	T5_CAPEITEM_UNDEAD@3	Expert's Undead Cape	Capa Morta-Viva do Perito
2793	T5_CAPEITEM_UNDEAD@4	Expert's Undead Cape	Capa Morta-Viva do Perito
2794	T6_CAPEITEM_UNDEAD	Master's Undead Cape	Capa Morta-Viva do Mestre
2795	T6_CAPEITEM_UNDEAD@1	Master's Undead Cape	Capa Morta-Viva do Mestre
2796	T6_CAPEITEM_UNDEAD@2	Master's Undead Cape	Capa Morta-Viva do Mestre
2797	T6_CAPEITEM_UNDEAD@3	Master's Undead Cape	Capa Morta-Viva do Mestre
2798	T6_CAPEITEM_UNDEAD@4	Master's Undead Cape	Capa Morta-Viva do Mestre
2799	T7_CAPEITEM_UNDEAD	Grandmaster's Undead Cape	Capa Morta-Viva do Grão-mestre
2800	T7_CAPEITEM_UNDEAD@1	Grandmaster's Undead Cape	Capa Morta-Viva do Grão-mestre
2801	T7_CAPEITEM_UNDEAD@2	Grandmaster's Undead Cape	Capa Morta-Viva do Grão-mestre
2802	T7_CAPEITEM_UNDEAD@3	Grandmaster's Undead Cape	Capa Morta-Viva do Grão-mestre
2803	T7_CAPEITEM_UNDEAD@4	Grandmaster's Undead Cape	Capa Morta-Viva do Grão-mestre
2804	T8_CAPEITEM_UNDEAD	Elder's Undead Cape	Capa Morta-Viva do Ancião
2805	T8_CAPEITEM_UNDEAD@1	Elder's Undead Cape	Capa Morta-Viva do Ancião
2806	T8_CAPEITEM_UNDEAD@2	Elder's Undead Cape	Capa Morta-Viva do Ancião
2807	T8_CAPEITEM_UNDEAD@3	Elder's Undead Cape	Capa Morta-Viva do Ancião
2808	T8_CAPEITEM_UNDEAD@4	Elder's Undead Cape	Capa Morta-Viva do Ancião
2809	T4_CAPEITEM_KEEPER	Adept's Keeper Cape	Capa Protetora do Adepto
2810	T4_CAPEITEM_KEEPER@1	Adept's Keeper Cape	Capa Protetora do Adepto
2811	T4_CAPEITEM_KEEPER@2	Adept's Keeper Cape	Capa Protetora do Adepto
2812	T4_CAPEITEM_KEEPER@3	Adept's Keeper Cape	Capa Protetora do Adepto
2813	T4_CAPEITEM_KEEPER@4	Adept's Keeper Cape	Capa Protetora do Adepto
2814	T5_CAPEITEM_KEEPER	Expert's Keeper Cape	Capa Protetora do Perito
2815	T5_CAPEITEM_KEEPER@1	Expert's Keeper Cape	Capa Protetora do Perito
2816	T5_CAPEITEM_KEEPER@2	Expert's Keeper Cape	Capa Protetora do Perito
2817	T5_CAPEITEM_KEEPER@3	Expert's Keeper Cape	Capa Protetora do Perito
2818	T5_CAPEITEM_KEEPER@4	Expert's Keeper Cape	Capa Protetora do Perito
2819	T6_CAPEITEM_KEEPER	Master's Keeper Cape	Capa Protetora do Mestre
2820	T6_CAPEITEM_KEEPER@1	Master's Keeper Cape	Capa Protetora do Mestre
2821	T6_CAPEITEM_KEEPER@2	Master's Keeper Cape	Capa Protetora do Mestre
2822	T6_CAPEITEM_KEEPER@3	Master's Keeper Cape	Capa Protetora do Mestre
2823	T6_CAPEITEM_KEEPER@4	Master's Keeper Cape	Capa Protetora do Mestre
2824	T7_CAPEITEM_KEEPER	Grandmaster's Keeper Cape	Capa Protetora do Grão-mestre
2825	T7_CAPEITEM_KEEPER@1	Grandmaster's Keeper Cape	Capa Protetora do Grão-mestre
2826	T7_CAPEITEM_KEEPER@2	Grandmaster's Keeper Cape	Capa Protetora do Grão-mestre
2827	T7_CAPEITEM_KEEPER@3	Grandmaster's Keeper Cape	Capa Protetora do Grão-mestre
2828	T7_CAPEITEM_KEEPER@4	Grandmaster's Keeper Cape	Capa Protetora do Grão-mestre
2829	T8_CAPEITEM_KEEPER	Elder's Keeper Cape	Capa Protetora do Ancião
2830	T8_CAPEITEM_KEEPER@1	Elder's Keeper Cape	Capa Protetora do Ancião
2831	T8_CAPEITEM_KEEPER@2	Elder's Keeper Cape	Capa Protetora do Ancião
2832	T8_CAPEITEM_KEEPER@3	Elder's Keeper Cape	Capa Protetora do Ancião
2833	T8_CAPEITEM_KEEPER@4	Elder's Keeper Cape	Capa Protetora do Ancião
2834	T4_CAPEITEM_MORGANA	Adept's Morgana Cape	Capa de Morgana do Adepto
2835	T4_CAPEITEM_MORGANA@1	Adept's Morgana Cape	Capa de Morgana do Adepto
2836	T4_CAPEITEM_MORGANA@2	Adept's Morgana Cape	Capa de Morgana do Adepto
2837	T4_CAPEITEM_MORGANA@3	Adept's Morgana Cape	Capa de Morgana do Adepto
2838	T4_CAPEITEM_MORGANA@4	Adept's Morgana Cape	Capa de Morgana do Adepto
2839	T5_CAPEITEM_MORGANA	Expert's Morgana Cape	Capa de Morgana do Perito
2840	T5_CAPEITEM_MORGANA@1	Expert's Morgana Cape	Capa de Morgana do Perito
2841	T5_CAPEITEM_MORGANA@2	Expert's Morgana Cape	Capa de Morgana do Perito
2842	T5_CAPEITEM_MORGANA@3	Expert's Morgana Cape	Capa de Morgana do Perito
2843	T5_CAPEITEM_MORGANA@4	Expert's Morgana Cape	Capa de Morgana do Perito
2844	T6_CAPEITEM_MORGANA	Master's Morgana Cape	Capa de Morgana do Mestre
2845	T6_CAPEITEM_MORGANA@1	Master's Morgana Cape	Capa de Morgana do Mestre
2846	T6_CAPEITEM_MORGANA@2	Master's Morgana Cape	Capa de Morgana do Mestre
2847	T6_CAPEITEM_MORGANA@3	Master's Morgana Cape	Capa de Morgana do Mestre
2848	T6_CAPEITEM_MORGANA@4	Master's Morgana Cape	Capa de Morgana do Mestre
2849	T7_CAPEITEM_MORGANA	Grandmaster's Morgana Cape	Capa de Morgana do Grão-mestre
2850	T7_CAPEITEM_MORGANA@1	Grandmaster's Morgana Cape	Capa de Morgana do Grão-mestre
2851	T7_CAPEITEM_MORGANA@2	Grandmaster's Morgana Cape	Capa de Morgana do Grão-mestre
2852	T7_CAPEITEM_MORGANA@3	Grandmaster's Morgana Cape	Capa de Morgana do Grão-mestre
2853	T7_CAPEITEM_MORGANA@4	Grandmaster's Morgana Cape	Capa de Morgana do Grão-mestre
2854	T8_CAPEITEM_MORGANA	Elder's Morgana Cape	Capa de Morgana do Ancião
2855	T8_CAPEITEM_MORGANA@1	Elder's Morgana Cape	Capa de Morgana do Ancião
2856	T8_CAPEITEM_MORGANA@2	Elder's Morgana Cape	Capa de Morgana do Ancião
2857	T8_CAPEITEM_MORGANA@3	Elder's Morgana Cape	Capa de Morgana do Ancião
2858	T8_CAPEITEM_MORGANA@4	Elder's Morgana Cape	Capa de Morgana do Ancião
2859	T4_CAPEITEM_DEMON	Adept's Demon Cape	Capa Demoníaca do Adepto
2860	T4_CAPEITEM_DEMON@1	Adept's Demon Cape	Capa Demoníaca do Adepto
2861	T4_CAPEITEM_DEMON@2	Adept's Demon Cape	Capa Demoníaca do Adepto
2862	T4_CAPEITEM_DEMON@3	Adept's Demon Cape	Capa Demoníaca do Adepto
2863	T4_CAPEITEM_DEMON@4	Adept's Demon Cape	Capa Demoníaca do Adepto
2864	T5_CAPEITEM_DEMON	Expert's Demon Cape	Capa Demoníaca do Perito
2865	T5_CAPEITEM_DEMON@1	Expert's Demon Cape	Capa Demoníaca do Perito
2866	T5_CAPEITEM_DEMON@2	Expert's Demon Cape	Capa Demoníaca do Perito
2867	T5_CAPEITEM_DEMON@3	Expert's Demon Cape	Capa Demoníaca do Perito
2868	T5_CAPEITEM_DEMON@4	Expert's Demon Cape	Capa Demoníaca do Perito
2869	T6_CAPEITEM_DEMON	Master's Demon Cape	Capa Demoníaca do Mestre
2870	T6_CAPEITEM_DEMON@1	Master's Demon Cape	Capa Demoníaca do Mestre
2871	T6_CAPEITEM_DEMON@2	Master's Demon Cape	Capa Demoníaca do Mestre
2872	T6_CAPEITEM_DEMON@3	Master's Demon Cape	Capa Demoníaca do Mestre
2873	T6_CAPEITEM_DEMON@4	Master's Demon Cape	Capa Demoníaca do Mestre
2874	T7_CAPEITEM_DEMON	Grandmaster's Demon Cape	Capa Demoníaca do Grão-mestre
2875	T7_CAPEITEM_DEMON@1	Grandmaster's Demon Cape	Capa Demoníaca do Grão-mestre
2876	T7_CAPEITEM_DEMON@2	Grandmaster's Demon Cape	Capa Demoníaca do Grão-mestre
2877	T7_CAPEITEM_DEMON@3	Grandmaster's Demon Cape	Capa Demoníaca do Grão-mestre
2878	T7_CAPEITEM_DEMON@4	Grandmaster's Demon Cape	Capa Demoníaca do Grão-mestre
2879	T8_CAPEITEM_DEMON	Elder's Demon Cape	Capa Demoníaca do Ancião
2880	T8_CAPEITEM_DEMON@1	Elder's Demon Cape	Capa Demoníaca do Ancião
2881	T8_CAPEITEM_DEMON@2	Elder's Demon Cape	Capa Demoníaca do Ancião
2882	T8_CAPEITEM_DEMON@3	Elder's Demon Cape	Capa Demoníaca do Ancião
2883	T8_CAPEITEM_DEMON@4	Elder's Demon Cape	Capa Demoníaca do Ancião
2884	UNIQUE_LOOTCHEST_FIRSTREFERRAL	Recruiter's Pile of Tomes	Pilha de Tomos do Recrutador
2885	UNIQUE_LOOTCHEST_SKILLBOOKS_TELLAFRIEND	Pile of Tomes	Pilha de Tomos
2886	T2_BAG	Novice's Bag	Bolsa do Novato
2887	T3_BAG	Journeyman's Bag	Bolsa do Iniciante
2888	T4_BAG	Adept's Bag	Bolsa do Adepto
2889	T4_BAG@1	Adept's Bag	Bolsa do Adepto
2890	T4_BAG@2	Adept's Bag	Bolsa do Adepto
2891	T4_BAG@3	Adept's Bag	Bolsa do Adepto
2892	T4_BAG@4	Adept's Bag	Bolsa do Adepto
2893	T5_BAG	Expert's Bag	Bolsa do Perito
2894	T5_BAG@1	Expert's Bag	Bolsa do Perito
2895	T5_BAG@2	Expert's Bag	Bolsa do Perito
2896	T5_BAG@3	Expert's Bag	Bolsa do Perito
2897	T5_BAG@4	Expert's Bag	Bolsa do Perito
2898	T6_BAG	Master's Bag	Bolsa do Mestre
2899	T6_BAG@1	Master's Bag	Bolsa do Mestre
2900	T6_BAG@2	Master's Bag	Bolsa do Mestre
2901	T6_BAG@3	Master's Bag	Bolsa do Mestre
2902	T6_BAG@4	Master's Bag	Bolsa do Mestre
2903	T7_BAG	Grandmaster's Bag	Bolsa do Grão-mestre
2904	T7_BAG@1	Grandmaster's Bag	Bolsa do Grão-mestre
2905	T7_BAG@2	Grandmaster's Bag	Bolsa do Grão-mestre
2906	T7_BAG@3	Grandmaster's Bag	Bolsa do Grão-mestre
2907	T7_BAG@4	Grandmaster's Bag	Bolsa do Grão-mestre
2908	T8_BAG	Elder's Bag	Bolsa do Ancião
2909	T8_BAG@1	Elder's Bag	Bolsa do Ancião
2910	T8_BAG@2	Elder's Bag	Bolsa do Ancião
2911	T8_BAG@3	Elder's Bag	Bolsa do Ancião
2912	T8_BAG@4	Elder's Bag	Bolsa do Ancião
2913	T4_BAG_INSIGHT	Adept's Satchel of Insight	Sacola da Visão do Adepto
2914	T4_BAG_INSIGHT@1	Adept's Satchel of Insight	Sacola da Visão do Adepto
2915	T4_BAG_INSIGHT@2	Adept's Satchel of Insight	Sacola da Visão do Adepto
2916	T4_BAG_INSIGHT@3	Adept's Satchel of Insight	Sacola da Visão do Adepto
2917	T4_BAG_INSIGHT@4	Adept's Satchel of Insight	Sacola da Visão do Adepto
2918	T5_BAG_INSIGHT	Expert's Satchel of Insight	Sacola da Visão do Perito
2919	T5_BAG_INSIGHT@1	Expert's Satchel of Insight	Sacola da Visão do Perito
2920	T5_BAG_INSIGHT@2	Expert's Satchel of Insight	Sacola da Visão do Perito
2921	T5_BAG_INSIGHT@3	Expert's Satchel of Insight	Sacola da Visão do Perito
2922	T5_BAG_INSIGHT@4	Expert's Satchel of Insight	Sacola da Visão do Perito
2923	T6_BAG_INSIGHT	Master's Satchel of Insight	Sacola da Visão do Mestre
2924	T6_BAG_INSIGHT@1	Master's Satchel of Insight	Sacola da Visão do Mestre
2925	T6_BAG_INSIGHT@2	Master's Satchel of Insight	Sacola da Visão do Mestre
2926	T6_BAG_INSIGHT@3	Master's Satchel of Insight	Sacola da Visão do Mestre
2927	T6_BAG_INSIGHT@4	Master's Satchel of Insight	Sacola da Visão do Mestre
2928	T7_BAG_INSIGHT	Grandmaster's Satchel of Insight	Sacola da Visão do Grão-mestre
2929	T7_BAG_INSIGHT@1	Grandmaster's Satchel of Insight	Sacola da Visão do Grão-mestre
2930	T7_BAG_INSIGHT@2	Grandmaster's Satchel of Insight	Sacola da Visão do Grão-mestre
2931	T7_BAG_INSIGHT@3	Grandmaster's Satchel of Insight	Sacola da Visão do Grão-mestre
2932	T7_BAG_INSIGHT@4	Grandmaster's Satchel of Insight	Sacola da Visão do Grão-mestre
2933	T8_BAG_INSIGHT	Elder's Satchel of Insight	Sacola da Visão do Ancião
2934	T8_BAG_INSIGHT@1	Elder's Satchel of Insight	Sacola da Visão do Ancião
2935	T8_BAG_INSIGHT@2	Elder's Satchel of Insight	Sacola da Visão do Ancião
2936	T8_BAG_INSIGHT@3	Elder's Satchel of Insight	Sacola da Visão do Ancião
2937	T8_BAG_INSIGHT@4	Elder's Satchel of Insight	Sacola da Visão do Ancião
2938	T1_2H_TOOL_PICK	Beginner's Pickaxe	Picareta do Calouro
2939	T2_2H_TOOL_PICK	Novice's Pickaxe	Picareta do Novato
2940	T3_2H_TOOL_PICK	Journeyman's Pickaxe	Picareta do Iniciante
2941	T4_2H_TOOL_PICK	Adept's Pickaxe	Picareta do Adepto
2942	T5_2H_TOOL_PICK	Expert's Pickaxe	Picareta do Perito
2943	T6_2H_TOOL_PICK	Master's Pickaxe	Picareta do Mestre
2944	T7_2H_TOOL_PICK	Grandmaster's Pickaxe	Picareta do Grão-mestre
2945	T8_2H_TOOL_PICK	Elder's Pickaxe	Picareta do Ancião
2946	T4_2H_TOOL_PICK_AVALON	Adept's Avalonian Pickaxe	Picareta Avaloniano do Adepto
2947	T5_2H_TOOL_PICK_AVALON	Expert's Avalonian Pickaxe	Picareta Avaloniano do Perito
2948	T6_2H_TOOL_PICK_AVALON	Master's Avalonian Pickaxe	Picareta Avaloniano do Mestre
2949	T7_2H_TOOL_PICK_AVALON	Grandmaster's Avalonian Pickaxe	Picareta Avaloniano do Grão-mestre
2950	T8_2H_TOOL_PICK_AVALON	Elder's Avalonian Pickaxe	Picareta Avaloniano do Ancião
2951	T1_2H_TOOL_HAMMER	Beginner's Stone Hammer	Martelo de Pedra do Calouro
2952	T2_2H_TOOL_HAMMER	Novice's Stone Hammer	Martelo de Pedra do Novato
2953	T3_2H_TOOL_HAMMER	Journeyman's Stone Hammer	Martelo de Pedra do Iniciante
2954	T4_2H_TOOL_HAMMER	Adept's Stone Hammer	Martelo de Pedra do Adepto
2955	T5_2H_TOOL_HAMMER	Expert's Stone Hammer	Martelo de Pedra do Perito
2956	T6_2H_TOOL_HAMMER	Master's Stone Hammer	Martelo de Pedra do Mestre
2957	T7_2H_TOOL_HAMMER	Grandmaster's Stone Hammer	Martelo de Pedra do Grão-mestre
2958	T8_2H_TOOL_HAMMER	Elder's Stone Hammer	Martelo de Pedra do Ancião
2959	T4_2H_TOOL_HAMMER_AVALON	Adept's Avalonian Stone Hammer	Martelo de Pedra Avaloniano do Adepto
2960	T5_2H_TOOL_HAMMER_AVALON	Expert's Avalonian Stone Hammer	Martelo de Pedra Avaloniano do Perito
2961	T6_2H_TOOL_HAMMER_AVALON	Master's Avalonian Stone Hammer	Martelo de Pedra Avaloniano do Mestre
2962	T7_2H_TOOL_HAMMER_AVALON	Grandmaster's Avalonian Stone Hammer	Martelo de Pedra Avaloniano do Grão-mestre
2963	T8_2H_TOOL_HAMMER_AVALON	Elder's Avalonian Stone Hammer	Martelo de Pedra Avaloniano do Ancião
2964	T1_2H_TOOL_AXE	Beginner's Axe	Machado do Calouro
2965	T2_2H_TOOL_AXE	Novice's Axe	Machado do Novato
2966	T3_2H_TOOL_AXE	Journeyman's Axe	Machado do Iniciante
2967	T4_2H_TOOL_AXE	Adept's Axe	Machado do Adepto
2968	T5_2H_TOOL_AXE	Expert's Axe	Machado do Perito
2969	T6_2H_TOOL_AXE	Master's Axe	Machado do Mestre
2970	T7_2H_TOOL_AXE	Grandmaster's Axe	Machado do Grão-mestre
2971	T8_2H_TOOL_AXE	Elder's Axe	Machado do Ancião
2972	T4_2H_TOOL_AXE_AVALON	Adept's Avalonian Axe	Machado Avaloniano do Adepto
2973	T5_2H_TOOL_AXE_AVALON	Expert's Avalonian Axe	Machado Avaloniano do Perito
2974	T6_2H_TOOL_AXE_AVALON	Master's Avalonian Axe	Machado Avaloniano do Mestre
2975	T7_2H_TOOL_AXE_AVALON	Grandmaster's Avalonian Axe	Machado Avaloniano do Grão-mestre
2976	T8_2H_TOOL_AXE_AVALON	Elder's Avalonian Axe	Machado Avaloniano do Ancião
2977	T1_2H_TOOL_SICKLE	Beginner's Sickle	Foice do Calouro
2978	T2_2H_TOOL_SICKLE	Novice's Sickle	Foice do Novato
2979	T3_2H_TOOL_SICKLE	Journeyman's Sickle	Foice do Iniciante
2980	T4_2H_TOOL_SICKLE	Adept's Sickle	Foice do Adepto
2981	T5_2H_TOOL_SICKLE	Expert's Sickle	Foice do Perito
2982	T6_2H_TOOL_SICKLE	Master's Sickle	Foice do Mestre
2983	T7_2H_TOOL_SICKLE	Grandmaster's Sickle	Foice do Grão-mestre
2984	T8_2H_TOOL_SICKLE	Elder's Sickle	Foice do Ancião
2985	T4_2H_TOOL_SICKLE_AVALON	Adept's Avalonian Sickle	Foice Avaloniano do Adepto
2986	T5_2H_TOOL_SICKLE_AVALON	Expert's Avalonian Sickle	Foice Avaloniano do Perito
2987	T6_2H_TOOL_SICKLE_AVALON	Master's Avalonian Sickle	Foice Avaloniano do Mestre
2988	T7_2H_TOOL_SICKLE_AVALON	Grandmaster's Avalonian Sickle	Foice Avaloniano do Grão-mestre
2989	T8_2H_TOOL_SICKLE_AVALON	Elder's Avalonian Sickle	Foice Avaloniano do Ancião
2990	T1_2H_TOOL_KNIFE	Beginner's Skinning Knife	Faca de Esfolar do Calouro
2991	T2_2H_TOOL_KNIFE	Novice's Skinning Knife	Faca de Esfolar do Novato
2992	T3_2H_TOOL_KNIFE	Journeyman's Skinning Knife	Faca de Esfolar do Iniciante
2993	T4_2H_TOOL_KNIFE	Adept's Skinning Knife	Faca de Esfolar do Adepto
2994	T5_2H_TOOL_KNIFE	Expert's Skinning Knife	Faca de Esfolar do Perito
2995	T6_2H_TOOL_KNIFE	Master's Skinning Knife	Faca de Esfolar do Mestre
2996	T7_2H_TOOL_KNIFE	Grandmaster's Skinning Knife	Faca de Esfolar do Grão-mestre
2997	T8_2H_TOOL_KNIFE	Elder's Skinning Knife	Faca de Esfolar do Ancião
2998	T4_2H_TOOL_KNIFE_AVALON	Adept's Avalonian Skinning Knife	Faca de Esfolar Avaloniano do Adepto
2999	T5_2H_TOOL_KNIFE_AVALON	Expert's Avalonian Skinning Knife	Faca de Esfolar Avaloniano do Perito
3000	T6_2H_TOOL_KNIFE_AVALON	Master's Avalonian Skinning Knife	Faca de Esfolar Avaloniano do Mestre
3001	T7_2H_TOOL_KNIFE_AVALON	Grandmaster's Avalonian Skinning Knife	Faca de Esfolar Avaloniano do Grão-mestre
3002	T8_2H_TOOL_KNIFE_AVALON	Elder's Avalonian Skinning Knife	Faca de Esfolar Avaloniano do Ancião
3003	T2_2H_TOOL_SIEGEHAMMER	Novice's Siege Hammer	Martelo de Cerco do Novato
3004	T3_2H_TOOL_SIEGEHAMMER	Journeyman's Siege Hammer	Martelo de Cerco do Iniciante
3005	T4_2H_TOOL_SIEGEHAMMER	Adept's Siege Hammer	Martelo de Cerco do Adepto
3006	T5_2H_TOOL_SIEGEHAMMER	Expert's Siege Hammer	Martelo de Cerco do Perito
3007	T6_2H_TOOL_SIEGEHAMMER	Master's Siege Hammer	Martelo de Cerco do Mestre
3008	T7_2H_TOOL_SIEGEHAMMER	Grandmaster's Siege Hammer	Martelo de Cerco do Grão-mestre
3009	T8_2H_TOOL_SIEGEHAMMER	Elder's Siege Hammer	Martelo de Cerco do Ancião
3010	T4_2H_TOOL_SIEGEHAMMER_AVALON	Adept's Avalonian Siege Hammer	Martelo de Cerco Avaloniano do Adepto
3011	T5_2H_TOOL_SIEGEHAMMER_AVALON	Expert's Avalonian Siege Hammer	Martelo de Cerco Avaloniano do Perito
3012	T6_2H_TOOL_SIEGEHAMMER_AVALON	Master's Avalonian Siege Hammer	Martelo de Cerco Avaloniano do Mestre
3013	T7_2H_TOOL_SIEGEHAMMER_AVALON	Grandmaster's Avalonian Siege Hammer	Martelo de Cerco Avaloniano do Grão-mestre
3014	T8_2H_TOOL_SIEGEHAMMER_AVALON	Elder's Avalonian Siege Hammer	Martelo de Cerco Avaloniano do Ancião
3015	T3_2H_TOOL_FISHINGROD	Journeyman's Fishing Rod	Vara de Pescar do Iniciante
3016	T4_2H_TOOL_FISHINGROD	Adept's Fishing Rod	Vara de Pescar do Adepto
3017	T5_2H_TOOL_FISHINGROD	Expert's Fishing Rod	Vara de Pescar do Perito
3018	T6_2H_TOOL_FISHINGROD	Master's Fishing Rod	Vara de Pescar do Mestre
3019	T7_2H_TOOL_FISHINGROD	Grandmaster's Fishing Rod	Vara de Pescar do Grão-mestre
3020	T8_2H_TOOL_FISHINGROD	Elder's Fishing Rod	Vara de Pescar do Ancião
3021	T4_2H_TOOL_FISHINGROD_AVALON	Adept's Avalonian Fishing Rod	Vara de Pescar Avaloniano do Adepto
3022	T5_2H_TOOL_FISHINGROD_AVALON	Expert's Avalonian Fishing Rod	Vara de Pescar Avaloniano do Perito
3023	T6_2H_TOOL_FISHINGROD_AVALON	Master's Avalonian Fishing Rod	Vara de Pescar Avaloniano do Mestre
3024	T7_2H_TOOL_FISHINGROD_AVALON	Grandmaster's Avalonian Fishing Rod	Vara de Pescar Avaloniano do Grão-mestre
3025	T8_2H_TOOL_FISHINGROD_AVALON	Elder's Avalonian Fishing Rod	Vara de Pescar Avaloniano do Ancião
3026	UNIQUE_MOUNT_ARMORED_HORSE_KNIGHT_01_TEST		
3027	T2_MOUNT_MULE	Novice's Mule	Mula do Novato
3028	T3_MOUNT_HORSE	Journeyman's Riding Horse	Cavalo de Montar do Iniciante
3029	T4_MOUNT_HORSE	Adept's Riding Horse	Cavalo de Montar do Adepto
3030	T5_MOUNT_HORSE	Expert's Riding Horse	Cavalo de Montar do Perito
3031	T6_MOUNT_HORSE	Master's Riding Horse	Cavalo de Montar do Mestre
3032	T7_MOUNT_HORSE	Grandmaster's Riding Horse	Cavalo de Montar do Grão-mestre
3033	T8_MOUNT_HORSE	Elder's Riding Horse	Cavalo de Montar do Ancião
3034	T5_MOUNT_ARMORED_HORSE	Expert's Armored Horse	Cavalo Blindado do Perito
3035	T6_MOUNT_ARMORED_HORSE	Master's Armored Horse	Cavalo Blindado do Mestre
3036	T7_MOUNT_ARMORED_HORSE	Grandmaster's Armored Horse	Cavalo Blindado do Grão-mestre
3037	T8_MOUNT_ARMORED_HORSE	Elder's Armored Horse	Cavalo Blindado do Ancião
3038	T3_MOUNT_OX	Journeyman's Transport Ox	Boi de Transporte do Iniciante
3039	T4_MOUNT_OX	Adept's Transport Ox	Boi de Transporte do Adepto
3040	T5_MOUNT_OX	Expert's Transport Ox	Boi de Transporte do Perito
3041	T6_MOUNT_OX	Master's Transport Ox	Boi de Transporte do Mestre
3042	T7_MOUNT_OX	Grandmaster's Transport Ox	Boi de Transporte do Grão-mestre
3043	T8_MOUNT_OX	Elder's Transport Ox	Boi de Transporte do Ancião
3044	T4_MOUNT_GIANTSTAG	Adept's Giant Stag	Veado Gigante do Adepto
3045	T6_MOUNT_GIANTSTAG_MOOSE	Moose	Alce
3046	T6_MOUNT_DIREWOLF	Direwolf	Lobo-vil
3047	T7_MOUNT_DIREBOAR	Saddled Direboar	Javali-vil Selado
3048	T7_MOUNT_SWAMPDRAGON	Saddled Swamp Dragon	Dragão do Pântano Selado
3049	T8_MOUNT_DIREBEAR	Saddled Direbear	Urso-vil Selado
3050	T8_MOUNT_MAMMOTH_TRANSPORT	Elder's Transport Mammoth	Mamute de Transporte do Ancião
3051	T5_MOUNT_MOABIRD_FW_BRIDGEWATCH	Saddled Moabird	Ave-moa Selada
3052	T5_MOUNT_DIREBEAR_FW_FORTSTERLING	Saddled Winter Bear	Urso das Neves Selado
3053	T5_MOUNT_DIREBOAR_FW_LYMHURST	Saddled Wild Boar	Javali Selvagem Selado
3054	T5_MOUNT_RAM_FW_MARTLOCK	Saddled Bighorn Ram	Carneiro Selvagem Selado
3055	T5_MOUNT_SWAMPDRAGON_FW_THETFORD	Saddled Swamp Salamander	Salamandra do Pântano Selada
3056	T5_MOUNT_GREYWOLF_FW_CAERLEON	Saddled Greywolf	Lobo-cinzento Selado
3057	T5_MOUNT_OWL_FW_BRECILIEN	Saddled Mystic Owl	Coruja Mística Selada
3058	T8_MOUNT_MOABIRD_FW_BRIDGEWATCH_ELITE	Elite Terrorbird	Terrorbird de Elite
3059	T8_MOUNT_DIREBEAR_FW_FORTSTERLING_ELITE	Elite Winter Bear	Urso-polar de Elite
3060	T8_MOUNT_DIREBOAR_FW_LYMHURST_ELITE	Elite Wild Boar	Javali Selvagem de Elite
3061	T8_MOUNT_RAM_FW_MARTLOCK_ELITE	Elite Bighorn Ram	Carneiro Selvagem de Elite
3062	T8_MOUNT_SWAMPDRAGON_FW_THETFORD_ELITE	Elite Swamp Salamander	Salamandra do Pântano de Elite
3063	T8_MOUNT_GREYWOLF_FW_CAERLEON_ELITE	Elite Greywolf	Lobo-cinzento de Elite
3064	T8_MOUNT_OWL_FW_BRECILIEN_ELITE	Elite Mystic Owl	Coruja Mística de Elite
3065	T5_MOUNT_SPIDER_HELL	Hellspinner	Tecedora Infernal
3066	T8_MOUNT_SPIDER_HELL	Soulspinner	Tecedora de Almas
3067	T8_MOUNT_DRAKE_FIRE	Firewing Drake	Draco Asa de Fogo
3068	T8_MOUNT_MAMMOTH_BATTLE@1	Elder's Command Mammoth	Mamute de Comando do Ancião
3069	T7_MOUNT_SWAMPDRAGON_BATTLE	Flame Basilisk	Basilisco de Fogo
3070	T7_MOUNT_ARMORED_SWAMPDRAGON_BATTLE	Venom Basilisk	Basilisco Venenoso
3071	T6_MOUNT_SIEGE_BALLISTA	Siege Ballista	Balista de Cerco
3072	T8_MOUNT_HORSE_UNDEAD@1	Spectral Bonehorse	Cavalo Amaldiçoado Espectral
3073	T5_MOUNT_COUGAR_KEEPER@1	Swiftclaw	Garra-ligeira
3074	T8_MOUNT_COUGAR_KEEPER@1	Rageclaw	Garra-feroz
3075	T8_MOUNT_ARMORED_HORSE_MORGANA@1	Morgana Nightmare	Pesadelo de Morgana
3076	T8_MOUNT_RABBIT_EASTER	Spring Cottontail	Cauda-de-Algodão
3077	T8_MOUNT_RABBIT_EASTER_DARK@1	Caerleon Cottontail	Cauda-de-Algodão de Carleon
3078	UNIQUE_MOUNT_RAM_XMAS	Yule Ram	Aríete de Yule
3079	T7_MOUNT_SWAMPDRAGON_AVALON_BASILISK	Avalonian Basilisk	Basilisco Avaloniano
3080	UNIQUE_MOUNT_RAM_TELLAFRIEND	Recruiter's Ram	Carneiro do Recrutador
3081	UNIQUE_MOUNT_MOABIRD_TELLAFRIEND	Recruiter's Moabird	Ave-moa do Recrutador
3082	UNIQUE_MOUNT_BAT_TELLAFRIEND	Recruiter's Saddled Bat	Morcego Selado do Recrutador
3083	UNIQUE_MOUNT_GIANTTOAD_TELLAFRIEND	Recruiter's Toad	Sapo do Recrutador
3084	UNIQUE_MOUNT_PANDA_TELLAFRIEND		
3085	UNIQUE_MOUNT_GIANTTOAD_02_TELLAFRIEND	Recruiter's Giant Frog	Sapo Gigante do Recrutador
3086	T5_MOUNT_ARMORED_HORSE_SKIN_01	Expert's Warhorse	Cavalo de Guerra do Perito
3087	T6_MOUNT_ARMORED_HORSE_SKIN_01	Master's Warhorse	Cavalo de Guerra do Mestre
3088	T7_MOUNT_ARMORED_HORSE_SKIN_01	Grandmaster's Warhorse	Cavalo de Guerra do Grão-mestre
3089	T8_MOUNT_ARMORED_HORSE_SKIN_01	Elder's Warhorse	Cavalo de Guerra do Ancião
3090	UNIQUE_MOUNT_BAT_PERSONAL	Spectral Bat	Morcego Espectral
3091	T7_MOUNT_MONITORLIZARD_ADC	Pest Lizard	Lagarto de Praga
3092	T7_MOUNT_HUSKY_ADC	Snow Husky	Husky da Neve
3093	T6_MOUNT_FROSTRAM_ADC	Frost Ram	Carneiro Gelado
3094	T7_MOUNT_TERRORBIRD_ADC	Saddled Terrorbird	Terrorbird Selado
3095	UNIQUE_MOUNT_BEAR_KEEPER_ADC	Grizzly Bear	Urso Pardo
3096	UNIQUE_MOUNT_BLACK_PANTHER_ADC	Black Panther	Pantera Negra
3097	UNIQUE_MOUNT_MORGANA_RAVEN_ADC	Morgana Raven	Corvo de Morgana
3098	UNIQUE_MOUNT_GIANT_HORSE_ADC	Gallant Horse	Cavalo Gigante
3099	UNIQUE_MOUNT_UNDEAD_DIREBOAR_ADC	Spectral Direboar	Javali-vil Espectral
3100	UNIQUE_MOUNT_DIVINE_OWL_ADC	Divine Owl	Coruja Divina
3101	UNIQUE_MOUNT_HERETIC_MULE_ADC	Heretic Combat Mule	Mula de Combate Herege
3102	UNIQUE_MOUNT_RHINO_SEASON_CRYSTAL	Crystal Battle Rhino	Rinoceronte de Batalha de Cristal
3103	UNIQUE_MOUNT_RHINO_SEASON_GOLD	Gold Battle Rhino	Rinoceronte de Batalha de Ouro
3104	UNIQUE_MOUNT_RHINO_SEASON_SILVER	Silver Battle Rhino	Rinoceronte de Batalha de Prata
3105	UNIQUE_MOUNT_RHINO_SEASON_BRONZE	Bronze Battle Rhino	Rinoceronte de Batalha de Bronze
3106	UNIQUE_MOUNT_TOWER_CHARIOT_CRYSTAL	Crystal Tower Chariot	Carruagem de Torre de Cristal
3107	UNIQUE_MOUNT_TOWER_CHARIOT_GOLD	Gold Tower Chariot	Carruagem de Torre de Ouro
3108	UNIQUE_MOUNT_TOWER_CHARIOT_SILVER	Silver Tower Chariot	Carruagem de Torre de Prata
3109	UNIQUE_MOUNT_ARMORED_EAGLE_CRYSTAL	Crystal Battle Eagle	Águia de Batalha de Cristal
3110	UNIQUE_MOUNT_ARMORED_EAGLE_GOLD	Gold Battle Eagle	Águia de Batalha de Ouro
3111	UNIQUE_MOUNT_ARMORED_EAGLE_SILVER	Silver Battle Eagle	Águia de Batalha de Prata
3112	UNIQUE_MOUNT_BEETLE_CRYSTAL	Crystal Colossus Beetle	Besouro do Colosso de Cristal
3113	UNIQUE_MOUNT_BEETLE_GOLD	Gold Colossus Beetle	Besouro do Colosso de Ouro
3114	UNIQUE_MOUNT_BEETLE_SILVER	Silver Colossus Beetle	Besouro do Colosso de Prata
3115	UNIQUE_MOUNT_BEHEMOTH_CRYSTAL	Crystal Behemoth	Behemoth de Cristal
3116	UNIQUE_MOUNT_BEHEMOTH_GOLD	Gold Behemoth	Behemoth de Ouro
3117	UNIQUE_MOUNT_BEHEMOTH_SILVER	Silver Behemoth	Behemoth de Prata
3118	UNIQUE_MOUNT_ENT_CRYSTAL	Crystal Ancient Ent	Ent Ancião de Cristal
3119	UNIQUE_MOUNT_ENT_GOLD	Gold Ancient Ent	Ent Ancião de Ouro
3120	UNIQUE_MOUNT_ENT_SILVER	Silver Ancient Ent	Ent Ancião de Prata
3121	UNIQUE_MOUNT_BATTLESPIDER_CRYSTAL	Crystal Goliath Horseeater	Golias Devorador de Cristal
3122	UNIQUE_MOUNT_BATTLESPIDER_GOLD	Gold Goliath Horseeater	Golias Devorador de Ouro
3123	UNIQUE_MOUNT_BATTLESPIDER_SILVER	Silver Goliath Horseeater	Golias Devorador de Prata
3124	UNIQUE_MOUNT_BASTION_CRYSTAL	Crystal Roving Bastion	Bastião Errante de Cristal
3125	UNIQUE_MOUNT_BASTION_GOLD	Gold Roving Bastion	Bastião Errante de Ouro
3126	UNIQUE_MOUNT_BASTION_SILVER	Silver Roving Bastion	Bastião Errante de Prata
3127	UNIQUE_MOUNT_JUGGERNAUT_CRYSTAL	Crystal Juggernaut	Juggernaut de Cristal
3128	UNIQUE_MOUNT_JUGGERNAUT_GOLD	Gold Juggernaut	Juggernaut de Ouro
3129	UNIQUE_MOUNT_JUGGERNAUT_SILVER	Silver Juggernaut	Juggernaut de Prata
3130	UNIQUE_MOUNT_TANKBEETLE_CRYSTAL	Crystal Phalanx Beetle	Besouro Falange de Cristal
3131	UNIQUE_MOUNT_TANKBEETLE_GOLD	Gold Phalanx Beetle	Besouro Falange de Ouro
3132	UNIQUE_MOUNT_TANKBEETLE_SILVER	Silver Phalanx Beetle	Besouro Falange de Prata
3133	UNIQUE_MOUNT_RHINO_TELLAFRIEND		
3134	UNIQUE_MOUNT_GIANTSTAG_FOUNDER_EPIC	Epic Explorer's Giant Stag	Veado Gigante do Explorador Épico
3135	T4_FURNITUREITEM_REPAIRKIT	Adept's Repair Kit	Kit de Reparo do Adepto
3136	T5_FURNITUREITEM_REPAIRKIT	Expert's Repair Kit	Kit de Reparo do Perito
3137	T6_FURNITUREITEM_REPAIRKIT	Master's Repair Kit	Kit de Reparo do Mestre
3138	T7_FURNITUREITEM_REPAIRKIT	Grandmaster's Repair Kit	Kit de Reparo do Grão-mestre
3139	T8_FURNITUREITEM_REPAIRKIT	Elder's Repair Kit	Kit de Reparo do Ancião
3140	T2_FURNITUREITEM_GUILDBANNER_FABRIC	Guild Banner on Fabric	Estandarte da Guilda de tecido
3141	T3_FURNITUREITEM_GUILDBANNER_FABRIC	Guild Banner on Fabric	Estandarte da Guilda de tecido
3142	T4_FURNITUREITEM_GUILDBANNER_FABRIC	Guild Banner on Fabric	Estandarte da Guilda de tecido
3143	T5_FURNITUREITEM_GUILDBANNER_FABRIC	Guild Banner on Fabric	Estandarte da Guilda de tecido
3144	T2_FURNITUREITEM_GUILDBANNER_SHIELD	Guild Banner on Shield	Estandarte da Guilda no escudo
3145	T3_FURNITUREITEM_GUILDBANNER_SHIELD	Guild Banner on Shield	Estandarte da Guilda no escudo
3146	T4_FURNITUREITEM_GUILDBANNER_SHIELD	Guild Banner on Shield	Estandarte da Guilda no escudo
3147	T5_FURNITUREITEM_GUILDBANNER_SHIELD	Guild Banner on Shield	Estandarte da Guilda no escudo
3148	T3_FURNITUREITEM_ANNIVERSARYBANNER	Anniversary Banner - White	Estandarte de Aniversário - Branco
3149	T3_FURNITUREITEM_ANNIVERSARYBANNER_2020	Anniversary Banner - Red	Estandarte de Aniversário - Vermelho
3150	T3_FURNITUREITEM_ANNIVERSARYBANNER_2021	Anniversary Banner - Blue	Estandarte de Aniversário - Azul
3151	T3_FURNITUREITEM_ANNIVERSARYBANNER_2022	Anniversary Banner - Turquoise	Bandeira de Aniversário - Turquesa
3152	T3_FURNITUREITEM_ANNIVERSARYBANNER_2023	Anniversary Banner - Orange	Bandeira de Aniversário - Laranja
3153	T3_FURNITUREITEM_ANNIVERSARYBANNER_2024	Anniversary Banner - Purple	Bandeira de Aniversário - Roxa
3154	T3_FURNITUREITEM_ANNIVERSARYBANNER_2025	Anniversary Banner - Light Blue	Estandarte de Aniversário - Azul Claro
3155	T3_FURNITUREITEM_ANNIVERSARYBANNER_2026	Anniversary Banner - Light Green	Estandarte de Aniversário - Verde Claro
3156	UNIQUE_FURNITUREITEM_TELLAFRIEND_CHEST_A@1	Recruiter's Crate	Caixa do Recrutador
3157	UNIQUE_FURNITUREITEM_TELLAFRIEND_CHEST_B@1	Recruiter's Chest	Baú do Recrutador
3158	UNIQUE_FURNITUREITEM_TELLAFRIEND_CHEST_C@1	Recruiter's Wooden Chest	Baú de Madeira do Recrutador
3159	UNIQUE_FURNITUREITEM_TELLAFRIEND_CHEST_COMPANION@1	Recruiter's Companion Crate	Caixa Companheira do Recrutador
3160	UNIQUE_FURNITUREITEM_TELLAFRIEND_CHEST_BARREL@1	Recruiter's Barrel-crate	Barril do Recrutador
3161	UNIQUE_FURNITUREITEM_TELLAFRIEND_CHEST_MERLINCUBE@1	Recruiter's Merlyn Cube	Cubo de Merlin do Recrutador
3162	UNIQUE_FURNITUREITEM_TELLAFRIEND_CHEST_SARCOPHAGUS	Recruiter's Sarcophagus Chest	Baú Sarcófago do Recrutador
3163	UNIQUE_FURNITUREITEM_TELLAFRIEND_DEER_STATUE	Recruiter's Deer Statue	Estátua de Veado do Recrutador
3164	UNIQUE_FURNITUREITEM_TELLAFRIEND_HUNTER_STATUE	Recruiter's Hunter Statue	Estátua de Caçador do Recrutador
3165	UNIQUE_FURNITUREITEM_TELLAFRIEND_CHEST_BARREL_B@1	Recruiter's Storage-Barrel	Barril de Armazenamento do Recrutador
3166	UNIQUE_FURNITUREITEM_TELLAFRIEND_BANNER_A	Recruiter's Guild Banner	Estandarte de Guilda do Recrutador
3167	T2_FURNITUREITEM_BED	Novice's Bed	Cama do Novato
3168	T3_FURNITUREITEM_BED	Journeyman's Bed	Cama do Iniciante
3169	T4_FURNITUREITEM_BED	Adept's Bed	Cama do Adepto
3170	T5_FURNITUREITEM_BED	Expert's Bed	Cama do Perito
3171	T6_FURNITUREITEM_BED	Master's Bed	Cama do Mestre
3172	T7_FURNITUREITEM_BED	Grandmaster's Bed	Cama do Grão-mestre
3173	T8_FURNITUREITEM_BED	Elder's Bed	Cama do Ancião
3174	T2_FURNITUREITEM_CHEST	Novice's Chest	Baú do Novato
3175	T3_FURNITUREITEM_CHEST	Journeyman's Chest	Baú do Iniciante
3176	T4_FURNITUREITEM_CHEST	Adept's Chest	Baú do Adepto
3177	T5_FURNITUREITEM_CHEST	Expert's Chest	Baú do Perito
3178	T3_VANITY_CONSUMABLE_FIREWORKS_BLUE	Royal Blue Fireworks	Fogos de Artifício Reais Azuis
3179	T3_VANITY_CONSUMABLE_FIREWORKS_GREEN	Royal Green Fireworks	Fogos de Artifício Reais Verdes
3180	T3_VANITY_CONSUMABLE_FIREWORKS_YELLOW	Royal Yellow Fireworks	Fogos de Artifício Reais Amarelos
3181	T3_VANITY_CONSUMABLE_FIREWORKS_RED	Royal Red Fireworks	Fogos de Artifício Reais Vermelhos
3182	T3_VANITY_CONSUMABLE_FIREWORKS_BLUE_NONTRADABLE	Royal Blue Fireworks	Fogos de Artifício Reais Azuis
3183	T3_VANITY_CONSUMABLE_FIREWORKS_GREEN_NONTRADABLE	Royal Green Fireworks	Fogos de Artifício Reais Verdes
3184	T3_VANITY_CONSUMABLE_FIREWORKS_YELLOW_NONTRADABLE	Royal Yellow Fireworks	Fogos de Artifício Reais Amarelos
3185	T3_VANITY_CONSUMABLE_FIREWORKS_RED_NONTRADABLE	Royal Red Fireworks	Fogos de Artifício Reais Vermelhos
3186	UNIQUE_CONSUMABLE_EVENT_WINTER_2017	Snowball	Bola de Neve
3187	UNIQUE_CONSUMABLE_EVENT_EASTER_2020_EGG	Surprise Egg	Ovo Surpresa
3188	UNIQUE_CONSUMABLE_EVENT_EASTER_2020_CHOCOLATE	Chocolate	Chocolate
3189	UNIQUE_ROTTEN_CHOCOLATE_EGG	Rotten Chocolate Egg	Ovo de Chocolate Podre
3190	UNIQUE_CONSUMABLE_EVENT_EASTER_CHOCOLATE_EGG_2025	Chocolate Egg	Ovo de Chocolate
3191	UNIQUE_CONSUMABLE_EVENT_EASTER_CHOCOLATE_EGG_2026		
3192	T2_FURNITUREITEM_TABLE	Novice's Table	Mesa do Novato
3193	T3_FURNITUREITEM_TABLE	Journeyman's Table	Mesa do Iniciante
3194	T4_FURNITUREITEM_TABLE	Adept's Table	Mesa do Adepto
3195	T5_FURNITUREITEM_TABLE	Expert's Table	Mesa do Perito
3196	T6_FURNITUREITEM_TABLE	Master's Table	Mesa do Mestre
3197	T7_FURNITUREITEM_TABLE	Grandmaster's Table	Mesa do Grão-mestre
3198	T8_FURNITUREITEM_TABLE	Elder's Table	Mesa do Ancião
3199	UNIQUE_FURNITUREITEM_EASTER_CHEST	Egg-shaped Chest	Baú com formato de ovo
3200	UNIQUE_FURNITUREITEM_VANITY_ARENA_BANNER_04	Modest Arena Display	Mostrador Modesto de Arena
3201	UNIQUE_FURNITUREITEM_VANITY_ARENA_BANNER_05	Grand Arena Display	Mostrador Grande de Arena
3202	UNIQUE_FURNITUREITEM_VANITY_ARENA_BANNER_06	Glorious Arena Display	Mostrador Glorioso de Arena
3203	UNIQUE_FURNITUREITEM_VANITY_ARENA_BANNER_01	Modest Arena Display	Mostrador Modesto de Arena
3204	UNIQUE_FURNITUREITEM_VANITY_ARENA_BANNER_02	Grand Arena Display	Mostrador Grande de Arena
3205	UNIQUE_FURNITUREITEM_VANITY_ARENA_BANNER_03	Glorious Arena Display	Mostrador Glorioso de Arena
3206	PLAYERISLAND_FURNITUREITEM_FARM_DECO_B	Haystack	Palheiro
3207	PLAYERISLAND_FURNITUREITEM_FARM_DECO_C	Haystack and cart	Palheiro e carroça
3208	PLAYERISLAND_FURNITUREITEM_FARM_DECO_D	Tree stump with pumpkins	Toco de árvore e abóboras
3209	PLAYERISLAND_FURNITUREITEM_STONE_FIREBOWL_A	Fire bowl	Caldeirão de fogo
3210	PLAYERISLAND_FURNITUREITEM_STONE_FIREBOWL_B	Fire bowl with pedestal	Caldeirão de fogo com pedestal
3211	PLAYERISLAND_FURNITUREITEM_STONE_MAGIC_EMBLEM_GROUND_A	Small arcane stone sigil	Selo pequeno de pedra arcana
3212	PLAYERISLAND_FURNITUREITEM_STONE_MAGIC_EMBLEM_GROUND_B	Arcane stone sigil	Selo de pedra arcana
3213	PLAYERISLAND_FURNITUREITEM_STONE_NATURE_EMBLEM_GROUND_A	Small nature stone sigil	Selo pequeno de pedra natural
3214	PLAYERISLAND_FURNITUREITEM_STONE_NATURE_EMBLEM_GROUND_B	Nature stone sigil	Selo de pedra natural
3215	PLAYERISLAND_FURNITUREITEM_STONE_STATUE_A	Scholar statue	Estátua erudita
3216	PLAYERISLAND_FURNITUREITEM_STONE_STATUE_A_BROKEN	Broken scholar statue	Esátua erudita quebrada
3217	PLAYERISLAND_FURNITUREITEM_STONE_STATUE_HUNTER_A	Hunting sculpture	Escultura de caça
3218	PLAYERISLAND_FURNITUREITEM_STONE_STATUE_HUNTER_B	Hunter statue	Estátua de caçador
3219	PLAYERISLAND_FURNITUREITEM_STONE_STATUE_MAGE_A	Book sculpture	Escultura de livro
3220	PLAYERISLAND_FURNITUREITEM_STONE_STATUE_MAGE_B	Magician statue	Estátua de feiticeiro
3221	PLAYERISLAND_FURNITUREITEM_STONE_STATUE_SWORD_A	Small sword sculpture	Escultura pequena de espada
3222	PLAYERISLAND_FURNITUREITEM_STONE_STATUE_SWORD_B	Sword sculpture	Escultura de espada
3223	PLAYERISLAND_FURNITUREITEM_STONE_STATUE_WARRIOR_A	Sword and shield sculpture	Escultura de espada e escudo
3224	PLAYERISLAND_FURNITUREITEM_STONE_STATUE_WARRIOR_B	Warrior statue	Estátua de guerreiro
3225	PLAYERISLAND_FURNITUREITEM_STONE_VALOR_EMBLEM_GROUND_A	Small valorous stone sigil	Selo pequeno de pedra valente
3226	PLAYERISLAND_FURNITUREITEM_STONE_VALOR_EMBLEM_GROUND_B	Valorous stone sigil	Selo de pedra valente
3227	PLAYERISLAND_FURNITUREITEM_STONE_WELL_A	Stone well	Poço de pedra
3228	PLAYERISLAND_FURNITUREITEM_VEGETATION_TREE_DECO_A	Autumn tree	Árvore de outono
3229	PLAYERISLAND_FURNITUREITEM_VEGETATION_TREE_DECO_B	Summer tree	Árvore de verão
3230	PLAYERISLAND_FURNITUREITEM_VEGETATION_TREE_DECO_C	Spring tree	Árvore de primavera
3231	PLAYERISLAND_FURNITUREITEM_VEGETATION_TREE_DOMESTIC_A	Small fruit tree	Árvore frutífera pequena
3232	PLAYERISLAND_FURNITUREITEM_VEGETATION_TREE_DOMESTIC_B	Fruit tree	Árvore frutífera
3233	PLAYERISLAND_FURNITUREITEM_WOOD_BUNTING_A	Bunting portal	Portal de bandeirolas
3234	PLAYERISLAND_FURNITUREITEM_WOOD_FENCE_WATCHTOWER_A	Wooden watchtower	Torre de vigia de madeira
3235	PLAYERISLAND_FURNITUREITEM_WOOD_FLOOR_SIGN_A	Wooden sign	Placa de madeira
3236	PLAYERISLAND_FURNITUREITEM_WOOD_GATE_A	Wooden entrance	Entrada de madeira
3237	PLAYERISLAND_FURNITUREITEM_WOOD_GATE_BIG_B	Wooden gate	Portão de madeira
3238	PLAYERISLAND_FURNITUREITEM_WOOD_LAUNDRY_A	Clothes line	Varal de roupas
3239	PLAYERISLAND_FURNITUREITEM_WOOD_FISH_A	Fish line	Varal de peixes
3240	PLAYERISLAND_FURNITUREITEM_VEGETATION_FLOWER_A	Flower vase	Vaso de flores
3241	PLAYERISLAND_FURNITUREITEM_WOOD_LANTERN_A	Simple lantern	Lanterna simples
3242	PLAYERISLAND_FURNITUREITEM_WOOD_LANTERN_CORNER_A	Corner lantern	Lanterna de canto
3243	PLAYERISLAND_FURNITUREITEM_WOOD_CANDELABRA_A	Candelabra	Candelabro
3244	PLAYERISLAND_FURNITUREITEM_WOOD_BARREL_A	Barrel with candle	Barril com vela
3245	PLAYERISLAND_FURNITUREITEM_FARM_SCARECROW_A	Scarecrow	Espantalho
3246	PLAYERISLAND_FURNITUREITEM_FARM_FOODCONTAINER_SMALL	Barrel	Barril
3247	PLAYERISLAND_FURNITUREITEM_FARM_FOODCONTAINER_MEDIUM	Wheelbarrow	Carrinho de Mão
3248	PLAYERISLAND_FURNITUREITEM_FARM_FOODCONTAINER_LARGE	Crate	Caixote
3249	PLAYERISLAND_FURNITUREITEM_FARM_LATRINE_A	Latrine	Latrina
3250	PLAYERISLAND_FURNITUREITEM_FARM_WATERTOWER_A	Farm Tower	Torre de Fazenda
3251	PLAYERISLAND_FURNITUREITEM_FARM_BIRDHOUSE_A	Birdhouse	Casa de Pássaros
3252	PLAYERISLAND_FURNITUREITEM_FARM_DOG_HUT_A	Doghouse	Casa de Cachorro
3253	PLAYERISLAND_FURNITUREITEM_NOBLE_FOUNTAIN_A	Fountain of Decadence	Fonte da Decadência
3254	PLAYERISLAND_FURNITUREITEM_NOBLE_BENCH_A	Luxurious Stone Bench	Banco de Pedra Luxuoso
3255	PLAYERISLAND_FURNITUREITEM_NOBLE_STREET_LANTERN_A	Ornate Lantern	Lanterna Ornamentada
3256	PLAYERISLAND_FURNITUREITEM_NOBLE_HEDGE_A	Long Hedge	Cerca Viva Longa
3257	PLAYERISLAND_FURNITUREITEM_NOBLE_HEDGE_SMALL_A	Small Hedge	Cerca Viva Pequena
3258	PLAYERISLAND_FURNITUREITEM_NOBLE_HEDGE_RECTANGLE_A	Tall Hedge	Cerca Viva Alta
3259	PLAYERISLAND_FURNITUREITEM_NOBLE_HEDGE_PYRAMID_A	Pyramid Hedge	Cerca Viva Pirâmide
3260	PLAYERISLAND_FURNITUREITEM_NOBLE_HEDGE_SPHERE_A	Sphere Hedge	Cerca Viva Esférica
3261	PLAYERISLAND_FURNITUREITEM_NOBLE_STONE_PATH_A		
3262	PLAYERISLAND_FURNITUREITEM_NOBLE_STONE_PATH_PLATFORM_A		
3263	UNIQUE_FURNITUREITEM_MORGANA_TORCH_A	Flambeau (Disciples of Morgana)	Archote (Discípulas de Morgana)
3264	UNIQUE_FURNITUREITEM_MORGANA_TORCH_C@1	Raven Standard Flambeau (Disciples of Morgana)	Archote de Estandarte do Corvo (Discípulas de Morgana)
3265	UNIQUE_FURNITUREITEM_MORGANA_PENTAGRAM@3	Pentagram (Disciples of Morgana)	Pentagrama (Discípulas de Morgana)
3266	UNIQUE_FURNITUREITEM_MORGANA_FIREBOWL_B	Simple Brazier (Disciples of Morgana)	Braseiro Simples (Discípulas de Morgana)
3267	UNIQUE_FURNITUREITEM_MORGANA_FIREBOWL_C@1	Reinforced Brazier (Disciples of Morgana)	Braseiro Reforçado (Discípulas de Morgana)
3268	UNIQUE_FURNITUREITEM_MORGANA_CAMPFIRE_D@2	Cauldron (Disciples of Morgana)	Caldeirão (Discípulas de Morgana)
3269	UNIQUE_FURNITUREITEM_MORGANA_SACRIFICE_ALTAR_A	Raven Standard Shrine (Disciples of Morgana)	Santuário Estandarte do Corvo (Discípulas de Morgana)
3270	UNIQUE_FURNITUREITEM_MORGANA_SIEGE_BALLISTA_A@2	Siege Ballista (Disciples of Morgana)	Balista de Cerco (Discípula de Morgana)
3271	UNIQUE_FURNITUREITEM_MORGANA_STANDARD_A	Raven Standard (Disciples of Morgana)	Estandarte do Corvo (Discípulas de Morgana)
3272	UNIQUE_FURNITUREITEM_MORGANA_WEAPONCRATE_A@2	Army Crate (Disciples of Morgana)	Caixote Militar (Discípula de Morgana)
3273	UNIQUE_FURNITUREITEM_MORGANA_PRISON_CELL_C@3	Prisoner Cage (Disciples of Morgana)	Gaiola de Prisioneiro (Discípulas de Morgana)
3274	UNIQUE_FURNITUREITEM_MORGANA_TENT_A@3	Soldier's Tent (Disciples of Morgana)	Barraca do Soldado (Discípulas de Morgana)
3275	UNIQUE_FURNITUREITEM_MORGANA_STATUE_A	Morgana Cultist Statue	Estátua da Cultista de Morgana
3276	UNIQUE_FURNITUREITEM_MORGANA_ARCHWAY_A	Morgana Stone Archway	Arcada de Pedra de Morgana
3277	UNIQUE_FURNITUREITEM_MORGANA_CANDLESTAND_A	Morgana Candle Stand	Candelabro de Morgana
3278	UNIQUE_FURNITUREITEM_MORGANA_CARPET_A	Morgana Carpet	Tapete de Morgana
3279	UNIQUE_FURNITUREITEM_KEEPER_SYMBOL_A	Keeper Symbol	Símbolo dos Protetores
3280	UNIQUE_FURNITUREITEM_KEEPER_CANDLE_A	Keeper Ceremonial Candle	Vela Cerimonial dos Protetores
3281	UNIQUE_FURNITUREITEM_KEEPER_SHRINE_A	Keeper Shrine	Santuário dos Protetores
3282	UNIQUE_FURNITUREITEM_KEEPER_CAMP_FIRE_A	Keeper Campfire	Fogueira dos Protetores
3283	UNIQUE_FURNITUREITEM_KEEPER_ALTAR_A	Keeper Altar	Altar dos Protetores
3284	UNIQUE_FURNITUREITEM_KEEPER_FLAG_A	Keeper Flag	Bandeira dos Protetores
3285	UNIQUE_FURNITUREITEM_KEEPER_SYMBOL_OF_POWER_A	Keeper Symbol of Power	Símbolo de Poder dos Protetores
3286	UNIQUE_FURNITUREITEM_KEEPER_STAR_OF_POWER_A	Keeper Star of Power	Estrela do Poder dos Protetores
3287	UNIQUE_FURNITUREITEM_KEEPER_FIREBOWL	Keeper Fire Bowl	Tigela de Fogo do Protetor
3288	UNIQUE_FURNITUREITEM_KEEPER_CAULDRON	Keeper Cauldron	Caldeirão do Protetor
3289	UNIQUE_FURNITUREITEM_KEEPER_HEATER	Keeper Rock Fireplace	Lareira de Pedra do Protetor
3290	UNIQUE_FURNITUREITEM_HERETIC_FOOD_PILE	Heretic Food Stash	Guarda-comida dos Hereges
3291	UNIQUE_FURNITUREITEM_HERETIC_ANIMAL_CAGES	Heretic Animal Cages	Jaulas de Animais dos Hereges
3292	UNIQUE_FURNITUREITEM_HERETIC_WEAPON_RACK	Heretic Weapon Rack	Estante de Armas dos Hereges
3293	UNIQUE_FURNITUREITEM_HERETIC_TRAINING_DUMMY	Heretic Training Dummy	Boneco de Treinamento dos Hereges
3294	UNIQUE_FURNITUREITEM_HERETIC_PALLISADE	Heretic Palisade	Paliçada dos Hereges
3295	UNIQUE_FURNITUREITEM_HERETIC_GAME_TABLE	Heretic Game Table	Mesa de Jogo dos Hereges
3296	UNIQUE_FURNITUREITEM_HERETIC_FLAG	Heretic Flag	Bandeira dos Hereges
3297	UNIQUE_FURNITUREITEM_HERETIC_PLANNING_TABLE	Heretic Chief's Table	Mesa do Chefe dos Hereges
3298	UNIQUE_FURNITUREITEM_HERETIC_TENT	Heretic Tent	Barraca dos Hereges
3299	UNIQUE_FURNITUREITEM_ADC_GRIM_LANTERN	Grim Lantern	Lanterna Sombria
3300	UNIQUE_FURNITUREITEM_ADC_GRIM_HEADSTONE	Grim Gravestone	Lápide Sombria
3301	UNIQUE_FURNITUREITEM_ADC_GRIM_COFFIN	Empty Coffin	Caixão Vazio
3302	UNIQUE_FURNITUREITEM_ADC_GRAVE_A	Tomb of the Unknown	Túmulo do Desconhecido
3303	UNIQUE_FURNITUREITEM_ADC_GRAVE_B	Memorial of the Fallen	Memorial do Falecido
3304	UNIQUE_FURNITUREITEM_ADC_GRIM_WEEPINGWOMAN	Weeping Woman Statue	Estátua de Mulher em Prantos
3305	UNIQUE_FURNITUREITEM_XMAS_CANDY_BOOT		
3306	UNIQUE_FURNITUREITEM_XMAS_BRANCH_A	Yuletide Candle	Vela de Yule
3307	UNIQUE_FURNITUREITEM_XMAS_BRANCH_B	Yuletide Wreath	Guirlanda de Yule
3308	UNIQUE_FURNITUREITEM_XMAS_LANTERN	Yuletide Lantern	Lanterna de Yule
3309	UNIQUE_FURNITUREITEM_XMAS_PRESENT	Present Box	Caixa de Presente
3310	UNIQUE_FURNITUREITEM_XMAS_FILL_CITY_TREE_B	Small Decorated Pine Tree	Pinheiro Decorado Pequeno
3311	UNIQUE_FURNITUREITEM_XMAS_FILL_CITY_TREE_A	Decorated Pine Tree	Pinheiro Decorado
3312	UNIQUE_FURNITUREITEM_ADC_FROST_SNOWBALLSTACK_A		
3313	UNIQUE_FURNITUREITEM_ADC_FROST_SNOWMAN	Frost Snowman	Boneco de Neve Gelado
3314	UNIQUE_FURNITUREITEM_ADC_FROST_LANTERN_A		
3315	UNIQUE_FURNITUREITEM_ADC_ICESCULPTURE_A	Ice Sculpture: Bonecrusher Berserker	Escultura de Gelo: Berserker Quebra-ossos
3316	UNIQUE_FURNITUREITEM_ADC_ICESCULPTURE_B	Ice Sculpture: Cursed Archer	Escultura de Gelo: Arqueiro Amaldiçoado
3317	UNIQUE_FURNITUREITEM_ADC_ICESCULPTURE_C	Ice Sculpture: Obsessed Cultist	Escultura de Gelo: Cultista Obsessivo
3318	UNIQUE_FURNITUREITEM_ADC_FROST_IGLOO	Frost Igloo	Iglu Gelado
3319	UNIQUE_FURNITUREITEM_ADC_CARNIVAL_FIREWORK_A	Carnival Firework	Fogos de Artifício de Carnaval
3320	UNIQUE_FURNITUREITEM_ADC_CARNIVAL_ARCHWAY_A	Carnival Arch	Arco de Carnaval
3321	UNIQUE_FURNITUREITEM_ADC_CARNIVAL_MASK_CART	Carnival Costume Cart	Carro Alegórico de Carnaval
3322	UNIQUE_FURNITUREITEM_ADC_STATUE_MOUNTED_DIREWOLF_A	Wolf Rider Statue (L)	Estátua Lobo-vil Montado (E)
3323	UNIQUE_FURNITUREITEM_ADC_STATUE_MOUNTED_DIREWOLF_B	Wolf Rider Statue (R)	Estátua Lobo-vil Montado (D)
3324	UNIQUE_FURNITUREITEM_ADC_RUG_DIREBEAR	Direbear Rug	Tapete de Urso-vil
3325	UNIQUE_FURNITUREITEM_ADC_RUG_WOLF	Wolf Rug	Tapete de Lobo
3326	UNIQUE_FURNITUREITEM_KNIGHT_STATUE_A	Knight Statue	Estátua de Cavaleiro
3327	UNIQUE_FURNITUREITEM_KNIGHT_CARPET_A	Regal Carpet	Tapete Régio
3328	UNIQUE_FURNITUREITEM_KNIGHT_THRONE_A	Stone Throne	Trono de Pedra
3329	UNIQUE_FURNITUREITEM_KNIGHT_ROUNDTABLE_A	Round Table	Távola Redonda
3330	UNIQUE_FURNITUREITEM_ADC_STATUE_MAGE_A	Mage Statue	Estátua de Mago
3331	UNIQUE_FURNITUREITEM_ADC_HEALING_CIRCLE_A	Magic Rune Circle	Círculo de Runa Mágica
3332	UNIQUE_FURNITUREITEM_ADC_GLASS_SPHERE_A	Glass Sphere	Esfera de Vidro
3333	UNIQUE_FURNITUREITEM_HERETIC_BARREL_BURNING_A	Heretic Burning Barrel	Barril Flamejante Herege
3334	UNIQUE_FURNITUREITEM_HERETIC_LANTERN	Heretic Lantern	Lanterna Herege
3335	UNIQUE_FURNITUREITEM_HERETIC_JUNKPILE	Heretic Junkpile	Pilha de Lixo Herege
3336	UNIQUE_FURNITUREITEM_HERETIC_STOVE_A	Heretic Stove	Fogão do Herege
3337	UNIQUE_FURNITUREITEM_HERETICS_TOOL_BOARD_A	Heretic Toolboard	Quadro de Ferramentas do Herege
3338	UNIQUE_FURNITUREITEM_HERETIC_CONSTRUCT	Heretic Scarecrow	Espantalho Herege
3339	UNIQUE_FURNITUREITEM_ADC_HALLOWEEN_PUMPKIN_LANTERN_A	Scary Pumpkin Lantern	Lanterna de Abóbora Assustadora
3340	UNIQUE_FURNITUREITEM_ADC_HALLOWEEN_PUMPKIN_LANTERN_B	Friendly Pumpkin Lantern	Lanterna de Abóbora Amigável
3341	UNIQUE_FURNITUREITEM_ADC_HALLOWEEN_TREE_LANTERN_A	Halloween Lantern	Lanterna de Halloween
3342	UNIQUE_FURNITUREITEM_ADC_HALLOWEEN_CAULDRON_A	Halloween Cauldron	Caldeirão de Halloween
3343	UNIQUE_FURNITUREITEM_ADC_HALLOWEEN_SCARECROW_A	Halloween Scarecrow	Espantalho de Halloween
3344	UNIQUE_FURNITUREITEM_ADC_HALLOWEEN_SCARECROW_PYRE_A	Halloween Pyre	Pira de Halloween
3345	UNIQUE_FURNITUREITEM_OLD_OUTLAND_CARPET	Outlands Map Carpet	Carpete de Mapa das Terras Distantes
3346	UNIQUE_FURNITUREITEM_SEALED_CAERLEON_REALMGATE	Caerleon Realmgate	Portal dos Reinos de Caerleon
3347	UNIQUE_ALTAR_OF_CHEATING	Click the Pillar for various interactions.	Clique no Pilar para várias interações.
3348	UNIQUE_FURNITUREITEM_VICTORY_TROPHY	Skull of $craftedby	Caveira de $craftedby
3349	UNIQUE_INGREDIENT_ANCHOR_FOUNDER_LEGENDARY	Explorer's Anchor	Âncora do Explorador
3350	UNIQUE_FURNITUREITEM_FOUNDER_LOOKINGGLASS	Explorer's Spyglass	Troféu: Luneta do Explorador
3351	UNIQUE_FURNITUREITEM_FOUNDER_CERTIFICATE	Founder's Certificate	Troféu: Certificado de Fundador
3352	UNIQUE_FURNITUREITEM_FOUNDER_STATUE	Founder's Statue	Chapéu do Explorador
3353	UNIQUE_SHOES_RUBBERBANDING	Rubberband Boots	Botas de Borracha
3354	UNIQUE_HEAD_VANITY_FOUNDER_ASIA_CRYSTAL	Sea Captain's Hat	Chapéu do Capitão do Mar
3355	UNIQUE_ARMOR_VANITY_FOUNDER_ASIA_CRYSTAL	Sea Captain's Coat	Casaco do Capitão do Mar
3356	UNIQUE_SHOES_VANITY_FOUNDER_ASIA_CRYSTAL	Sea Captain's Boots	Botas do Capitão do Mar
3357	UNIQUE_CAPE_VANITY_FOUNDER_ASIA_CRYSTAL	Sea Captain's Spyglass	Luneta do Capitão do Mar
3358	SKIN_HORSE_FOUNDER_ASIA_CRYSTAL	Sea Captain's Horse	Cavalo do Capitão do Mar
3359	UNIQUE_UNLOCK_CAPE_VANITY_FOUNDER_ASIA_CRYSTAL	Wardrobe Skin: Sea Captain's Spyglass	Fantasia de Armário: Luneta do Capitão do Mar
3360	UNIQUE_UNLOCK_HEAD_VANITY_FOUNDER_ASIA_CRYSTAL	Wardrobe Skin: Sea Captain's Hat	Fantasia de Armário: Chapéu de Capitão do Mar
3361	UNIQUE_UNLOCK_ARMOR_VANITY_FOUNDER_ASIA_CRYSTAL	Wardrobe Skin: Sea Captain's Coat	Fantasia de Armário: Casaco de Capitão do Mar
3362	UNIQUE_UNLOCK_SHOES_VANITY_FOUNDER_ASIA_CRYSTAL	Wardrobe Skin: Sea Captain's Boots	Fantasia de Armário: Botas de Capitão do Mar
3363	UNIQUE_UNLOCK_SKIN_HORSE_FOUNDER_ASIA_CRYSTAL	Riding Horse Skin: Sea Captain's Horse	Fantasia de Cavalo de Montar: Cavalo do Capitão do Mar
3364	UNIQUE_FURNITUREITEM_ASIA_FOUNDER_CERTIFICATE_CRYSTAL	Crystal Founder's Certificate	Certificado do Fundador de Cristal
3365	UNIQUE_FURNITUREITEM_ASIA_FOUNDER_STATUE_CRYSTAL	Crystal Founder's Statue	Estátua do Fundador de Cristal
3366	UNIQUE_HEAD_VANITY_FOUNDER_ASIA_GOLD	Seafarer's Bandana	Bandana do Marítimo
3367	UNIQUE_ARMOR_VANITY_FOUNDER_ASIA_GOLD	Seafarer's Coat	Casaco do Marítimo
3368	UNIQUE_SHOES_VANITY_FOUNDER_ASIA_GOLD	Seafarer's Boots	Botas do Marítimo
3369	UNIQUE_CAPE_VANITY_FOUNDER_ASIA_GOLD	Seafarer's Harpoon	Arpão do Marítimo
3370	SKIN_HORSE_FOUNDER_ASIA_GOLD	Seafarer's Horse	Cavalo do Marítimo
3371	UNIQUE_UNLOCK_CAPE_VANITY_FOUNDER_ASIA_GOLD	Wardrobe Skin: Seafarer's Harpoon	Fantasia de Armário: Arpão do Marítimo
3372	UNIQUE_UNLOCK_HEAD_VANITY_FOUNDER_ASIA_GOLD	Wardrobe Skin: Seafarer's Bandana	Fantasia de Armário: Bandana do Marítimo
3373	UNIQUE_UNLOCK_ARMOR_VANITY_FOUNDER_ASIA_GOLD	Wardrobe Skin: Seafarer's Coat	Fantasia de Armário: Casaco do Marítimo
3374	UNIQUE_UNLOCK_SHOES_VANITY_FOUNDER_ASIA_GOLD	Wardrobe Skin: Seafarer's Boots	Fantasia de Armário: Botas do Marítimo
3375	UNIQUE_UNLOCK_SKIN_HORSE_FOUNDER_ASIA_GOLD	Riding Horse Skin: Seafarer's Horse	Fantasia de Cavalo de Montar: Cavalo do Marítimo
3376	UNIQUE_FURNITUREITEM_ASIA_FOUNDER_CERTIFICATE_GOLD	Gold Founder's Certificate	Certificado do Fundador de Ouro
3377	SKIN_HORSE_FOUNDER_ASIA_SILVER	Sailor's Horse	Cavalo do Marinheiro
3378	UNIQUE_UNLOCK_SKIN_HORSE_FOUNDER_ASIA_SILVER	Riding Horse Skin: Sailor's Horse	Fantasia de Cavalo de Montar: Cavalo do Marinheiro
3379	UNIQUE_FURNITUREITEM_ASIA_FOUNDER_CERTIFICATE_SILVER	Silver Founder's Certificate	Certificado do Fundador de Prata
3380	UNIQUE_FURNITUREITEM_ASIA_FOUNDER_CERTIFICATE_BRONZE	Bronze Founder's Certificate	Certificado do Fundador de Bronze
3381	UNIQUE_FURNITUREITEM_BETAREWARD_PVE_GOLD	Gold Monster Slayer Statue	Estátua de Ouro do Matador de Monstros
3382	UNIQUE_FURNITUREITEM_BETAREWARD_PVE_SILVER	Silver Monster Slayer Statue	Estátua de Prata do Matador de Monstros
3383	UNIQUE_FURNITUREITEM_BETAREWARD_PVE_BRONZE	Bronze Monster Slayer Statue	Estátua de Bronze do Matador de Monstros
3384	UNIQUE_FURNITUREITEM_BETAREWARD_GATHERING_GOLD	Gold Gathering Statue	Estátua de Ouro do Coletor
3385	UNIQUE_FURNITUREITEM_BETAREWARD_GATHERING_SILVER	Silver Gathering Statue	Estátua de Prata do Coletor
3386	UNIQUE_FURNITUREITEM_BETAREWARD_GATHERING_BRONZE	Bronze Gathering Statue	Estátua de Bronze do Coletor
3387	UNIQUE_FURNITUREITEM_BETAREWARD_SILVER_GOLD	Gold Trader Statue	Estátua do Coletor de Ouro
3388	UNIQUE_FURNITUREITEM_BETAREWARD_SILVER_SILVER	Silver Trader Statue	Estátua do Coletor de Prata
3389	UNIQUE_FURNITUREITEM_BETAREWARD_SILVER_BRONZE	Bronze Trader Statue	Estátua do Coletor de Bronze
3390	UNIQUE_HEAD_VANITY_WARRIOR_KING	Paragon's Crown	Coroa do Prodígio
3391	UNIQUE_ARMOR_VANITY_WARRIOR_KING	Paragon's Armor	Armadura do Prodígio
3392	UNIQUE_SHOES_VANITY_WARRIOR_KING	Paragon's Boots	Botas do Prodígio
3393	UNIQUE_CAPE_VANITY_WARRIOR_KING	Paragon's Sword and Cape	Espada e Capa do Prodígio
3394	SKIN_ARMORED_HORSE_PEGASUS_LIGHT	Armored Pegasus	Pégaso Couraçado
3395	UNIQUE_UNLOCK_HEAD_VANITY_WARRIOR_KING	Wardrobe Skin: Paragon's Crown	Fantasia de Armário: Coroa do Prodígio
3396	UNIQUE_UNLOCK_ARMOR_VANITY_WARRIOR_KING	Wardrobe Skin: Paragon's Armor	Fantasia de Armário: Armadura do Prodígio
3397	UNIQUE_UNLOCK_SHOES_VANITY_WARRIOR_KING	Wardrobe Skin: Paragon's Boots	Fantasia de Armário: Botas do Prodígio
3398	UNIQUE_UNLOCK_CAPE_VANITY_WARRIOR_KING	Wardrobe Skin: Paragon's Sword and Cape	Fantasia de Armário: Espada e Capa do Prodígio
3399	UNIQUE_UNLOCK_SKIN_ARMORED_HORSE_PEGASUS_LIGHT	Armored Horse Skin: Armored Pegasus	Fantasia de Cavalo Blindado: Pégaso Couraçado
3400	UNIQUE_HEAD_VANITY_WARRIOR_KNIGHT	Champion's Visage	Semblante do Campeão
3401	UNIQUE_ARMOR_VANITY_WARRIOR_KNIGHT	Champion's Armor	Armadura do Campeão
3402	UNIQUE_SHOES_VANITY_WARRIOR_KNIGHT	Champion's Boots	Botas do Campeão
3403	UNIQUE_CAPE_VANITY_WARRIOR_KNIGHT	Champion's Sword and Cape	Espada e Capa do Campeão
3404	UNIQUE_UNLOCK_HEAD_VANITY_WARRIOR_KNIGHT	Wardrobe Skin: Champion's Visage	Fantasia de Armário: Semblante do Campeão
3405	UNIQUE_UNLOCK_ARMOR_VANITY_WARRIOR_KNIGHT	Wardrobe Skin: Champion's Armor	Fantasia de Armário: Armadura do Campeão
3406	UNIQUE_UNLOCK_SHOES_VANITY_WARRIOR_KNIGHT	Wardrobe Skin: Champion's Boots	Fantasia de Armário: Botas do Campeão
3407	UNIQUE_UNLOCK_CAPE_VANITY_WARRIOR_KNIGHT	Wardrobe Skin: Champion's Sword and Cape	Fantasia de Armário: Espada e Capa do Campeão
3408	SKIN_HORSE_PEGASUS_LIGHT	Pegasus	Pégaso
3409	UNIQUE_UNLOCK_SKIN_HORSE_PEGASUS_LIGHT	Riding Horse Skin: Pegasus	Fantasia de Cavalo de Montar: Pégaso
3410	UNIQUE_HEAD_VANITY_DARK_SORCERER	Harbinger's Crown	Coroa do Precursor
3411	UNIQUE_ARMOR_VANITY_DARK_SORCERER	Harbinger's Robes	Robes do Precursor
3412	UNIQUE_SHOES_VANITY_DARK_SORCERER	Harbinger's Boots	Botas do Precursor
3413	UNIQUE_CAPE_VANITY_DARK_SORCERER	Harbinger's Staff and Cape	Cajado e Capa do Precursor
3414	SKIN_ARMORED_HORSE_PEGASUS_DARK	Armored Shadow Pegasus	Pégaso Sombrio Couraçado
3415	UNIQUE_UNLOCK_HEAD_VANITY_DARK_SORCERER	Wardrobe Skin: Harbinger's Crown	Fantasia de Armário: Coroa do Precursor
3416	UNIQUE_UNLOCK_ARMOR_VANITY_DARK_SORCERER	Wardrobe Skin: Harbinger's Robes	Fantasia de Armário: Robes do Precursor
3417	UNIQUE_UNLOCK_SHOES_VANITY_DARK_SORCERER	Wardrobe Skin: Harbinger's Boots	Fantasia de Armário: Botas do Precursor
3418	UNIQUE_UNLOCK_CAPE_VANITY_DARK_SORCERER	Wardrobe Skin: Harbinger's Staff and Cape	Fantasia de Armário: Cajado e Capa do Precursor
3419	UNIQUE_UNLOCK_SKIN_ARMORED_HORSE_PEGASUS_DARK	Armored Horse Skin: Armored Shadow Pegasus	Fantasia de Cavalo Blindado: Pégaso Sombrio Couraçado
3420	UNIQUE_HEAD_VANITY_DARK_NOVICE	Warlock's Circlet	Diadema do Bruxo
3421	UNIQUE_ARMOR_VANITY_DARK_NOVICE	Warlock's Robes	Robes do Bruxo
3422	UNIQUE_SHOES_VANITY_DARK_NOVICE	Warlock's Boots	Botas do Bruxo
3423	UNIQUE_CAPE_VANITY_DARK_NOVICE	Warlock's Staff and Cape	Cajado e Capa do Bruxo
3424	UNIQUE_UNLOCK_HEAD_VANITY_DARK_NOVICE	Wardrobe Skin: Warlock's Circlet	Fantasia de Armário: Diadema do Bruxo
3425	UNIQUE_UNLOCK_ARMOR_VANITY_DARK_NOVICE	Wardrobe Skin: Warlock's Robes	Fantasia de Armário: Robes do Bruxo
3426	UNIQUE_UNLOCK_SHOES_VANITY_DARK_NOVICE	Wardrobe Skin: Warlock's Boots	Fantasia de Armário: Botas do Bruxo
3427	UNIQUE_UNLOCK_CAPE_VANITY_DARK_NOVICE	Wardrobe Skin: Warlock's Staff and Cape	Fantasia de Armário: Cajado e Capa do Bruxo
3428	SKIN_HORSE_PEGASUS_DARK	Shadow Pegasus	Pégaso Sombrio
3429	UNIQUE_UNLOCK_SKIN_HORSE_PEGASUS_DARK	Riding Horse Skin: Shadow Pegasus	Fantasia de Cavalo de Montar: Pégaso Sombrio
3430	UNIQUE_FURNITUREITEM_LIGHT_FOUNDER_CERTIFICATE	Light Founder's Certificate	Certificado do Fundador Iluminado
3431	UNIQUE_FURNITUREITEM_DARK_FOUNDER_CERTIFICATE	Dark Founder's Certificate	Certificado do Fundador Sombrio
3432	UNIQUE_FURNITUREITEM_LIGHT_FOUNDER_STATUE	Light Founder's Statue	Estátua do Fundador Iluminado
3433	UNIQUE_FURNITUREITEM_DARK_FOUNDER_STATUE	Dark Founder's Statue	Estátua do Fundador Sombrio
3434	SKIN_ARMORED_HORSE_PEGASUS_TWILIGHT	Armored Goldmane Pegasus	Pégaso Crina Dourada Couraçado
3435	SKIN_HORSE_PEGASUS_TWILIGHT	Goldmane Pegasus	Pégaso Crina Dourada
3436	SKIN_COUGAR_JADE_GUARDIAN	Jade Guardian	Guardiã de Jade
3437	SKIN_HORSE_MONK_FIRE	Ember Mare	Égua Ardente
3438	SKIN_COUGAR_SHADOWCAT_ORANGE	Amberpaw	Pata de Âmbar
3439	UNIQUE_INTERNAL_HEAD_GAMEMASTER	Game Master's Hat	Chapéu de Mestre de Jogo
3440	UNIQUE_INTERNAL_ARMOR_GAMEMASTER	Game Master's Doublet	Gibão de Mestre de Jogo
3441	UNIQUE_INTERNAL_SHOES_GAMEMASTER	Game Master's Boots	Botas de Mestre de Jogo
3442	UNIQUE_INTERNAL_OFF_SCROLL_GAMEMASTER	Scroll of the Law	Pergaminho da Lei
3443	T2_HEAD_PLATE_SET1	Novice's Soldier Helmet	Elmo de Soldado do Novato
3444	T3_HEAD_PLATE_SET1	Journeyman's Soldier Helmet	Elmo de Soldado do Iniciante
3445	T4_HEAD_PLATE_SET1	Adept's Soldier Helmet	Elmo de Soldado do Adepto
3446	T4_HEAD_PLATE_SET1@1	Adept's Soldier Helmet	Elmo de Soldado do Adepto
3447	T4_HEAD_PLATE_SET1@2	Adept's Soldier Helmet	Elmo de Soldado do Adepto
3448	T4_HEAD_PLATE_SET1@3	Adept's Soldier Helmet	Elmo de Soldado do Adepto
3449	T4_HEAD_PLATE_SET1@4	Adept's Soldier Helmet	Elmo de Soldado do Adepto
3450	T5_HEAD_PLATE_SET1	Expert's Soldier Helmet	Elmo de Soldado do Perito
3451	T5_HEAD_PLATE_SET1@1	Expert's Soldier Helmet	Elmo de Soldado do Perito
3452	T5_HEAD_PLATE_SET1@2	Expert's Soldier Helmet	Elmo de Soldado do Perito
3453	T5_HEAD_PLATE_SET1@3	Expert's Soldier Helmet	Elmo de Soldado do Perito
3454	T5_HEAD_PLATE_SET1@4	Expert's Soldier Helmet	Elmo de Soldado do Perito
3455	T6_HEAD_PLATE_SET1	Master's Soldier Helmet	Elmo de Soldado do Mestre
3456	T6_HEAD_PLATE_SET1@1	Master's Soldier Helmet	Elmo de Soldado do Mestre
3457	T6_HEAD_PLATE_SET1@2	Master's Soldier Helmet	Elmo de Soldado do Mestre
3458	T6_HEAD_PLATE_SET1@3	Master's Soldier Helmet	Elmo de Soldado do Mestre
3459	T6_HEAD_PLATE_SET1@4	Master's Soldier Helmet	Elmo de Soldado do Mestre
3460	T7_HEAD_PLATE_SET1	Grandmaster's Soldier Helmet	Elmo de Soldado do Grão-mestre
3461	T7_HEAD_PLATE_SET1@1	Grandmaster's Soldier Helmet	Elmo de Soldado do Grão-mestre
3462	T7_HEAD_PLATE_SET1@2	Grandmaster's Soldier Helmet	Elmo de Soldado do Grão-mestre
3463	T7_HEAD_PLATE_SET1@3	Grandmaster's Soldier Helmet	Elmo de Soldado do Grão-mestre
3464	T7_HEAD_PLATE_SET1@4	Grandmaster's Soldier Helmet	Elmo de Soldado do Grão-mestre
3465	T8_HEAD_PLATE_SET1	Elder's Soldier Helmet	Elmo de Soldado do Ancião
3466	T8_HEAD_PLATE_SET1@1	Elder's Soldier Helmet	Elmo de Soldado do Ancião
3467	T8_HEAD_PLATE_SET1@2	Elder's Soldier Helmet	Elmo de Soldado do Ancião
3468	T8_HEAD_PLATE_SET1@3	Elder's Soldier Helmet	Elmo de Soldado do Ancião
3469	T8_HEAD_PLATE_SET1@4	Elder's Soldier Helmet	Elmo de Soldado do Ancião
3470	T2_ARMOR_PLATE_SET1	Novice's Soldier Armor	Armadura de Soldado do Novato
3471	T3_ARMOR_PLATE_SET1	Journeyman's Soldier Armor	Armadura de Soldado do Iniciante
3472	T4_ARMOR_PLATE_SET1	Adept's Soldier Armor	Armadura de Soldado do Adepto
3473	T4_ARMOR_PLATE_SET1@1	Adept's Soldier Armor	Armadura de Soldado do Adepto
3474	T4_ARMOR_PLATE_SET1@2	Adept's Soldier Armor	Armadura de Soldado do Adepto
3475	T4_ARMOR_PLATE_SET1@3	Adept's Soldier Armor	Armadura de Soldado do Adepto
3476	T4_ARMOR_PLATE_SET1@4	Adept's Soldier Armor	Armadura de Soldado do Adepto
3477	T5_ARMOR_PLATE_SET1	Expert's Soldier Armor	Armadura de Soldado do Perito
3478	T5_ARMOR_PLATE_SET1@1	Expert's Soldier Armor	Armadura de Soldado do Perito
3479	T5_ARMOR_PLATE_SET1@2	Expert's Soldier Armor	Armadura de Soldado do Perito
3480	T5_ARMOR_PLATE_SET1@3	Expert's Soldier Armor	Armadura de Soldado do Perito
3481	T5_ARMOR_PLATE_SET1@4	Expert's Soldier Armor	Armadura de Soldado do Perito
3482	T6_ARMOR_PLATE_SET1	Master's Soldier Armor	Armadura de Soldado do Mestre
3483	T6_ARMOR_PLATE_SET1@1	Master's Soldier Armor	Armadura de Soldado do Mestre
3484	T6_ARMOR_PLATE_SET1@2	Master's Soldier Armor	Armadura de Soldado do Mestre
3485	T6_ARMOR_PLATE_SET1@3	Master's Soldier Armor	Armadura de Soldado do Mestre
3486	T6_ARMOR_PLATE_SET1@4	Master's Soldier Armor	Armadura de Soldado do Mestre
3487	T7_ARMOR_PLATE_SET1	Grandmaster's Soldier Armor	Armadura de Soldado do Grão-mestre
3488	T7_ARMOR_PLATE_SET1@1	Grandmaster's Soldier Armor	Armadura de Soldado do Grão-mestre
3489	T7_ARMOR_PLATE_SET1@2	Grandmaster's Soldier Armor	Armadura de Soldado do Grão-mestre
3490	T7_ARMOR_PLATE_SET1@3	Grandmaster's Soldier Armor	Armadura de Soldado do Grão-mestre
3491	T7_ARMOR_PLATE_SET1@4	Grandmaster's Soldier Armor	Armadura de Soldado do Grão-mestre
3492	T8_ARMOR_PLATE_SET1	Elder's Soldier Armor	Armadura de Soldado do Ancião
3493	T8_ARMOR_PLATE_SET1@1	Elder's Soldier Armor	Armadura de Soldado do Ancião
3494	T8_ARMOR_PLATE_SET1@2	Elder's Soldier Armor	Armadura de Soldado do Ancião
3495	T8_ARMOR_PLATE_SET1@3	Elder's Soldier Armor	Armadura de Soldado do Ancião
3496	T8_ARMOR_PLATE_SET1@4	Elder's Soldier Armor	Armadura de Soldado do Ancião
3497	T2_SHOES_PLATE_SET1	Novice's Soldier Boots	Botas de Soldado do Novato
3498	T3_SHOES_PLATE_SET1	Journeyman's Soldier Boots	Botas de Soldado do Iniciante
3499	T4_SHOES_PLATE_SET1	Adept's Soldier Boots	Botas de Soldado do Adepto
3500	T4_SHOES_PLATE_SET1@1	Adept's Soldier Boots	Botas de Soldado do Adepto
3501	T4_SHOES_PLATE_SET1@2	Adept's Soldier Boots	Botas de Soldado do Adepto
3502	T4_SHOES_PLATE_SET1@3	Adept's Soldier Boots	Botas de Soldado do Adepto
3503	T4_SHOES_PLATE_SET1@4	Adept's Soldier Boots	Botas de Soldado do Adepto
3504	T5_SHOES_PLATE_SET1	Expert's Soldier Boots	Botas de Soldado do Perito
3505	T5_SHOES_PLATE_SET1@1	Expert's Soldier Boots	Botas de Soldado do Perito
3506	T5_SHOES_PLATE_SET1@2	Expert's Soldier Boots	Botas de Soldado do Perito
3507	T5_SHOES_PLATE_SET1@3	Expert's Soldier Boots	Botas de Soldado do Perito
3508	T5_SHOES_PLATE_SET1@4	Expert's Soldier Boots	Botas de Soldado do Perito
3509	T6_SHOES_PLATE_SET1	Master's Soldier Boots	Botas de Soldado do Mestre
3510	T6_SHOES_PLATE_SET1@1	Master's Soldier Boots	Botas de Soldado do Mestre
3511	T6_SHOES_PLATE_SET1@2	Master's Soldier Boots	Botas de Soldado do Mestre
3512	T6_SHOES_PLATE_SET1@3	Master's Soldier Boots	Botas de Soldado do Mestre
3513	T6_SHOES_PLATE_SET1@4	Master's Soldier Boots	Botas de Soldado do Mestre
3514	T7_SHOES_PLATE_SET1	Grandmaster's Soldier Boots	Botas de Soldado do Grão-mestre
3515	T7_SHOES_PLATE_SET1@1	Grandmaster's Soldier Boots	Botas de Soldado do Grão-mestre
3516	T7_SHOES_PLATE_SET1@2	Grandmaster's Soldier Boots	Botas de Soldado do Grão-mestre
3517	T7_SHOES_PLATE_SET1@3	Grandmaster's Soldier Boots	Botas de Soldado do Grão-mestre
3518	T7_SHOES_PLATE_SET1@4	Grandmaster's Soldier Boots	Botas de Soldado do Grão-mestre
3519	T8_SHOES_PLATE_SET1	Elder's Soldier Boots	Botas de Soldado do Ancião
3520	T8_SHOES_PLATE_SET1@1	Elder's Soldier Boots	Botas de Soldado do Ancião
3521	T8_SHOES_PLATE_SET1@2	Elder's Soldier Boots	Botas de Soldado do Ancião
3522	T8_SHOES_PLATE_SET1@3	Elder's Soldier Boots	Botas de Soldado do Ancião
3523	T8_SHOES_PLATE_SET1@4	Elder's Soldier Boots	Botas de Soldado do Ancião
3524	T4_HEAD_PLATE_SET2	Adept's Knight Helmet	Elmo de Cavaleiro do Adepto
3525	T4_HEAD_PLATE_SET2@1	Adept's Knight Helmet	Elmo de Cavaleiro do Adepto
3526	T4_HEAD_PLATE_SET2@2	Adept's Knight Helmet	Elmo de Cavaleiro do Adepto
3527	T4_HEAD_PLATE_SET2@3	Adept's Knight Helmet	Elmo de Cavaleiro do Adepto
3528	T4_HEAD_PLATE_SET2@4	Adept's Knight Helmet	Elmo de Cavaleiro do Adepto
3529	T5_HEAD_PLATE_SET2	Expert's Knight Helmet	Elmo de Cavaleiro do Perito
3530	T5_HEAD_PLATE_SET2@1	Expert's Knight Helmet	Elmo de Cavaleiro do Perito
3531	T5_HEAD_PLATE_SET2@2	Expert's Knight Helmet	Elmo de Cavaleiro do Perito
3532	T5_HEAD_PLATE_SET2@3	Expert's Knight Helmet	Elmo de Cavaleiro do Perito
3533	T5_HEAD_PLATE_SET2@4	Expert's Knight Helmet	Elmo de Cavaleiro do Perito
3534	T6_HEAD_PLATE_SET2	Master's Knight Helmet	Elmo de Cavaleiro do Mestre
3535	T6_HEAD_PLATE_SET2@1	Master's Knight Helmet	Elmo de Cavaleiro do Mestre
3536	T6_HEAD_PLATE_SET2@2	Master's Knight Helmet	Elmo de Cavaleiro do Mestre
3537	T6_HEAD_PLATE_SET2@3	Master's Knight Helmet	Elmo de Cavaleiro do Mestre
3538	T6_HEAD_PLATE_SET2@4	Master's Knight Helmet	Elmo de Cavaleiro do Mestre
3539	T7_HEAD_PLATE_SET2	Grandmaster's Knight Helmet	Elmo de Cavaleiro do Grão-mestre
3540	T7_HEAD_PLATE_SET2@1	Grandmaster's Knight Helmet	Elmo de Cavaleiro do Grão-mestre
3541	T7_HEAD_PLATE_SET2@2	Grandmaster's Knight Helmet	Elmo de Cavaleiro do Grão-mestre
3542	T7_HEAD_PLATE_SET2@3	Grandmaster's Knight Helmet	Elmo de Cavaleiro do Grão-mestre
3543	T7_HEAD_PLATE_SET2@4	Grandmaster's Knight Helmet	Elmo de Cavaleiro do Grão-mestre
3544	T8_HEAD_PLATE_SET2	Elder's Knight Helmet	Elmo de Cavaleiro do Ancião
3545	T8_HEAD_PLATE_SET2@1	Elder's Knight Helmet	Elmo de Cavaleiro do Ancião
3546	T8_HEAD_PLATE_SET2@2	Elder's Knight Helmet	Elmo de Cavaleiro do Ancião
3547	T8_HEAD_PLATE_SET2@3	Elder's Knight Helmet	Elmo de Cavaleiro do Ancião
3548	T8_HEAD_PLATE_SET2@4	Elder's Knight Helmet	Elmo de Cavaleiro do Ancião
3549	T4_ARMOR_PLATE_SET2	Adept's Knight Armor	Armadura de Cavaleiro do Adepto
3550	T4_ARMOR_PLATE_SET2@1	Adept's Knight Armor	Armadura de Cavaleiro do Adepto
3551	T4_ARMOR_PLATE_SET2@2	Adept's Knight Armor	Armadura de Cavaleiro do Adepto
3552	T4_ARMOR_PLATE_SET2@3	Adept's Knight Armor	Armadura de Cavaleiro do Adepto
3553	T4_ARMOR_PLATE_SET2@4	Adept's Knight Armor	Armadura de Cavaleiro do Adepto
3554	T5_ARMOR_PLATE_SET2	Expert's Knight Armor	Armadura de Cavaleiro do Perito
3555	T5_ARMOR_PLATE_SET2@1	Expert's Knight Armor	Armadura de Cavaleiro do Perito
3556	T5_ARMOR_PLATE_SET2@2	Expert's Knight Armor	Armadura de Cavaleiro do Perito
3557	T5_ARMOR_PLATE_SET2@3	Expert's Knight Armor	Armadura de Cavaleiro do Perito
3558	T5_ARMOR_PLATE_SET2@4	Expert's Knight Armor	Armadura de Cavaleiro do Perito
3559	T6_ARMOR_PLATE_SET2	Master's Knight Armor	Armadura de Cavaleiro do Mestre
3560	T6_ARMOR_PLATE_SET2@1	Master's Knight Armor	Armadura de Cavaleiro do Mestre
3561	T6_ARMOR_PLATE_SET2@2	Master's Knight Armor	Armadura de Cavaleiro do Mestre
3562	T6_ARMOR_PLATE_SET2@3	Master's Knight Armor	Armadura de Cavaleiro do Mestre
3563	T6_ARMOR_PLATE_SET2@4	Master's Knight Armor	Armadura de Cavaleiro do Mestre
3564	T7_ARMOR_PLATE_SET2	Grandmaster's Knight Armor	Armadura de Cavaleiro do Grão-mestre
3565	T7_ARMOR_PLATE_SET2@1	Grandmaster's Knight Armor	Armadura de Cavaleiro do Grão-mestre
3566	T7_ARMOR_PLATE_SET2@2	Grandmaster's Knight Armor	Armadura de Cavaleiro do Grão-mestre
3567	T7_ARMOR_PLATE_SET2@3	Grandmaster's Knight Armor	Armadura de Cavaleiro do Grão-mestre
3568	T7_ARMOR_PLATE_SET2@4	Grandmaster's Knight Armor	Armadura de Cavaleiro do Grão-mestre
3569	T8_ARMOR_PLATE_SET2	Elder's Knight Armor	Armadura de Cavaleiro do Ancião
3570	T8_ARMOR_PLATE_SET2@1	Elder's Knight Armor	Armadura de Cavaleiro do Ancião
3571	T8_ARMOR_PLATE_SET2@2	Elder's Knight Armor	Armadura de Cavaleiro do Ancião
3572	T8_ARMOR_PLATE_SET2@3	Elder's Knight Armor	Armadura de Cavaleiro do Ancião
3573	T8_ARMOR_PLATE_SET2@4	Elder's Knight Armor	Armadura de Cavaleiro do Ancião
3574	T4_SHOES_PLATE_SET2	Adept's Knight Boots	Botas de Cavaleiro do Adepto
3575	T4_SHOES_PLATE_SET2@1	Adept's Knight Boots	Botas de Cavaleiro do Adepto
3576	T4_SHOES_PLATE_SET2@2	Adept's Knight Boots	Botas de Cavaleiro do Adepto
3577	T4_SHOES_PLATE_SET2@3	Adept's Knight Boots	Botas de Cavaleiro do Adepto
3578	T4_SHOES_PLATE_SET2@4	Adept's Knight Boots	Botas de Cavaleiro do Adepto
3579	T5_SHOES_PLATE_SET2	Expert's Knight Boots	Botas de Cavaleiro do Perito
3580	T5_SHOES_PLATE_SET2@1	Expert's Knight Boots	Botas de Cavaleiro do Perito
3581	T5_SHOES_PLATE_SET2@2	Expert's Knight Boots	Botas de Cavaleiro do Perito
3582	T5_SHOES_PLATE_SET2@3	Expert's Knight Boots	Botas de Cavaleiro do Perito
3583	T5_SHOES_PLATE_SET2@4	Expert's Knight Boots	Botas de Cavaleiro do Perito
3584	T6_SHOES_PLATE_SET2	Master's Knight Boots	Botas de Cavaleiro do Mestre
3585	T6_SHOES_PLATE_SET2@1	Master's Knight Boots	Botas de Cavaleiro do Mestre
3586	T6_SHOES_PLATE_SET2@2	Master's Knight Boots	Botas de Cavaleiro do Mestre
3587	T6_SHOES_PLATE_SET2@3	Master's Knight Boots	Botas de Cavaleiro do Mestre
3588	T6_SHOES_PLATE_SET2@4	Master's Knight Boots	Botas de Cavaleiro do Mestre
3589	T7_SHOES_PLATE_SET2	Grandmaster's Knight Boots	Botas de Cavaleiro do Grão-mestre
3590	T7_SHOES_PLATE_SET2@1	Grandmaster's Knight Boots	Botas de Cavaleiro do Grão-mestre
3591	T7_SHOES_PLATE_SET2@2	Grandmaster's Knight Boots	Botas de Cavaleiro do Grão-mestre
3592	T7_SHOES_PLATE_SET2@3	Grandmaster's Knight Boots	Botas de Cavaleiro do Grão-mestre
3593	T7_SHOES_PLATE_SET2@4	Grandmaster's Knight Boots	Botas de Cavaleiro do Grão-mestre
3594	T8_SHOES_PLATE_SET2	Elder's Knight Boots	Botas de Cavaleiro do Ancião
3595	T8_SHOES_PLATE_SET2@1	Elder's Knight Boots	Botas de Cavaleiro do Ancião
3596	T8_SHOES_PLATE_SET2@2	Elder's Knight Boots	Botas de Cavaleiro do Ancião
3597	T8_SHOES_PLATE_SET2@3	Elder's Knight Boots	Botas de Cavaleiro do Ancião
3598	T8_SHOES_PLATE_SET2@4	Elder's Knight Boots	Botas de Cavaleiro do Ancião
3599	T4_HEAD_PLATE_SET3	Adept's Guardian Helmet	Elmo de Guardião do Adepto
3600	T4_HEAD_PLATE_SET3@1	Adept's Guardian Helmet	Elmo de Guardião do Adepto
3601	T4_HEAD_PLATE_SET3@2	Adept's Guardian Helmet	Elmo de Guardião do Adepto
3602	T4_HEAD_PLATE_SET3@3	Adept's Guardian Helmet	Elmo de Guardião do Adepto
3603	T4_HEAD_PLATE_SET3@4	Adept's Guardian Helmet	Elmo de Guardião do Adepto
3604	T5_HEAD_PLATE_SET3	Expert's Guardian Helmet	Elmo de Guardião do Perito
3605	T5_HEAD_PLATE_SET3@1	Expert's Guardian Helmet	Elmo de Guardião do Perito
3606	T5_HEAD_PLATE_SET3@2	Expert's Guardian Helmet	Elmo de Guardião do Perito
3607	T5_HEAD_PLATE_SET3@3	Expert's Guardian Helmet	Elmo de Guardião do Perito
3608	T5_HEAD_PLATE_SET3@4	Expert's Guardian Helmet	Elmo de Guardião do Perito
3609	T6_HEAD_PLATE_SET3	Master's Guardian Helmet	Elmo de Guardião do Mestre
3610	T6_HEAD_PLATE_SET3@1	Master's Guardian Helmet	Elmo de Guardião do Mestre
3611	T6_HEAD_PLATE_SET3@2	Master's Guardian Helmet	Elmo de Guardião do Mestre
3612	T6_HEAD_PLATE_SET3@3	Master's Guardian Helmet	Elmo de Guardião do Mestre
3613	T6_HEAD_PLATE_SET3@4	Master's Guardian Helmet	Elmo de Guardião do Mestre
3614	T7_HEAD_PLATE_SET3	Grandmaster's Guardian Helmet	Elmo de Guardião do Grão-mestre
3615	T7_HEAD_PLATE_SET3@1	Grandmaster's Guardian Helmet	Elmo de Guardião do Grão-mestre
3616	T7_HEAD_PLATE_SET3@2	Grandmaster's Guardian Helmet	Elmo de Guardião do Grão-mestre
3617	T7_HEAD_PLATE_SET3@3	Grandmaster's Guardian Helmet	Elmo de Guardião do Grão-mestre
3618	T7_HEAD_PLATE_SET3@4	Grandmaster's Guardian Helmet	Elmo de Guardião do Grão-mestre
3619	T8_HEAD_PLATE_SET3	Elder's Guardian Helmet	Elmo de Guardião do Ancião
3620	T8_HEAD_PLATE_SET3@1	Elder's Guardian Helmet	Elmo de Guardião do Ancião
3621	T8_HEAD_PLATE_SET3@2	Elder's Guardian Helmet	Elmo de Guardião do Ancião
3622	T8_HEAD_PLATE_SET3@3	Elder's Guardian Helmet	Elmo de Guardião do Ancião
3623	T8_HEAD_PLATE_SET3@4	Elder's Guardian Helmet	Elmo de Guardião do Ancião
3624	T4_ARMOR_PLATE_SET3	Adept's Guardian Armor	Armadura de Guardião do Adepto
3625	T4_ARMOR_PLATE_SET3@1	Adept's Guardian Armor	Armadura de Guardião do Adepto
3626	T4_ARMOR_PLATE_SET3@2	Adept's Guardian Armor	Armadura de Guardião do Adepto
3627	T4_ARMOR_PLATE_SET3@3	Adept's Guardian Armor	Armadura de Guardião do Adepto
3628	T4_ARMOR_PLATE_SET3@4	Adept's Guardian Armor	Armadura de Guardião do Adepto
3629	T5_ARMOR_PLATE_SET3	Expert's Guardian Armor	Armadura de Guardião do Perito
3630	T5_ARMOR_PLATE_SET3@1	Expert's Guardian Armor	Armadura de Guardião do Perito
3631	T5_ARMOR_PLATE_SET3@2	Expert's Guardian Armor	Armadura de Guardião do Perito
3632	T5_ARMOR_PLATE_SET3@3	Expert's Guardian Armor	Armadura de Guardião do Perito
3633	T5_ARMOR_PLATE_SET3@4	Expert's Guardian Armor	Armadura de Guardião do Perito
3634	T6_ARMOR_PLATE_SET3	Master's Guardian Armor	Armadura de Guardião do Mestre
3635	T6_ARMOR_PLATE_SET3@1	Master's Guardian Armor	Armadura de Guardião do Mestre
3636	T6_ARMOR_PLATE_SET3@2	Master's Guardian Armor	Armadura de Guardião do Mestre
3637	T6_ARMOR_PLATE_SET3@3	Master's Guardian Armor	Armadura de Guardião do Mestre
3638	T6_ARMOR_PLATE_SET3@4	Master's Guardian Armor	Armadura de Guardião do Mestre
3639	T7_ARMOR_PLATE_SET3	Grandmaster's Guardian Armor	Armadura de Guardião do Grão-mestre
3640	T7_ARMOR_PLATE_SET3@1	Grandmaster's Guardian Armor	Armadura de Guardião do Grão-mestre
3641	T7_ARMOR_PLATE_SET3@2	Grandmaster's Guardian Armor	Armadura de Guardião do Grão-mestre
3642	T7_ARMOR_PLATE_SET3@3	Grandmaster's Guardian Armor	Armadura de Guardião do Grão-mestre
3643	T7_ARMOR_PLATE_SET3@4	Grandmaster's Guardian Armor	Armadura de Guardião do Grão-mestre
3644	T8_ARMOR_PLATE_SET3	Elder's Guardian Armor	Armadura de Guardião do Ancião
3645	T8_ARMOR_PLATE_SET3@1	Elder's Guardian Armor	Armadura de Guardião do Ancião
3646	T8_ARMOR_PLATE_SET3@2	Elder's Guardian Armor	Armadura de Guardião do Ancião
3647	T8_ARMOR_PLATE_SET3@3	Elder's Guardian Armor	Armadura de Guardião do Ancião
3648	T8_ARMOR_PLATE_SET3@4	Elder's Guardian Armor	Armadura de Guardião do Ancião
3649	T4_SHOES_PLATE_SET3	Adept's Guardian Boots	Botas de Guardião do Adepto
3650	T4_SHOES_PLATE_SET3@1	Adept's Guardian Boots	Botas de Guardião do Adepto
3651	T4_SHOES_PLATE_SET3@2	Adept's Guardian Boots	Botas de Guardião do Adepto
3652	T4_SHOES_PLATE_SET3@3	Adept's Guardian Boots	Botas de Guardião do Adepto
3653	T4_SHOES_PLATE_SET3@4	Adept's Guardian Boots	Botas de Guardião do Adepto
3654	T5_SHOES_PLATE_SET3	Expert's Guardian Boots	Botas de Guardião do Perito
3655	T5_SHOES_PLATE_SET3@1	Expert's Guardian Boots	Botas de Guardião do Perito
3656	T5_SHOES_PLATE_SET3@2	Expert's Guardian Boots	Botas de Guardião do Perito
3657	T5_SHOES_PLATE_SET3@3	Expert's Guardian Boots	Botas de Guardião do Perito
3658	T5_SHOES_PLATE_SET3@4	Expert's Guardian Boots	Botas de Guardião do Perito
3659	T6_SHOES_PLATE_SET3	Master's Guardian Boots	Botas de Guardião do Mestre
3660	T6_SHOES_PLATE_SET3@1	Master's Guardian Boots	Botas de Guardião do Mestre
3661	T6_SHOES_PLATE_SET3@2	Master's Guardian Boots	Botas de Guardião do Mestre
3662	T6_SHOES_PLATE_SET3@3	Master's Guardian Boots	Botas de Guardião do Mestre
3663	T6_SHOES_PLATE_SET3@4	Master's Guardian Boots	Botas de Guardião do Mestre
3664	T7_SHOES_PLATE_SET3	Grandmaster's Guardian Boots	Botas de Guardião do Grão-mestre
3665	T7_SHOES_PLATE_SET3@1	Grandmaster's Guardian Boots	Botas de Guardião do Grão-mestre
3666	T7_SHOES_PLATE_SET3@2	Grandmaster's Guardian Boots	Botas de Guardião do Grão-mestre
3667	T7_SHOES_PLATE_SET3@3	Grandmaster's Guardian Boots	Botas de Guardião do Grão-mestre
3668	T7_SHOES_PLATE_SET3@4	Grandmaster's Guardian Boots	Botas de Guardião do Grão-mestre
3669	T8_SHOES_PLATE_SET3	Elder's Guardian Boots	Botas de Guardião do Ancião
3670	T8_SHOES_PLATE_SET3@1	Elder's Guardian Boots	Botas de Guardião do Ancião
3671	T8_SHOES_PLATE_SET3@2	Elder's Guardian Boots	Botas de Guardião do Ancião
3672	T8_SHOES_PLATE_SET3@3	Elder's Guardian Boots	Botas de Guardião do Ancião
3673	T8_SHOES_PLATE_SET3@4	Elder's Guardian Boots	Botas de Guardião do Ancião
3674	T4_HEAD_PLATE_UNDEAD	Adept's Graveguard Helmet	Elmo de Guarda-tumbas do Adepto
3675	T4_HEAD_PLATE_UNDEAD@1	Adept's Graveguard Helmet	Elmo de Guarda-tumbas do Adepto
3676	T4_HEAD_PLATE_UNDEAD@2	Adept's Graveguard Helmet	Elmo de Guarda-tumbas do Adepto
3677	T4_HEAD_PLATE_UNDEAD@3	Adept's Graveguard Helmet	Elmo de Guarda-tumbas do Adepto
3678	T4_HEAD_PLATE_UNDEAD@4	Adept's Graveguard Helmet	Elmo de Guarda-tumbas do Adepto
3679	T5_HEAD_PLATE_UNDEAD	Expert's Graveguard Helmet	Elmo de Guarda-tumbas do Perito
3680	T5_HEAD_PLATE_UNDEAD@1	Expert's Graveguard Helmet	Elmo de Guarda-tumbas do Perito
3681	T5_HEAD_PLATE_UNDEAD@2	Expert's Graveguard Helmet	Elmo de Guarda-tumbas do Perito
3682	T5_HEAD_PLATE_UNDEAD@3	Expert's Graveguard Helmet	Elmo de Guarda-tumbas do Perito
3683	T5_HEAD_PLATE_UNDEAD@4	Expert's Graveguard Helmet	Elmo de Guarda-tumbas do Perito
3684	T6_HEAD_PLATE_UNDEAD	Master's Graveguard Helmet	Elmo de Guarda-tumbas do Mestre
3685	T6_HEAD_PLATE_UNDEAD@1	Master's Graveguard Helmet	Elmo de Guarda-tumbas do Mestre
3686	T6_HEAD_PLATE_UNDEAD@2	Master's Graveguard Helmet	Elmo de Guarda-tumbas do Mestre
3687	T6_HEAD_PLATE_UNDEAD@3	Master's Graveguard Helmet	Elmo de Guarda-tumbas do Mestre
3688	T6_HEAD_PLATE_UNDEAD@4	Master's Graveguard Helmet	Elmo de Guarda-tumbas do Mestre
3689	T7_HEAD_PLATE_UNDEAD	Grandmaster's Graveguard Helmet	Elmo de Guarda-tumbas do Grão-mestre
3690	T7_HEAD_PLATE_UNDEAD@1	Grandmaster's Graveguard Helmet	Elmo de Guarda-tumbas do Grão-mestre
3691	T7_HEAD_PLATE_UNDEAD@2	Grandmaster's Graveguard Helmet	Elmo de Guarda-tumbas do Grão-mestre
3692	T7_HEAD_PLATE_UNDEAD@3	Grandmaster's Graveguard Helmet	Elmo de Guarda-tumbas do Grão-mestre
3693	T7_HEAD_PLATE_UNDEAD@4	Grandmaster's Graveguard Helmet	Elmo de Guarda-tumbas do Grão-mestre
3694	T8_HEAD_PLATE_UNDEAD	Elder's Graveguard Helmet	Elmo de Guarda-tumbas do Ancião
3695	T8_HEAD_PLATE_UNDEAD@1	Elder's Graveguard Helmet	Elmo de Guarda-tumbas do Ancião
3696	T8_HEAD_PLATE_UNDEAD@2	Elder's Graveguard Helmet	Elmo de Guarda-tumbas do Ancião
3697	T8_HEAD_PLATE_UNDEAD@3	Elder's Graveguard Helmet	Elmo de Guarda-tumbas do Ancião
3698	T8_HEAD_PLATE_UNDEAD@4	Elder's Graveguard Helmet	Elmo de Guarda-tumbas do Ancião
3699	T4_ARMOR_PLATE_UNDEAD	Adept's Graveguard Armor	Armadura de Guarda-tumbas do Adepto
3700	T4_ARMOR_PLATE_UNDEAD@1	Adept's Graveguard Armor	Armadura de Guarda-tumbas do Adepto
3701	T4_ARMOR_PLATE_UNDEAD@2	Adept's Graveguard Armor	Armadura de Guarda-tumbas do Adepto
3702	T4_ARMOR_PLATE_UNDEAD@3	Adept's Graveguard Armor	Armadura de Guarda-tumbas do Adepto
3703	T4_ARMOR_PLATE_UNDEAD@4	Adept's Graveguard Armor	Armadura de Guarda-tumbas do Adepto
3704	T5_ARMOR_PLATE_UNDEAD	Expert's Graveguard Armor	Armadura de Guarda-tumbas do Perito
3705	T5_ARMOR_PLATE_UNDEAD@1	Expert's Graveguard Armor	Armadura de Guarda-tumbas do Perito
3706	T5_ARMOR_PLATE_UNDEAD@2	Expert's Graveguard Armor	Armadura de Guarda-tumbas do Perito
3707	T5_ARMOR_PLATE_UNDEAD@3	Expert's Graveguard Armor	Armadura de Guarda-tumbas do Perito
3708	T5_ARMOR_PLATE_UNDEAD@4	Expert's Graveguard Armor	Armadura de Guarda-tumbas do Perito
3709	T6_ARMOR_PLATE_UNDEAD	Master's Graveguard Armor	Armadura de Guarda-tumbas do Mestre
3710	T6_ARMOR_PLATE_UNDEAD@1	Master's Graveguard Armor	Armadura de Guarda-tumbas do Mestre
3711	T6_ARMOR_PLATE_UNDEAD@2	Master's Graveguard Armor	Armadura de Guarda-tumbas do Mestre
3712	T6_ARMOR_PLATE_UNDEAD@3	Master's Graveguard Armor	Armadura de Guarda-tumbas do Mestre
3713	T6_ARMOR_PLATE_UNDEAD@4	Master's Graveguard Armor	Armadura de Guarda-tumbas do Mestre
3714	T7_ARMOR_PLATE_UNDEAD	Grandmaster's Graveguard Armor	Armadura de Guarda-tumbas do Grão-mestre
3715	T7_ARMOR_PLATE_UNDEAD@1	Grandmaster's Graveguard Armor	Armadura de Guarda-tumbas do Grão-mestre
3716	T7_ARMOR_PLATE_UNDEAD@2	Grandmaster's Graveguard Armor	Armadura de Guarda-tumbas do Grão-mestre
3717	T7_ARMOR_PLATE_UNDEAD@3	Grandmaster's Graveguard Armor	Armadura de Guarda-tumbas do Grão-mestre
3718	T7_ARMOR_PLATE_UNDEAD@4	Grandmaster's Graveguard Armor	Armadura de Guarda-tumbas do Grão-mestre
3719	T8_ARMOR_PLATE_UNDEAD	Elder's Graveguard Armor	Armadura de Guarda-tumbas do Ancião
3720	T8_ARMOR_PLATE_UNDEAD@1	Elder's Graveguard Armor	Armadura de Guarda-tumbas do Ancião
3721	T8_ARMOR_PLATE_UNDEAD@2	Elder's Graveguard Armor	Armadura de Guarda-tumbas do Ancião
3722	T8_ARMOR_PLATE_UNDEAD@3	Elder's Graveguard Armor	Armadura de Guarda-tumbas do Ancião
3723	T8_ARMOR_PLATE_UNDEAD@4	Elder's Graveguard Armor	Armadura de Guarda-tumbas do Ancião
3724	T4_SHOES_PLATE_UNDEAD	Adept's Graveguard Boots	Botas de Guarda-tumbas do Adepto
3725	T4_SHOES_PLATE_UNDEAD@1	Adept's Graveguard Boots	Botas de Guarda-tumbas do Adepto
3726	T4_SHOES_PLATE_UNDEAD@2	Adept's Graveguard Boots	Botas de Guarda-tumbas do Adepto
3727	T4_SHOES_PLATE_UNDEAD@3	Adept's Graveguard Boots	Botas de Guarda-tumbas do Adepto
3728	T4_SHOES_PLATE_UNDEAD@4	Adept's Graveguard Boots	Botas de Guarda-tumbas do Adepto
3729	T5_SHOES_PLATE_UNDEAD	Expert's Graveguard Boots	Botas de Guarda-tumbas do Perito
3730	T5_SHOES_PLATE_UNDEAD@1	Expert's Graveguard Boots	Botas de Guarda-tumbas do Perito
3731	T5_SHOES_PLATE_UNDEAD@2	Expert's Graveguard Boots	Botas de Guarda-tumbas do Perito
3732	T5_SHOES_PLATE_UNDEAD@3	Expert's Graveguard Boots	Botas de Guarda-tumbas do Perito
3733	T5_SHOES_PLATE_UNDEAD@4	Expert's Graveguard Boots	Botas de Guarda-tumbas do Perito
3734	T6_SHOES_PLATE_UNDEAD	Master's Graveguard Boots	Botas de Guarda-tumbas do Mestre
3735	T6_SHOES_PLATE_UNDEAD@1	Master's Graveguard Boots	Botas de Guarda-tumbas do Mestre
3736	T6_SHOES_PLATE_UNDEAD@2	Master's Graveguard Boots	Botas de Guarda-tumbas do Mestre
3737	T6_SHOES_PLATE_UNDEAD@3	Master's Graveguard Boots	Botas de Guarda-tumbas do Mestre
3738	T6_SHOES_PLATE_UNDEAD@4	Master's Graveguard Boots	Botas de Guarda-tumbas do Mestre
3739	T7_SHOES_PLATE_UNDEAD	Grandmaster's Graveguard Boots	Botas de Guarda-tumbas do Grão-mestre
3740	T7_SHOES_PLATE_UNDEAD@1	Grandmaster's Graveguard Boots	Botas de Guarda-tumbas do Grão-mestre
3741	T7_SHOES_PLATE_UNDEAD@2	Grandmaster's Graveguard Boots	Botas de Guarda-tumbas do Grão-mestre
3742	T7_SHOES_PLATE_UNDEAD@3	Grandmaster's Graveguard Boots	Botas de Guarda-tumbas do Grão-mestre
3743	T7_SHOES_PLATE_UNDEAD@4	Grandmaster's Graveguard Boots	Botas de Guarda-tumbas do Grão-mestre
3744	T8_SHOES_PLATE_UNDEAD	Elder's Graveguard Boots	Botas de Guarda-tumbas do Ancião
3745	T8_SHOES_PLATE_UNDEAD@1	Elder's Graveguard Boots	Botas de Guarda-tumbas do Ancião
3746	T8_SHOES_PLATE_UNDEAD@2	Elder's Graveguard Boots	Botas de Guarda-tumbas do Ancião
3747	T8_SHOES_PLATE_UNDEAD@3	Elder's Graveguard Boots	Botas de Guarda-tumbas do Ancião
3748	T8_SHOES_PLATE_UNDEAD@4	Elder's Graveguard Boots	Botas de Guarda-tumbas do Ancião
3749	T4_HEAD_PLATE_HELL	Adept's Demon Helmet	Elmo Demônio do Adepto
3750	T4_HEAD_PLATE_HELL@1	Adept's Demon Helmet	Elmo Demônio do Adepto
3751	T4_HEAD_PLATE_HELL@2	Adept's Demon Helmet	Elmo Demônio do Adepto
3752	T4_HEAD_PLATE_HELL@3	Adept's Demon Helmet	Elmo Demônio do Adepto
3753	T4_HEAD_PLATE_HELL@4	Adept's Demon Helmet	Elmo Demônio do Adepto
3754	T5_HEAD_PLATE_HELL	Expert's Demon Helmet	Elmo Demônio do Perito
3755	T5_HEAD_PLATE_HELL@1	Expert's Demon Helmet	Elmo Demônio do Perito
3756	T5_HEAD_PLATE_HELL@2	Expert's Demon Helmet	Elmo Demônio do Perito
3757	T5_HEAD_PLATE_HELL@3	Expert's Demon Helmet	Elmo Demônio do Perito
3758	T5_HEAD_PLATE_HELL@4	Expert's Demon Helmet	Elmo Demônio do Perito
3759	T6_HEAD_PLATE_HELL	Master's Demon Helmet	Elmo Demônio do Mestre
3760	T6_HEAD_PLATE_HELL@1	Master's Demon Helmet	Elmo Demônio do Mestre
3761	T6_HEAD_PLATE_HELL@2	Master's Demon Helmet	Elmo Demônio do Mestre
3762	T6_HEAD_PLATE_HELL@3	Master's Demon Helmet	Elmo Demônio do Mestre
3763	T6_HEAD_PLATE_HELL@4	Master's Demon Helmet	Elmo Demônio do Mestre
3764	T7_HEAD_PLATE_HELL	Grandmaster's Demon Helmet	Elmo Demônio do Grão-mestre
3765	T7_HEAD_PLATE_HELL@1	Grandmaster's Demon Helmet	Elmo Demônio do Grão-mestre
3766	T7_HEAD_PLATE_HELL@2	Grandmaster's Demon Helmet	Elmo Demônio do Grão-mestre
3767	T7_HEAD_PLATE_HELL@3	Grandmaster's Demon Helmet	Elmo Demônio do Grão-mestre
3768	T7_HEAD_PLATE_HELL@4	Grandmaster's Demon Helmet	Elmo Demônio do Grão-mestre
3769	T8_HEAD_PLATE_HELL	Elder's Demon Helmet	Elmo Demônio do Ancião
3770	T8_HEAD_PLATE_HELL@1	Elder's Demon Helmet	Elmo Demônio do Ancião
3771	T8_HEAD_PLATE_HELL@2	Elder's Demon Helmet	Elmo Demônio do Ancião
3772	T8_HEAD_PLATE_HELL@3	Elder's Demon Helmet	Elmo Demônio do Ancião
3773	T8_HEAD_PLATE_HELL@4	Elder's Demon Helmet	Elmo Demônio do Ancião
3774	T4_ARMOR_PLATE_HELL	Adept's Demon Armor	Armadura Demônia do Adepto
3775	T4_ARMOR_PLATE_HELL@1	Adept's Demon Armor	Armadura Demônia do Adepto
3776	T4_ARMOR_PLATE_HELL@2	Adept's Demon Armor	Armadura Demônia do Adepto
3777	T4_ARMOR_PLATE_HELL@3	Adept's Demon Armor	Armadura Demônia do Adepto
3778	T4_ARMOR_PLATE_HELL@4	Adept's Demon Armor	Armadura Demônia do Adepto
3779	T5_ARMOR_PLATE_HELL	Expert's Demon Armor	Armadura Demônia do Perito
3780	T5_ARMOR_PLATE_HELL@1	Expert's Demon Armor	Armadura Demônia do Perito
3781	T5_ARMOR_PLATE_HELL@2	Expert's Demon Armor	Armadura Demônia do Perito
3782	T5_ARMOR_PLATE_HELL@3	Expert's Demon Armor	Armadura Demônia do Perito
3783	T5_ARMOR_PLATE_HELL@4	Expert's Demon Armor	Armadura Demônia do Perito
3784	T6_ARMOR_PLATE_HELL	Master's Demon Armor	Armadura Demônia do Mestre
3785	T6_ARMOR_PLATE_HELL@1	Master's Demon Armor	Armadura Demônia do Mestre
3786	T6_ARMOR_PLATE_HELL@2	Master's Demon Armor	Armadura Demônia do Mestre
3787	T6_ARMOR_PLATE_HELL@3	Master's Demon Armor	Armadura Demônia do Mestre
3788	T6_ARMOR_PLATE_HELL@4	Master's Demon Armor	Armadura Demônia do Mestre
3789	T7_ARMOR_PLATE_HELL	Grandmaster's Demon Armor	Armadura Demônia do Grão-mestre
3790	T7_ARMOR_PLATE_HELL@1	Grandmaster's Demon Armor	Armadura Demônia do Grão-mestre
3791	T7_ARMOR_PLATE_HELL@2	Grandmaster's Demon Armor	Armadura Demônia do Grão-mestre
3792	T7_ARMOR_PLATE_HELL@3	Grandmaster's Demon Armor	Armadura Demônia do Grão-mestre
3793	T7_ARMOR_PLATE_HELL@4	Grandmaster's Demon Armor	Armadura Demônia do Grão-mestre
3794	T8_ARMOR_PLATE_HELL	Elder's Demon Armor	Armadura Demônia do Ancião
3795	T8_ARMOR_PLATE_HELL@1	Elder's Demon Armor	Armadura Demônia do Ancião
3796	T8_ARMOR_PLATE_HELL@2	Elder's Demon Armor	Armadura Demônia do Ancião
3797	T8_ARMOR_PLATE_HELL@3	Elder's Demon Armor	Armadura Demônia do Ancião
3798	T8_ARMOR_PLATE_HELL@4	Elder's Demon Armor	Armadura Demônia do Ancião
3799	T4_SHOES_PLATE_HELL	Adept's Demon Boots	Botas Demônias do Adepto
3800	T4_SHOES_PLATE_HELL@1	Adept's Demon Boots	Botas Demônias do Adepto
3801	T4_SHOES_PLATE_HELL@2	Adept's Demon Boots	Botas Demônias do Adepto
3802	T4_SHOES_PLATE_HELL@3	Adept's Demon Boots	Botas Demônias do Adepto
3803	T4_SHOES_PLATE_HELL@4	Adept's Demon Boots	Botas Demônias do Adepto
3804	T5_SHOES_PLATE_HELL	Expert's Demon Boots	Botas Demônias do Perito
3805	T5_SHOES_PLATE_HELL@1	Expert's Demon Boots	Botas Demônias do Perito
3806	T5_SHOES_PLATE_HELL@2	Expert's Demon Boots	Botas Demônias do Perito
3807	T5_SHOES_PLATE_HELL@3	Expert's Demon Boots	Botas Demônias do Perito
3808	T5_SHOES_PLATE_HELL@4	Expert's Demon Boots	Botas Demônias do Perito
3809	T6_SHOES_PLATE_HELL	Master's Demon Boots	Botas Demônias do Mestre
3810	T6_SHOES_PLATE_HELL@1	Master's Demon Boots	Botas Demônias do Mestre
3811	T6_SHOES_PLATE_HELL@2	Master's Demon Boots	Botas Demônias do Mestre
3812	T6_SHOES_PLATE_HELL@3	Master's Demon Boots	Botas Demônias do Mestre
3813	T6_SHOES_PLATE_HELL@4	Master's Demon Boots	Botas Demônias do Mestre
3814	T7_SHOES_PLATE_HELL	Grandmaster's Demon Boots	Botas Demônias do Grão-mestre
3815	T7_SHOES_PLATE_HELL@1	Grandmaster's Demon Boots	Botas Demônias do Grão-mestre
3816	T7_SHOES_PLATE_HELL@2	Grandmaster's Demon Boots	Botas Demônias do Grão-mestre
3817	T7_SHOES_PLATE_HELL@3	Grandmaster's Demon Boots	Botas Demônias do Grão-mestre
3818	T7_SHOES_PLATE_HELL@4	Grandmaster's Demon Boots	Botas Demônias do Grão-mestre
3819	T8_SHOES_PLATE_HELL	Elder's Demon Boots	Botas Demônias do Ancião
3820	T8_SHOES_PLATE_HELL@1	Elder's Demon Boots	Botas Demônias do Ancião
3821	T8_SHOES_PLATE_HELL@2	Elder's Demon Boots	Botas Demônias do Ancião
3822	T8_SHOES_PLATE_HELL@3	Elder's Demon Boots	Botas Demônias do Ancião
3823	T8_SHOES_PLATE_HELL@4	Elder's Demon Boots	Botas Demônias do Ancião
3824	T4_HEAD_PLATE_KEEPER	Adept's Judicator Helmet	Elmo Judicante do Adepto
3825	T4_HEAD_PLATE_KEEPER@1	Adept's Judicator Helmet	Elmo Judicante do Adepto
3826	T4_HEAD_PLATE_KEEPER@2	Adept's Judicator Helmet	Elmo Judicante do Adepto
3827	T4_HEAD_PLATE_KEEPER@3	Adept's Judicator Helmet	Elmo Judicante do Adepto
3828	T4_HEAD_PLATE_KEEPER@4	Adept's Judicator Helmet	Elmo Judicante do Adepto
3829	T5_HEAD_PLATE_KEEPER	Expert's Judicator Helmet	Elmo Judicante do Perito
3830	T5_HEAD_PLATE_KEEPER@1	Expert's Judicator Helmet	Elmo Judicante do Perito
3831	T5_HEAD_PLATE_KEEPER@2	Expert's Judicator Helmet	Elmo Judicante do Perito
3832	T5_HEAD_PLATE_KEEPER@3	Expert's Judicator Helmet	Elmo Judicante do Perito
3833	T5_HEAD_PLATE_KEEPER@4	Expert's Judicator Helmet	Elmo Judicante do Perito
3834	T6_HEAD_PLATE_KEEPER	Master's Judicator Helmet	Elmo Judicante do Mestre
3835	T6_HEAD_PLATE_KEEPER@1	Master's Judicator Helmet	Elmo Judicante do Mestre
3836	T6_HEAD_PLATE_KEEPER@2	Master's Judicator Helmet	Elmo Judicante do Mestre
3837	T6_HEAD_PLATE_KEEPER@3	Master's Judicator Helmet	Elmo Judicante do Mestre
3838	T6_HEAD_PLATE_KEEPER@4	Master's Judicator Helmet	Elmo Judicante do Mestre
3839	T7_HEAD_PLATE_KEEPER	Grandmaster's Judicator Helmet	Elmo Judicante do Grão-mestre
3840	T7_HEAD_PLATE_KEEPER@1	Grandmaster's Judicator Helmet	Elmo Judicante do Grão-mestre
3841	T7_HEAD_PLATE_KEEPER@2	Grandmaster's Judicator Helmet	Elmo Judicante do Grão-mestre
3842	T7_HEAD_PLATE_KEEPER@3	Grandmaster's Judicator Helmet	Elmo Judicante do Grão-mestre
3843	T7_HEAD_PLATE_KEEPER@4	Grandmaster's Judicator Helmet	Elmo Judicante do Grão-mestre
3844	T8_HEAD_PLATE_KEEPER	Elder's Judicator Helmet	Elmo Judicante do Ancião
3845	T8_HEAD_PLATE_KEEPER@1	Elder's Judicator Helmet	Elmo Judicante do Ancião
3846	T8_HEAD_PLATE_KEEPER@2	Elder's Judicator Helmet	Elmo Judicante do Ancião
3847	T8_HEAD_PLATE_KEEPER@3	Elder's Judicator Helmet	Elmo Judicante do Ancião
3848	T8_HEAD_PLATE_KEEPER@4	Elder's Judicator Helmet	Elmo Judicante do Ancião
3849	T4_ARMOR_PLATE_KEEPER	Adept's Judicator Armor	Armadura Judicante do Adepto
3850	T4_ARMOR_PLATE_KEEPER@1	Adept's Judicator Armor	Armadura Judicante do Adepto
3851	T4_ARMOR_PLATE_KEEPER@2	Adept's Judicator Armor	Armadura Judicante do Adepto
3852	T4_ARMOR_PLATE_KEEPER@3	Adept's Judicator Armor	Armadura Judicante do Adepto
3853	T4_ARMOR_PLATE_KEEPER@4	Adept's Judicator Armor	Armadura Judicante do Adepto
3854	T5_ARMOR_PLATE_KEEPER	Expert's Judicator Armor	Armadura Judicante do Perito
3855	T5_ARMOR_PLATE_KEEPER@1	Expert's Judicator Armor	Armadura Judicante do Perito
3856	T5_ARMOR_PLATE_KEEPER@2	Expert's Judicator Armor	Armadura Judicante do Perito
3857	T5_ARMOR_PLATE_KEEPER@3	Expert's Judicator Armor	Armadura Judicante do Perito
3858	T5_ARMOR_PLATE_KEEPER@4	Expert's Judicator Armor	Armadura Judicante do Perito
3859	T6_ARMOR_PLATE_KEEPER	Master's Judicator Armor	Armadura Judicante do Mestre
3860	T6_ARMOR_PLATE_KEEPER@1	Master's Judicator Armor	Armadura Judicante do Mestre
3861	T6_ARMOR_PLATE_KEEPER@2	Master's Judicator Armor	Armadura Judicante do Mestre
3862	T6_ARMOR_PLATE_KEEPER@3	Master's Judicator Armor	Armadura Judicante do Mestre
3863	T6_ARMOR_PLATE_KEEPER@4	Master's Judicator Armor	Armadura Judicante do Mestre
3864	T7_ARMOR_PLATE_KEEPER	Grandmaster's Judicator Armor	Armadura Judicante do Grão-mestre
3865	T7_ARMOR_PLATE_KEEPER@1	Grandmaster's Judicator Armor	Armadura Judicante do Grão-mestre
3866	T7_ARMOR_PLATE_KEEPER@2	Grandmaster's Judicator Armor	Armadura Judicante do Grão-mestre
3867	T7_ARMOR_PLATE_KEEPER@3	Grandmaster's Judicator Armor	Armadura Judicante do Grão-mestre
3868	T7_ARMOR_PLATE_KEEPER@4	Grandmaster's Judicator Armor	Armadura Judicante do Grão-mestre
3869	T8_ARMOR_PLATE_KEEPER	Elder's Judicator Armor	Armadura Judicante do Ancião
3870	T8_ARMOR_PLATE_KEEPER@1	Elder's Judicator Armor	Armadura Judicante do Ancião
3871	T8_ARMOR_PLATE_KEEPER@2	Elder's Judicator Armor	Armadura Judicante do Ancião
3872	T8_ARMOR_PLATE_KEEPER@3	Elder's Judicator Armor	Armadura Judicante do Ancião
3873	T8_ARMOR_PLATE_KEEPER@4	Elder's Judicator Armor	Armadura Judicante do Ancião
3874	T4_SHOES_PLATE_KEEPER	Adept's Judicator Boots	Botas Judicantes do Adepto
3875	T4_SHOES_PLATE_KEEPER@1	Adept's Judicator Boots	Botas Judicantes do Adepto
3876	T4_SHOES_PLATE_KEEPER@2	Adept's Judicator Boots	Botas Judicantes do Adepto
3877	T4_SHOES_PLATE_KEEPER@3	Adept's Judicator Boots	Botas Judicantes do Adepto
3878	T4_SHOES_PLATE_KEEPER@4	Adept's Judicator Boots	Botas Judicantes do Adepto
3879	T5_SHOES_PLATE_KEEPER	Expert's Judicator Boots	Botas Judicantes do Perito
3880	T5_SHOES_PLATE_KEEPER@1	Expert's Judicator Boots	Botas Judicantes do Perito
3881	T5_SHOES_PLATE_KEEPER@2	Expert's Judicator Boots	Botas Judicantes do Perito
3882	T5_SHOES_PLATE_KEEPER@3	Expert's Judicator Boots	Botas Judicantes do Perito
3883	T5_SHOES_PLATE_KEEPER@4	Expert's Judicator Boots	Botas Judicantes do Perito
3884	T6_SHOES_PLATE_KEEPER	Master's Judicator Boots	Botas Judicantes do Mestre
3885	T6_SHOES_PLATE_KEEPER@1	Master's Judicator Boots	Botas Judicantes do Mestre
3886	T6_SHOES_PLATE_KEEPER@2	Master's Judicator Boots	Botas Judicantes do Mestre
3887	T6_SHOES_PLATE_KEEPER@3	Master's Judicator Boots	Botas Judicantes do Mestre
3888	T6_SHOES_PLATE_KEEPER@4	Master's Judicator Boots	Botas Judicantes do Mestre
3889	T7_SHOES_PLATE_KEEPER	Grandmaster's Judicator Boots	Botas Judicantes do Grão-mestre
3890	T7_SHOES_PLATE_KEEPER@1	Grandmaster's Judicator Boots	Botas Judicantes do Grão-mestre
3891	T7_SHOES_PLATE_KEEPER@2	Grandmaster's Judicator Boots	Botas Judicantes do Grão-mestre
3892	T7_SHOES_PLATE_KEEPER@3	Grandmaster's Judicator Boots	Botas Judicantes do Grão-mestre
3893	T7_SHOES_PLATE_KEEPER@4	Grandmaster's Judicator Boots	Botas Judicantes do Grão-mestre
3894	T8_SHOES_PLATE_KEEPER	Elder's Judicator Boots	Botas Judicantes do Ancião
3895	T8_SHOES_PLATE_KEEPER@1	Elder's Judicator Boots	Botas Judicantes do Ancião
3896	T8_SHOES_PLATE_KEEPER@2	Elder's Judicator Boots	Botas Judicantes do Ancião
3897	T8_SHOES_PLATE_KEEPER@3	Elder's Judicator Boots	Botas Judicantes do Ancião
3898	T8_SHOES_PLATE_KEEPER@4	Elder's Judicator Boots	Botas Judicantes do Ancião
3899	T4_HEAD_PLATE_FEY	Adept's Duskweaver Helmet	Elmo de Tecelão do Crepúsculo do Adepto
3900	T4_HEAD_PLATE_FEY@1	Adept's Duskweaver Helmet	Elmo de Tecelão do Crepúsculo do Adepto
3901	T4_HEAD_PLATE_FEY@2	Adept's Duskweaver Helmet	Elmo de Tecelão do Crepúsculo do Adepto
3902	T4_HEAD_PLATE_FEY@3	Adept's Duskweaver Helmet	Elmo de Tecelão do Crepúsculo do Adepto
3903	T4_HEAD_PLATE_FEY@4	Adept's Duskweaver Helmet	Elmo de Tecelão do Crepúsculo do Adepto
3904	T5_HEAD_PLATE_FEY	Expert's Duskweaver Helmet	Elmo de Tecelão do Crepúsculo do Perito
3905	T5_HEAD_PLATE_FEY@1	Expert's Duskweaver Helmet	Elmo de Tecelão do Crepúsculo do Perito
3906	T5_HEAD_PLATE_FEY@2	Expert's Duskweaver Helmet	Elmo de Tecelão do Crepúsculo do Perito
3907	T5_HEAD_PLATE_FEY@3	Expert's Duskweaver Helmet	Elmo de Tecelão do Crepúsculo do Perito
3908	T5_HEAD_PLATE_FEY@4	Expert's Duskweaver Helmet	Elmo de Tecelão do Crepúsculo do Perito
3909	T6_HEAD_PLATE_FEY	Master's Duskweaver Helmet	Elmo de Tecelão do Crepúsculo do Mestre
3910	T6_HEAD_PLATE_FEY@1	Master's Duskweaver Helmet	Elmo de Tecelão do Crepúsculo do Mestre
3911	T6_HEAD_PLATE_FEY@2	Master's Duskweaver Helmet	Elmo de Tecelão do Crepúsculo do Mestre
3912	T6_HEAD_PLATE_FEY@3	Master's Duskweaver Helmet	Elmo de Tecelão do Crepúsculo do Mestre
3913	T6_HEAD_PLATE_FEY@4	Master's Duskweaver Helmet	Elmo de Tecelão do Crepúsculo do Mestre
3914	T7_HEAD_PLATE_FEY	Grandmaster's Duskweaver Helmet	Elmo de Tecelão do Crepúsculo do Grão-mestre
3915	T7_HEAD_PLATE_FEY@1	Grandmaster's Duskweaver Helmet	Elmo de Tecelão do Crepúsculo do Grão-mestre
3916	T7_HEAD_PLATE_FEY@2	Grandmaster's Duskweaver Helmet	Elmo de Tecelão do Crepúsculo do Grão-mestre
3917	T7_HEAD_PLATE_FEY@3	Grandmaster's Duskweaver Helmet	Elmo de Tecelão do Crepúsculo do Grão-mestre
3918	T7_HEAD_PLATE_FEY@4	Grandmaster's Duskweaver Helmet	Elmo de Tecelão do Crepúsculo do Grão-mestre
3919	T8_HEAD_PLATE_FEY	Elder's Duskweaver Helmet	Elmo de Tecelão do Crepúsculo do Ancião
3920	T8_HEAD_PLATE_FEY@1	Elder's Duskweaver Helmet	Elmo de Tecelão do Crepúsculo do Ancião
3921	T8_HEAD_PLATE_FEY@2	Elder's Duskweaver Helmet	Elmo de Tecelão do Crepúsculo do Ancião
3922	T8_HEAD_PLATE_FEY@3	Elder's Duskweaver Helmet	Elmo de Tecelão do Crepúsculo do Ancião
3923	T8_HEAD_PLATE_FEY@4	Elder's Duskweaver Helmet	Elmo de Tecelão do Crepúsculo do Ancião
3924	T4_ARMOR_PLATE_FEY	Adept's Duskweaver Armor	Armadura de Tecelão do Crepúsculo do Adepto
3925	T4_ARMOR_PLATE_FEY@1	Adept's Duskweaver Armor	Armadura de Tecelão do Crepúsculo do Adepto
3926	T4_ARMOR_PLATE_FEY@2	Adept's Duskweaver Armor	Armadura de Tecelão do Crepúsculo do Adepto
3927	T4_ARMOR_PLATE_FEY@3	Adept's Duskweaver Armor	Armadura de Tecelão do Crepúsculo do Adepto
3928	T4_ARMOR_PLATE_FEY@4	Adept's Duskweaver Armor	Armadura de Tecelão do Crepúsculo do Adepto
3929	T5_ARMOR_PLATE_FEY	Expert's Duskweaver Armor	Armadura de Tecelão do Crepúsculo do Perito
3930	T5_ARMOR_PLATE_FEY@1	Expert's Duskweaver Armor	Armadura de Tecelão do Crepúsculo do Perito
3931	T5_ARMOR_PLATE_FEY@2	Expert's Duskweaver Armor	Armadura de Tecelão do Crepúsculo do Perito
3932	T5_ARMOR_PLATE_FEY@3	Expert's Duskweaver Armor	Armadura de Tecelão do Crepúsculo do Perito
3933	T5_ARMOR_PLATE_FEY@4	Expert's Duskweaver Armor	Armadura de Tecelão do Crepúsculo do Perito
3934	T6_ARMOR_PLATE_FEY	Master's Duskweaver Armor	Armadura de Tecelão do Crepúsculo do Mestre
3935	T6_ARMOR_PLATE_FEY@1	Master's Duskweaver Armor	Armadura de Tecelão do Crepúsculo do Mestre
3936	T6_ARMOR_PLATE_FEY@2	Master's Duskweaver Armor	Armadura de Tecelão do Crepúsculo do Mestre
3937	T6_ARMOR_PLATE_FEY@3	Master's Duskweaver Armor	Armadura de Tecelão do Crepúsculo do Mestre
3938	T6_ARMOR_PLATE_FEY@4	Master's Duskweaver Armor	Armadura de Tecelão do Crepúsculo do Mestre
3939	T7_ARMOR_PLATE_FEY	Grandmaster's Duskweaver Armor	Armadura de Tecelão do Crepúsculo do Grão-mestre
3940	T7_ARMOR_PLATE_FEY@1	Grandmaster's Duskweaver Armor	Armadura de Tecelão do Crepúsculo do Grão-mestre
3941	T7_ARMOR_PLATE_FEY@2	Grandmaster's Duskweaver Armor	Armadura de Tecelão do Crepúsculo do Grão-mestre
3942	T7_ARMOR_PLATE_FEY@3	Grandmaster's Duskweaver Armor	Armadura de Tecelão do Crepúsculo do Grão-mestre
3943	T7_ARMOR_PLATE_FEY@4	Grandmaster's Duskweaver Armor	Armadura de Tecelão do Crepúsculo do Grão-mestre
3944	T8_ARMOR_PLATE_FEY	Elder's Duskweaver Armor	Armadura de Tecelão do Crepúsculo do Ancião
3945	T8_ARMOR_PLATE_FEY@1	Elder's Duskweaver Armor	Armadura de Tecelão do Crepúsculo do Ancião
3946	T8_ARMOR_PLATE_FEY@2	Elder's Duskweaver Armor	Armadura de Tecelão do Crepúsculo do Ancião
3947	T8_ARMOR_PLATE_FEY@3	Elder's Duskweaver Armor	Armadura de Tecelão do Crepúsculo do Ancião
3948	T8_ARMOR_PLATE_FEY@4	Elder's Duskweaver Armor	Armadura de Tecelão do Crepúsculo do Ancião
3949	T4_SHOES_PLATE_FEY	Adept's Duskweaver Boots	Botas de Tecelão do Crepúsculo do Adepto
3950	T4_SHOES_PLATE_FEY@1	Adept's Duskweaver Boots	Botas de Tecelão do Crepúsculo do Adepto
3951	T4_SHOES_PLATE_FEY@2	Adept's Duskweaver Boots	Botas de Tecelão do Crepúsculo do Adepto
3952	T4_SHOES_PLATE_FEY@3	Adept's Duskweaver Boots	Botas de Tecelão do Crepúsculo do Adepto
3953	T4_SHOES_PLATE_FEY@4	Adept's Duskweaver Boots	Botas de Tecelão do Crepúsculo do Adepto
3954	T5_SHOES_PLATE_FEY	Expert's Duskweaver Boots	Botas de Tecelão do Crepúsculo do Perito
3955	T5_SHOES_PLATE_FEY@1	Expert's Duskweaver Boots	Botas de Tecelão do Crepúsculo do Perito
3956	T5_SHOES_PLATE_FEY@2	Expert's Duskweaver Boots	Botas de Tecelão do Crepúsculo do Perito
3957	T5_SHOES_PLATE_FEY@3	Expert's Duskweaver Boots	Botas de Tecelão do Crepúsculo do Perito
3958	T5_SHOES_PLATE_FEY@4	Expert's Duskweaver Boots	Botas de Tecelão do Crepúsculo do Perito
3959	T6_SHOES_PLATE_FEY	Master's Duskweaver Boots	Botas de Tecelão do Crepúsculo do Mestre
3960	T6_SHOES_PLATE_FEY@1	Master's Duskweaver Boots	Botas de Tecelão do Crepúsculo do Mestre
3961	T6_SHOES_PLATE_FEY@2	Master's Duskweaver Boots	Botas de Tecelão do Crepúsculo do Mestre
3962	T6_SHOES_PLATE_FEY@3	Master's Duskweaver Boots	Botas de Tecelão do Crepúsculo do Mestre
3963	T6_SHOES_PLATE_FEY@4	Master's Duskweaver Boots	Botas de Tecelão do Crepúsculo do Mestre
3964	T7_SHOES_PLATE_FEY	Grandmaster's Duskweaver Boots	Botas de Tecelão do Crepúsculo do Grão-mestre
3965	T7_SHOES_PLATE_FEY@1	Grandmaster's Duskweaver Boots	Botas de Tecelão do Crepúsculo do Grão-mestre
3966	T7_SHOES_PLATE_FEY@2	Grandmaster's Duskweaver Boots	Botas de Tecelão do Crepúsculo do Grão-mestre
3967	T7_SHOES_PLATE_FEY@3	Grandmaster's Duskweaver Boots	Botas de Tecelão do Crepúsculo do Grão-mestre
3968	T7_SHOES_PLATE_FEY@4	Grandmaster's Duskweaver Boots	Botas de Tecelão do Crepúsculo do Grão-mestre
3969	T8_SHOES_PLATE_FEY	Elder's Duskweaver Boots	Botas de Tecelão do Crepúsculo do Ancião
3970	T8_SHOES_PLATE_FEY@1	Elder's Duskweaver Boots	Botas de Tecelão do Crepúsculo do Ancião
3971	T8_SHOES_PLATE_FEY@2	Elder's Duskweaver Boots	Botas de Tecelão do Crepúsculo do Ancião
3972	T8_SHOES_PLATE_FEY@3	Elder's Duskweaver Boots	Botas de Tecelão do Crepúsculo do Ancião
3973	T8_SHOES_PLATE_FEY@4	Elder's Duskweaver Boots	Botas de Tecelão do Crepúsculo do Ancião
3974	T4_HEAD_PLATE_AVALON	Adept's Helmet of Valor	Elmo da Bravura do Adepto
3975	T4_HEAD_PLATE_AVALON@1	Adept's Helmet of Valor	Elmo da Bravura do Adepto
3976	T4_HEAD_PLATE_AVALON@2	Adept's Helmet of Valor	Elmo da Bravura do Adepto
3977	T4_HEAD_PLATE_AVALON@3	Adept's Helmet of Valor	Elmo da Bravura do Adepto
3978	T4_HEAD_PLATE_AVALON@4	Adept's Helmet of Valor	Elmo da Bravura do Adepto
3979	T5_HEAD_PLATE_AVALON	Expert's Helmet of Valor	Elmo da Bravura do Perito
3980	T5_HEAD_PLATE_AVALON@1	Expert's Helmet of Valor	Elmo da Bravura do Perito
3981	T5_HEAD_PLATE_AVALON@2	Expert's Helmet of Valor	Elmo da Bravura do Perito
3982	T5_HEAD_PLATE_AVALON@3	Expert's Helmet of Valor	Elmo da Bravura do Perito
3983	T5_HEAD_PLATE_AVALON@4	Expert's Helmet of Valor	Elmo da Bravura do Perito
3984	T6_HEAD_PLATE_AVALON	Master's Helmet of Valor	Elmo da Bravura do Mestre
3985	T6_HEAD_PLATE_AVALON@1	Master's Helmet of Valor	Elmo da Bravura do Mestre
3986	T6_HEAD_PLATE_AVALON@2	Master's Helmet of Valor	Elmo da Bravura do Mestre
3987	T6_HEAD_PLATE_AVALON@3	Master's Helmet of Valor	Elmo da Bravura do Mestre
3988	T6_HEAD_PLATE_AVALON@4	Master's Helmet of Valor	Elmo da Bravura do Mestre
3989	T7_HEAD_PLATE_AVALON	Grandmaster's Helmet of Valor	Elmo da Bravura do Grão-mestre
3990	T7_HEAD_PLATE_AVALON@1	Grandmaster's Helmet of Valor	Elmo da Bravura do Grão-mestre
3991	T7_HEAD_PLATE_AVALON@2	Grandmaster's Helmet of Valor	Elmo da Bravura do Grão-mestre
3992	T7_HEAD_PLATE_AVALON@3	Grandmaster's Helmet of Valor	Elmo da Bravura do Grão-mestre
3993	T7_HEAD_PLATE_AVALON@4	Grandmaster's Helmet of Valor	Elmo da Bravura do Grão-mestre
3994	T8_HEAD_PLATE_AVALON	Elder's Helmet of Valor	Elmo da Bravura do Ancião
3995	T8_HEAD_PLATE_AVALON@1	Elder's Helmet of Valor	Elmo da Bravura do Ancião
3996	T8_HEAD_PLATE_AVALON@2	Elder's Helmet of Valor	Elmo da Bravura do Ancião
3997	T8_HEAD_PLATE_AVALON@3	Elder's Helmet of Valor	Elmo da Bravura do Ancião
3998	T8_HEAD_PLATE_AVALON@4	Elder's Helmet of Valor	Elmo da Bravura do Ancião
3999	T4_ARMOR_PLATE_AVALON	Adept's Armor of Valor	Armadura da Bravura do Adepto
4000	T4_ARMOR_PLATE_AVALON@1	Adept's Armor of Valor	Armadura da Bravura do Adepto
4001	T4_ARMOR_PLATE_AVALON@2	Adept's Armor of Valor	Armadura da Bravura do Adepto
4002	T4_ARMOR_PLATE_AVALON@3	Adept's Armor of Valor	Armadura da Bravura do Adepto
4003	T4_ARMOR_PLATE_AVALON@4	Adept's Armor of Valor	Armadura da Bravura do Adepto
4004	T5_ARMOR_PLATE_AVALON	Expert's Armor of Valor	Armadura da Bravura do Perito
4005	T5_ARMOR_PLATE_AVALON@1	Expert's Armor of Valor	Armadura da Bravura do Perito
4006	T5_ARMOR_PLATE_AVALON@2	Expert's Armor of Valor	Armadura da Bravura do Perito
4007	T5_ARMOR_PLATE_AVALON@3	Expert's Armor of Valor	Armadura da Bravura do Perito
4008	T5_ARMOR_PLATE_AVALON@4	Expert's Armor of Valor	Armadura da Bravura do Perito
4009	T6_ARMOR_PLATE_AVALON	Master's Armor of Valor	Armadura da Bravura do Mestre
4010	T6_ARMOR_PLATE_AVALON@1	Master's Armor of Valor	Armadura da Bravura do Mestre
4011	T6_ARMOR_PLATE_AVALON@2	Master's Armor of Valor	Armadura da Bravura do Mestre
4012	T6_ARMOR_PLATE_AVALON@3	Master's Armor of Valor	Armadura da Bravura do Mestre
4013	T6_ARMOR_PLATE_AVALON@4	Master's Armor of Valor	Armadura da Bravura do Mestre
4014	T7_ARMOR_PLATE_AVALON	Grandmaster's Armor of Valor	Armadura da Bravura do Grão-mestre
4015	T7_ARMOR_PLATE_AVALON@1	Grandmaster's Armor of Valor	Armadura da Bravura do Grão-mestre
4016	T7_ARMOR_PLATE_AVALON@2	Grandmaster's Armor of Valor	Armadura da Bravura do Grão-mestre
4017	T7_ARMOR_PLATE_AVALON@3	Grandmaster's Armor of Valor	Armadura da Bravura do Grão-mestre
4018	T7_ARMOR_PLATE_AVALON@4	Grandmaster's Armor of Valor	Armadura da Bravura do Grão-mestre
4019	T8_ARMOR_PLATE_AVALON	Elder's Armor of Valor	Armadura da Bravura do Ancião
4020	T8_ARMOR_PLATE_AVALON@1	Elder's Armor of Valor	Armadura da Bravura do Ancião
4021	T8_ARMOR_PLATE_AVALON@2	Elder's Armor of Valor	Armadura da Bravura do Ancião
4022	T8_ARMOR_PLATE_AVALON@3	Elder's Armor of Valor	Armadura da Bravura do Ancião
4023	T8_ARMOR_PLATE_AVALON@4	Elder's Armor of Valor	Armadura da Bravura do Ancião
4024	T4_SHOES_PLATE_AVALON	Adept's Boots of Valor	Botas da Bravura do Adepto
4025	T4_SHOES_PLATE_AVALON@1	Adept's Boots of Valor	Botas da Bravura do Adepto
4026	T4_SHOES_PLATE_AVALON@2	Adept's Boots of Valor	Botas da Bravura do Adepto
4027	T4_SHOES_PLATE_AVALON@3	Adept's Boots of Valor	Botas da Bravura do Adepto
4028	T4_SHOES_PLATE_AVALON@4	Adept's Boots of Valor	Botas da Bravura do Adepto
4029	T5_SHOES_PLATE_AVALON	Expert's Boots of Valor	Botas da Bravura do Perito
4030	T5_SHOES_PLATE_AVALON@1	Expert's Boots of Valor	Botas da Bravura do Perito
4031	T5_SHOES_PLATE_AVALON@2	Expert's Boots of Valor	Botas da Bravura do Perito
4032	T5_SHOES_PLATE_AVALON@3	Expert's Boots of Valor	Botas da Bravura do Perito
4033	T5_SHOES_PLATE_AVALON@4	Expert's Boots of Valor	Botas da Bravura do Perito
4034	T6_SHOES_PLATE_AVALON	Master's Boots of Valor	Botas da Bravura do Mestre
4035	T6_SHOES_PLATE_AVALON@1	Master's Boots of Valor	Botas da Bravura do Mestre
4036	T6_SHOES_PLATE_AVALON@2	Master's Boots of Valor	Botas da Bravura do Mestre
4037	T6_SHOES_PLATE_AVALON@3	Master's Boots of Valor	Botas da Bravura do Mestre
4038	T6_SHOES_PLATE_AVALON@4	Master's Boots of Valor	Botas da Bravura do Mestre
4039	T7_SHOES_PLATE_AVALON	Grandmaster's Boots of Valor	Botas da Bravura do Grão-mestre
4040	T7_SHOES_PLATE_AVALON@1	Grandmaster's Boots of Valor	Botas da Bravura do Grão-mestre
4041	T7_SHOES_PLATE_AVALON@2	Grandmaster's Boots of Valor	Botas da Bravura do Grão-mestre
4042	T7_SHOES_PLATE_AVALON@3	Grandmaster's Boots of Valor	Botas da Bravura do Grão-mestre
4043	T7_SHOES_PLATE_AVALON@4	Grandmaster's Boots of Valor	Botas da Bravura do Grão-mestre
4044	T8_SHOES_PLATE_AVALON	Elder's Boots of Valor	Botas da Bravura do Ancião
4045	T8_SHOES_PLATE_AVALON@1	Elder's Boots of Valor	Botas da Bravura do Ancião
4046	T8_SHOES_PLATE_AVALON@2	Elder's Boots of Valor	Botas da Bravura do Ancião
4047	T8_SHOES_PLATE_AVALON@3	Elder's Boots of Valor	Botas da Bravura do Ancião
4048	T8_SHOES_PLATE_AVALON@4	Elder's Boots of Valor	Botas da Bravura do Ancião
4049	T1_HEAD_LEATHER_SET1	Beginner's Mercenary Hood	Capuz de Mercenário do Calouro
4050	T2_HEAD_LEATHER_SET1	Novice's Mercenary Hood	Capuz de Mercenário do Novato
4051	T3_HEAD_LEATHER_SET1	Journeyman's Mercenary Hood	Capuz de Mercenário do Iniciante
4052	T4_HEAD_LEATHER_SET1	Adept's Mercenary Hood	Capuz de Mercenário do Adepto
4053	T4_HEAD_LEATHER_SET1@1	Adept's Mercenary Hood	Capuz de Mercenário do Adepto
4054	T4_HEAD_LEATHER_SET1@2	Adept's Mercenary Hood	Capuz de Mercenário do Adepto
4055	T4_HEAD_LEATHER_SET1@3	Adept's Mercenary Hood	Capuz de Mercenário do Adepto
4056	T4_HEAD_LEATHER_SET1@4	Adept's Mercenary Hood	Capuz de Mercenário do Adepto
4057	T5_HEAD_LEATHER_SET1	Expert's Mercenary Hood	Capuz de Mercenário do Perito
4058	T5_HEAD_LEATHER_SET1@1	Expert's Mercenary Hood	Capuz de Mercenário do Perito
4059	T5_HEAD_LEATHER_SET1@2	Expert's Mercenary Hood	Capuz de Mercenário do Perito
4060	T5_HEAD_LEATHER_SET1@3	Expert's Mercenary Hood	Capuz de Mercenário do Perito
4061	T5_HEAD_LEATHER_SET1@4	Expert's Mercenary Hood	Capuz de Mercenário do Perito
4062	T6_HEAD_LEATHER_SET1	Master's Mercenary Hood	Capuz de Mercenário do Mestre
4063	T6_HEAD_LEATHER_SET1@1	Master's Mercenary Hood	Capuz de Mercenário do Mestre
4064	T6_HEAD_LEATHER_SET1@2	Master's Mercenary Hood	Capuz de Mercenário do Mestre
4065	T6_HEAD_LEATHER_SET1@3	Master's Mercenary Hood	Capuz de Mercenário do Mestre
4066	T6_HEAD_LEATHER_SET1@4	Master's Mercenary Hood	Capuz de Mercenário do Mestre
4067	T7_HEAD_LEATHER_SET1	Grandmaster's Mercenary Hood	Capuz de Mercenário do Grão-mestre
4068	T7_HEAD_LEATHER_SET1@1	Grandmaster's Mercenary Hood	Capuz de Mercenário do Grão-mestre
4069	T7_HEAD_LEATHER_SET1@2	Grandmaster's Mercenary Hood	Capuz de Mercenário do Grão-mestre
4070	T7_HEAD_LEATHER_SET1@3	Grandmaster's Mercenary Hood	Capuz de Mercenário do Grão-mestre
4071	T7_HEAD_LEATHER_SET1@4	Grandmaster's Mercenary Hood	Capuz de Mercenário do Grão-mestre
4072	T8_HEAD_LEATHER_SET1	Elder's Mercenary Hood	Capuz de Mercenário do Ancião
4073	T8_HEAD_LEATHER_SET1@1	Elder's Mercenary Hood	Capuz de Mercenário do Ancião
4074	T8_HEAD_LEATHER_SET1@2	Elder's Mercenary Hood	Capuz de Mercenário do Ancião
4075	T8_HEAD_LEATHER_SET1@3	Elder's Mercenary Hood	Capuz de Mercenário do Ancião
4076	T8_HEAD_LEATHER_SET1@4	Elder's Mercenary Hood	Capuz de Mercenário do Ancião
4077	T1_ARMOR_LEATHER_SET1	Beginner's Mercenary Jacket	Casaco de Mercenário do Calouro
4078	T2_ARMOR_LEATHER_SET1	Novice's Mercenary Jacket	Casaco de Mercenário do Novato
4079	T3_ARMOR_LEATHER_SET1	Journeyman's Mercenary Jacket	Casaco de Mercenário do Iniciante
4080	T4_ARMOR_LEATHER_SET1	Adept's Mercenary Jacket	Casaco de Mercenário do Adepto
4081	T4_ARMOR_LEATHER_SET1@1	Adept's Mercenary Jacket	Casaco de Mercenário do Adepto
4082	T4_ARMOR_LEATHER_SET1@2	Adept's Mercenary Jacket	Casaco de Mercenário do Adepto
4083	T4_ARMOR_LEATHER_SET1@3	Adept's Mercenary Jacket	Casaco de Mercenário do Adepto
4084	T4_ARMOR_LEATHER_SET1@4	Adept's Mercenary Jacket	Casaco de Mercenário do Adepto
4085	T5_ARMOR_LEATHER_SET1	Expert's Mercenary Jacket	Casaco de Mercenário do Perito
4086	T5_ARMOR_LEATHER_SET1@1	Expert's Mercenary Jacket	Casaco de Mercenário do Perito
4087	T5_ARMOR_LEATHER_SET1@2	Expert's Mercenary Jacket	Casaco de Mercenário do Perito
4088	T5_ARMOR_LEATHER_SET1@3	Expert's Mercenary Jacket	Casaco de Mercenário do Perito
4089	T5_ARMOR_LEATHER_SET1@4	Expert's Mercenary Jacket	Casaco de Mercenário do Perito
4090	T6_ARMOR_LEATHER_SET1	Master's Mercenary Jacket	Casaco de Mercenário do Mestre
4091	T6_ARMOR_LEATHER_SET1@1	Master's Mercenary Jacket	Casaco de Mercenário do Mestre
4092	T6_ARMOR_LEATHER_SET1@2	Master's Mercenary Jacket	Casaco de Mercenário do Mestre
4093	T6_ARMOR_LEATHER_SET1@3	Master's Mercenary Jacket	Casaco de Mercenário do Mestre
4094	T6_ARMOR_LEATHER_SET1@4	Master's Mercenary Jacket	Casaco de Mercenário do Mestre
4095	T7_ARMOR_LEATHER_SET1	Grandmaster's Mercenary Jacket	Casaco de Mercenário do Grão-mestre
4096	T7_ARMOR_LEATHER_SET1@1	Grandmaster's Mercenary Jacket	Casaco de Mercenário do Grão-mestre
4097	T7_ARMOR_LEATHER_SET1@2	Grandmaster's Mercenary Jacket	Casaco de Mercenário do Grão-mestre
4098	T7_ARMOR_LEATHER_SET1@3	Grandmaster's Mercenary Jacket	Casaco de Mercenário do Grão-mestre
4099	T7_ARMOR_LEATHER_SET1@4	Grandmaster's Mercenary Jacket	Casaco de Mercenário do Grão-mestre
4100	T8_ARMOR_LEATHER_SET1	Elder's Mercenary Jacket	Casaco de Mercenário do Ancião
4101	T8_ARMOR_LEATHER_SET1@1	Elder's Mercenary Jacket	Casaco de Mercenário do Ancião
4102	T8_ARMOR_LEATHER_SET1@2	Elder's Mercenary Jacket	Casaco de Mercenário do Ancião
4103	T8_ARMOR_LEATHER_SET1@3	Elder's Mercenary Jacket	Casaco de Mercenário do Ancião
4104	T8_ARMOR_LEATHER_SET1@4	Elder's Mercenary Jacket	Casaco de Mercenário do Ancião
4105	T1_SHOES_LEATHER_SET1	Beginner's Mercenary Shoes	Sapatos de Mercenário do Calouro
4106	T2_SHOES_LEATHER_SET1	Novice's Mercenary Shoes	Sapatos de Mercenário do Novato
4107	T3_SHOES_LEATHER_SET1	Journeyman's Mercenary Shoes	Sapatos de Mercenário do Iniciante
4108	T4_SHOES_LEATHER_SET1	Adept's Mercenary Shoes	Sapatos de Mercenário do Adepto
4109	T4_SHOES_LEATHER_SET1@1	Adept's Mercenary Shoes	Sapatos de Mercenário do Adepto
4110	T4_SHOES_LEATHER_SET1@2	Adept's Mercenary Shoes	Sapatos de Mercenário do Adepto
4111	T4_SHOES_LEATHER_SET1@3	Adept's Mercenary Shoes	Sapatos de Mercenário do Adepto
4112	T4_SHOES_LEATHER_SET1@4	Adept's Mercenary Shoes	Sapatos de Mercenário do Adepto
4113	T5_SHOES_LEATHER_SET1	Expert's Mercenary Shoes	Sapatos de Mercenário do Perito
4114	T5_SHOES_LEATHER_SET1@1	Expert's Mercenary Shoes	Sapatos de Mercenário do Perito
4115	T5_SHOES_LEATHER_SET1@2	Expert's Mercenary Shoes	Sapatos de Mercenário do Perito
4116	T5_SHOES_LEATHER_SET1@3	Expert's Mercenary Shoes	Sapatos de Mercenário do Perito
4117	T5_SHOES_LEATHER_SET1@4	Expert's Mercenary Shoes	Sapatos de Mercenário do Perito
4118	T6_SHOES_LEATHER_SET1	Master's Mercenary Shoes	Sapatos de Mercenário do Mestre
4119	T6_SHOES_LEATHER_SET1@1	Master's Mercenary Shoes	Sapatos de Mercenário do Mestre
4120	T6_SHOES_LEATHER_SET1@2	Master's Mercenary Shoes	Sapatos de Mercenário do Mestre
4121	T6_SHOES_LEATHER_SET1@3	Master's Mercenary Shoes	Sapatos de Mercenário do Mestre
4122	T6_SHOES_LEATHER_SET1@4	Master's Mercenary Shoes	Sapatos de Mercenário do Mestre
4123	T7_SHOES_LEATHER_SET1	Grandmaster's Mercenary Shoes	Sapatos de Mercenário do Grão-mestre
4124	T7_SHOES_LEATHER_SET1@1	Grandmaster's Mercenary Shoes	Sapatos de Mercenário do Grão-mestre
4125	T7_SHOES_LEATHER_SET1@2	Grandmaster's Mercenary Shoes	Sapatos de Mercenário do Grão-mestre
4126	T7_SHOES_LEATHER_SET1@3	Grandmaster's Mercenary Shoes	Sapatos de Mercenário do Grão-mestre
4127	T7_SHOES_LEATHER_SET1@4	Grandmaster's Mercenary Shoes	Sapatos de Mercenário do Grão-mestre
4128	T8_SHOES_LEATHER_SET1	Elder's Mercenary Shoes	Sapatos de Mercenário do Ancião
4129	T8_SHOES_LEATHER_SET1@1	Elder's Mercenary Shoes	Sapatos de Mercenário do Ancião
4130	T8_SHOES_LEATHER_SET1@2	Elder's Mercenary Shoes	Sapatos de Mercenário do Ancião
4131	T8_SHOES_LEATHER_SET1@3	Elder's Mercenary Shoes	Sapatos de Mercenário do Ancião
4132	T8_SHOES_LEATHER_SET1@4	Elder's Mercenary Shoes	Sapatos de Mercenário do Ancião
4133	T4_HEAD_LEATHER_SET2	Adept's Hunter Hood	Capuz de Caçador do Adepto
4134	T4_HEAD_LEATHER_SET2@1	Adept's Hunter Hood	Capuz de Caçador do Adepto
4135	T4_HEAD_LEATHER_SET2@2	Adept's Hunter Hood	Capuz de Caçador do Adepto
4136	T4_HEAD_LEATHER_SET2@3	Adept's Hunter Hood	Capuz de Caçador do Adepto
4137	T4_HEAD_LEATHER_SET2@4	Adept's Hunter Hood	Capuz de Caçador do Adepto
4138	T5_HEAD_LEATHER_SET2	Expert's Hunter Hood	Capuz de Caçador do Perito
4139	T5_HEAD_LEATHER_SET2@1	Expert's Hunter Hood	Capuz de Caçador do Perito
4140	T5_HEAD_LEATHER_SET2@2	Expert's Hunter Hood	Capuz de Caçador do Perito
4141	T5_HEAD_LEATHER_SET2@3	Expert's Hunter Hood	Capuz de Caçador do Perito
4142	T5_HEAD_LEATHER_SET2@4	Expert's Hunter Hood	Capuz de Caçador do Perito
4143	T6_HEAD_LEATHER_SET2	Master's Hunter Hood	Capuz de Caçador do Mestre
4144	T6_HEAD_LEATHER_SET2@1	Master's Hunter Hood	Capuz de Caçador do Mestre
4145	T6_HEAD_LEATHER_SET2@2	Master's Hunter Hood	Capuz de Caçador do Mestre
4146	T6_HEAD_LEATHER_SET2@3	Master's Hunter Hood	Capuz de Caçador do Mestre
4147	T6_HEAD_LEATHER_SET2@4	Master's Hunter Hood	Capuz de Caçador do Mestre
4148	T7_HEAD_LEATHER_SET2	Grandmaster's Hunter Hood	Capuz de Caçador do Grão-mestre
4149	T7_HEAD_LEATHER_SET2@1	Grandmaster's Hunter Hood	Capuz de Caçador do Grão-mestre
4150	T7_HEAD_LEATHER_SET2@2	Grandmaster's Hunter Hood	Capuz de Caçador do Grão-mestre
4151	T7_HEAD_LEATHER_SET2@3	Grandmaster's Hunter Hood	Capuz de Caçador do Grão-mestre
4152	T7_HEAD_LEATHER_SET2@4	Grandmaster's Hunter Hood	Capuz de Caçador do Grão-mestre
4153	T8_HEAD_LEATHER_SET2	Elder's Hunter Hood	Capuz de Caçador do Ancião
4154	T8_HEAD_LEATHER_SET2@1	Elder's Hunter Hood	Capuz de Caçador do Ancião
4155	T8_HEAD_LEATHER_SET2@2	Elder's Hunter Hood	Capuz de Caçador do Ancião
4156	T8_HEAD_LEATHER_SET2@3	Elder's Hunter Hood	Capuz de Caçador do Ancião
4157	T8_HEAD_LEATHER_SET2@4	Elder's Hunter Hood	Capuz de Caçador do Ancião
4158	T4_ARMOR_LEATHER_SET2	Adept's Hunter Jacket	Casaco de Caçador do Adepto
4159	T4_ARMOR_LEATHER_SET2@1	Adept's Hunter Jacket	Casaco de Caçador do Adepto
4160	T4_ARMOR_LEATHER_SET2@2	Adept's Hunter Jacket	Casaco de Caçador do Adepto
4161	T4_ARMOR_LEATHER_SET2@3	Adept's Hunter Jacket	Casaco de Caçador do Adepto
4162	T4_ARMOR_LEATHER_SET2@4	Adept's Hunter Jacket	Casaco de Caçador do Adepto
4163	T5_ARMOR_LEATHER_SET2	Expert's Hunter Jacket	Casaco de Caçador do Perito
4164	T5_ARMOR_LEATHER_SET2@1	Expert's Hunter Jacket	Casaco de Caçador do Perito
4165	T5_ARMOR_LEATHER_SET2@2	Expert's Hunter Jacket	Casaco de Caçador do Perito
4166	T5_ARMOR_LEATHER_SET2@3	Expert's Hunter Jacket	Casaco de Caçador do Perito
4167	T5_ARMOR_LEATHER_SET2@4	Expert's Hunter Jacket	Casaco de Caçador do Perito
4168	T6_ARMOR_LEATHER_SET2	Master's Hunter Jacket	Casaco de Caçador do Mestre
4169	T6_ARMOR_LEATHER_SET2@1	Master's Hunter Jacket	Casaco de Caçador do Mestre
4170	T6_ARMOR_LEATHER_SET2@2	Master's Hunter Jacket	Casaco de Caçador do Mestre
4171	T6_ARMOR_LEATHER_SET2@3	Master's Hunter Jacket	Casaco de Caçador do Mestre
4172	T6_ARMOR_LEATHER_SET2@4	Master's Hunter Jacket	Casaco de Caçador do Mestre
4173	T7_ARMOR_LEATHER_SET2	Grandmaster's Hunter Jacket	Casaco de Caçador do Grão-mestre
4174	T7_ARMOR_LEATHER_SET2@1	Grandmaster's Hunter Jacket	Casaco de Caçador do Grão-mestre
4175	T7_ARMOR_LEATHER_SET2@2	Grandmaster's Hunter Jacket	Casaco de Caçador do Grão-mestre
4176	T7_ARMOR_LEATHER_SET2@3	Grandmaster's Hunter Jacket	Casaco de Caçador do Grão-mestre
4177	T7_ARMOR_LEATHER_SET2@4	Grandmaster's Hunter Jacket	Casaco de Caçador do Grão-mestre
4178	T8_ARMOR_LEATHER_SET2	Elder's Hunter Jacket	Casaco de Caçador do Ancião
4179	T8_ARMOR_LEATHER_SET2@1	Elder's Hunter Jacket	Casaco de Caçador do Ancião
4180	T8_ARMOR_LEATHER_SET2@2	Elder's Hunter Jacket	Casaco de Caçador do Ancião
4181	T8_ARMOR_LEATHER_SET2@3	Elder's Hunter Jacket	Casaco de Caçador do Ancião
4182	T8_ARMOR_LEATHER_SET2@4	Elder's Hunter Jacket	Casaco de Caçador do Ancião
4183	T4_SHOES_LEATHER_SET2	Adept's Hunter Shoes	Sapatos de Caçador do Adepto
4184	T4_SHOES_LEATHER_SET2@1	Adept's Hunter Shoes	Sapatos de Caçador do Adepto
4185	T4_SHOES_LEATHER_SET2@2	Adept's Hunter Shoes	Sapatos de Caçador do Adepto
4186	T4_SHOES_LEATHER_SET2@3	Adept's Hunter Shoes	Sapatos de Caçador do Adepto
4187	T4_SHOES_LEATHER_SET2@4	Adept's Hunter Shoes	Sapatos de Caçador do Adepto
4188	T5_SHOES_LEATHER_SET2	Expert's Hunter Shoes	Sapatos de Caçador do Perito
4189	T5_SHOES_LEATHER_SET2@1	Expert's Hunter Shoes	Sapatos de Caçador do Perito
4190	T5_SHOES_LEATHER_SET2@2	Expert's Hunter Shoes	Sapatos de Caçador do Perito
4191	T5_SHOES_LEATHER_SET2@3	Expert's Hunter Shoes	Sapatos de Caçador do Perito
4192	T5_SHOES_LEATHER_SET2@4	Expert's Hunter Shoes	Sapatos de Caçador do Perito
4193	T6_SHOES_LEATHER_SET2	Master's Hunter Shoes	Sapatos de Caçador do Mestre
4194	T6_SHOES_LEATHER_SET2@1	Master's Hunter Shoes	Sapatos de Caçador do Mestre
4195	T6_SHOES_LEATHER_SET2@2	Master's Hunter Shoes	Sapatos de Caçador do Mestre
4196	T6_SHOES_LEATHER_SET2@3	Master's Hunter Shoes	Sapatos de Caçador do Mestre
4197	T6_SHOES_LEATHER_SET2@4	Master's Hunter Shoes	Sapatos de Caçador do Mestre
4198	T7_SHOES_LEATHER_SET2	Grandmaster's Hunter Shoes	Sapatos de Caçador do Grão-mestre
4199	T7_SHOES_LEATHER_SET2@1	Grandmaster's Hunter Shoes	Sapatos de Caçador do Grão-mestre
4200	T7_SHOES_LEATHER_SET2@2	Grandmaster's Hunter Shoes	Sapatos de Caçador do Grão-mestre
4201	T7_SHOES_LEATHER_SET2@3	Grandmaster's Hunter Shoes	Sapatos de Caçador do Grão-mestre
4202	T7_SHOES_LEATHER_SET2@4	Grandmaster's Hunter Shoes	Sapatos de Caçador do Grão-mestre
4203	T8_SHOES_LEATHER_SET2	Elder's Hunter Shoes	Sapatos de Caçador do Ancião
4204	T8_SHOES_LEATHER_SET2@1	Elder's Hunter Shoes	Sapatos de Caçador do Ancião
4205	T8_SHOES_LEATHER_SET2@2	Elder's Hunter Shoes	Sapatos de Caçador do Ancião
4206	T8_SHOES_LEATHER_SET2@3	Elder's Hunter Shoes	Sapatos de Caçador do Ancião
4207	T8_SHOES_LEATHER_SET2@4	Elder's Hunter Shoes	Sapatos de Caçador do Ancião
4208	T4_HEAD_LEATHER_SET3	Adept's Assassin Hood	Capuz de Assassino do Adepto
4209	T4_HEAD_LEATHER_SET3@1	Adept's Assassin Hood	Capuz de Assassino do Adepto
4210	T4_HEAD_LEATHER_SET3@2	Adept's Assassin Hood	Capuz de Assassino do Adepto
4211	T4_HEAD_LEATHER_SET3@3	Adept's Assassin Hood	Capuz de Assassino do Adepto
4212	T4_HEAD_LEATHER_SET3@4	Adept's Assassin Hood	Capuz de Assassino do Adepto
4213	T5_HEAD_LEATHER_SET3	Expert's Assassin Hood	Capuz de Assassino do Perito
4214	T5_HEAD_LEATHER_SET3@1	Expert's Assassin Hood	Capuz de Assassino do Perito
4215	T5_HEAD_LEATHER_SET3@2	Expert's Assassin Hood	Capuz de Assassino do Perito
4216	T5_HEAD_LEATHER_SET3@3	Expert's Assassin Hood	Capuz de Assassino do Perito
4217	T5_HEAD_LEATHER_SET3@4	Expert's Assassin Hood	Capuz de Assassino do Perito
4218	T6_HEAD_LEATHER_SET3	Master's Assassin Hood	Capuz de Assassino do Mestre
4219	T6_HEAD_LEATHER_SET3@1	Master's Assassin Hood	Capuz de Assassino do Mestre
4220	T6_HEAD_LEATHER_SET3@2	Master's Assassin Hood	Capuz de Assassino do Mestre
4221	T6_HEAD_LEATHER_SET3@3	Master's Assassin Hood	Capuz de Assassino do Mestre
4222	T6_HEAD_LEATHER_SET3@4	Master's Assassin Hood	Capuz de Assassino do Mestre
4223	T7_HEAD_LEATHER_SET3	Grandmaster's Assassin Hood	Capuz de Assassino do Grão-mestre
4224	T7_HEAD_LEATHER_SET3@1	Grandmaster's Assassin Hood	Capuz de Assassino do Grão-mestre
4225	T7_HEAD_LEATHER_SET3@2	Grandmaster's Assassin Hood	Capuz de Assassino do Grão-mestre
4226	T7_HEAD_LEATHER_SET3@3	Grandmaster's Assassin Hood	Capuz de Assassino do Grão-mestre
4227	T7_HEAD_LEATHER_SET3@4	Grandmaster's Assassin Hood	Capuz de Assassino do Grão-mestre
4228	T8_HEAD_LEATHER_SET3	Elder's Assassin Hood	Capuz de Assassino do Ancião
4229	T8_HEAD_LEATHER_SET3@1	Elder's Assassin Hood	Capuz de Assassino do Ancião
4230	T8_HEAD_LEATHER_SET3@2	Elder's Assassin Hood	Capuz de Assassino do Ancião
4231	T8_HEAD_LEATHER_SET3@3	Elder's Assassin Hood	Capuz de Assassino do Ancião
4232	T8_HEAD_LEATHER_SET3@4	Elder's Assassin Hood	Capuz de Assassino do Ancião
4233	T4_ARMOR_LEATHER_SET3	Adept's Assassin Jacket	Casaco de Assassino do Adepto
4234	T4_ARMOR_LEATHER_SET3@1	Adept's Assassin Jacket	Casaco de Assassino do Adepto
4235	T4_ARMOR_LEATHER_SET3@2	Adept's Assassin Jacket	Casaco de Assassino do Adepto
4236	T4_ARMOR_LEATHER_SET3@3	Adept's Assassin Jacket	Casaco de Assassino do Adepto
4237	T4_ARMOR_LEATHER_SET3@4	Adept's Assassin Jacket	Casaco de Assassino do Adepto
4238	T5_ARMOR_LEATHER_SET3	Expert's Assassin Jacket	Casaco de Assassino do Perito
4239	T5_ARMOR_LEATHER_SET3@1	Expert's Assassin Jacket	Casaco de Assassino do Perito
4240	T5_ARMOR_LEATHER_SET3@2	Expert's Assassin Jacket	Casaco de Assassino do Perito
4241	T5_ARMOR_LEATHER_SET3@3	Expert's Assassin Jacket	Casaco de Assassino do Perito
4242	T5_ARMOR_LEATHER_SET3@4	Expert's Assassin Jacket	Casaco de Assassino do Perito
4243	T6_ARMOR_LEATHER_SET3	Master's Assassin Jacket	Casaco de Assassino do Mestre
4244	T6_ARMOR_LEATHER_SET3@1	Master's Assassin Jacket	Casaco de Assassino do Mestre
4245	T6_ARMOR_LEATHER_SET3@2	Master's Assassin Jacket	Casaco de Assassino do Mestre
4246	T6_ARMOR_LEATHER_SET3@3	Master's Assassin Jacket	Casaco de Assassino do Mestre
4247	T6_ARMOR_LEATHER_SET3@4	Master's Assassin Jacket	Casaco de Assassino do Mestre
4248	T7_ARMOR_LEATHER_SET3	Grandmaster's Assassin Jacket	Casaco de Assassino do Grão-mestre
4249	T7_ARMOR_LEATHER_SET3@1	Grandmaster's Assassin Jacket	Casaco de Assassino do Grão-mestre
4250	T7_ARMOR_LEATHER_SET3@2	Grandmaster's Assassin Jacket	Casaco de Assassino do Grão-mestre
4251	T7_ARMOR_LEATHER_SET3@3	Grandmaster's Assassin Jacket	Casaco de Assassino do Grão-mestre
4252	T7_ARMOR_LEATHER_SET3@4	Grandmaster's Assassin Jacket	Casaco de Assassino do Grão-mestre
4253	T8_ARMOR_LEATHER_SET3	Elder's Assassin Jacket	Casaco de Assassino do Ancião
4254	T8_ARMOR_LEATHER_SET3@1	Elder's Assassin Jacket	Casaco de Assassino do Ancião
4255	T8_ARMOR_LEATHER_SET3@2	Elder's Assassin Jacket	Casaco de Assassino do Ancião
4256	T8_ARMOR_LEATHER_SET3@3	Elder's Assassin Jacket	Casaco de Assassino do Ancião
4257	T8_ARMOR_LEATHER_SET3@4	Elder's Assassin Jacket	Casaco de Assassino do Ancião
4258	T4_SHOES_LEATHER_SET3	Adept's Assassin Shoes	Sapatos de Assassino do Adepto
4259	T4_SHOES_LEATHER_SET3@1	Adept's Assassin Shoes	Sapatos de Assassino do Adepto
4260	T4_SHOES_LEATHER_SET3@2	Adept's Assassin Shoes	Sapatos de Assassino do Adepto
4261	T4_SHOES_LEATHER_SET3@3	Adept's Assassin Shoes	Sapatos de Assassino do Adepto
4262	T4_SHOES_LEATHER_SET3@4	Adept's Assassin Shoes	Sapatos de Assassino do Adepto
4263	T5_SHOES_LEATHER_SET3	Expert's Assassin Shoes	Sapatos de Assassino do Perito
4264	T5_SHOES_LEATHER_SET3@1	Expert's Assassin Shoes	Sapatos de Assassino do Perito
4265	T5_SHOES_LEATHER_SET3@2	Expert's Assassin Shoes	Sapatos de Assassino do Perito
4266	T5_SHOES_LEATHER_SET3@3	Expert's Assassin Shoes	Sapatos de Assassino do Perito
4267	T5_SHOES_LEATHER_SET3@4	Expert's Assassin Shoes	Sapatos de Assassino do Perito
4268	T6_SHOES_LEATHER_SET3	Master's Assassin Shoes	Sapatos de Assassino do Mestre
4269	T6_SHOES_LEATHER_SET3@1	Master's Assassin Shoes	Sapatos de Assassino do Mestre
4270	T6_SHOES_LEATHER_SET3@2	Master's Assassin Shoes	Sapatos de Assassino do Mestre
4271	T6_SHOES_LEATHER_SET3@3	Master's Assassin Shoes	Sapatos de Assassino do Mestre
4272	T6_SHOES_LEATHER_SET3@4	Master's Assassin Shoes	Sapatos de Assassino do Mestre
4273	T7_SHOES_LEATHER_SET3	Grandmaster's Assassin Shoes	Sapatos de Assassino do Grão-mestre
4274	T7_SHOES_LEATHER_SET3@1	Grandmaster's Assassin Shoes	Sapatos de Assassino do Grão-mestre
4275	T7_SHOES_LEATHER_SET3@2	Grandmaster's Assassin Shoes	Sapatos de Assassino do Grão-mestre
4276	T7_SHOES_LEATHER_SET3@3	Grandmaster's Assassin Shoes	Sapatos de Assassino do Grão-mestre
4277	T7_SHOES_LEATHER_SET3@4	Grandmaster's Assassin Shoes	Sapatos de Assassino do Grão-mestre
4278	T8_SHOES_LEATHER_SET3	Elder's Assassin Shoes	Sapatos de Assassino do Ancião
4279	T8_SHOES_LEATHER_SET3@1	Elder's Assassin Shoes	Sapatos de Assassino do Ancião
4280	T8_SHOES_LEATHER_SET3@2	Elder's Assassin Shoes	Sapatos de Assassino do Ancião
4281	T8_SHOES_LEATHER_SET3@3	Elder's Assassin Shoes	Sapatos de Assassino do Ancião
4282	T8_SHOES_LEATHER_SET3@4	Elder's Assassin Shoes	Sapatos de Assassino do Ancião
4283	T4_HEAD_LEATHER_MORGANA	Adept's Stalker Hood	Capuz de Espreitador do Adepto
4284	T4_HEAD_LEATHER_MORGANA@1	Adept's Stalker Hood	Capuz de Espreitador do Adepto
4285	T4_HEAD_LEATHER_MORGANA@2	Adept's Stalker Hood	Capuz de Espreitador do Adepto
4286	T4_HEAD_LEATHER_MORGANA@3	Adept's Stalker Hood	Capuz de Espreitador do Adepto
4287	T4_HEAD_LEATHER_MORGANA@4	Adept's Stalker Hood	Capuz de Espreitador do Adepto
4288	T5_HEAD_LEATHER_MORGANA	Expert's Stalker Hood	Capuz de Espreitador do Perito
4289	T5_HEAD_LEATHER_MORGANA@1	Expert's Stalker Hood	Capuz de Espreitador do Perito
4290	T5_HEAD_LEATHER_MORGANA@2	Expert's Stalker Hood	Capuz de Espreitador do Perito
4291	T5_HEAD_LEATHER_MORGANA@3	Expert's Stalker Hood	Capuz de Espreitador do Perito
4292	T5_HEAD_LEATHER_MORGANA@4	Expert's Stalker Hood	Capuz de Espreitador do Perito
4293	T6_HEAD_LEATHER_MORGANA	Master's Stalker Hood	Capuz de Espreitador do Mestre
4294	T6_HEAD_LEATHER_MORGANA@1	Master's Stalker Hood	Capuz de Espreitador do Mestre
4295	T6_HEAD_LEATHER_MORGANA@2	Master's Stalker Hood	Capuz de Espreitador do Mestre
4296	T6_HEAD_LEATHER_MORGANA@3	Master's Stalker Hood	Capuz de Espreitador do Mestre
4297	T6_HEAD_LEATHER_MORGANA@4	Master's Stalker Hood	Capuz de Espreitador do Mestre
4298	T7_HEAD_LEATHER_MORGANA	Grandmaster's Stalker Hood	Capuz de Espreitador do Grão-mestre
4299	T7_HEAD_LEATHER_MORGANA@1	Grandmaster's Stalker Hood	Capuz de Espreitador do Grão-mestre
4300	T7_HEAD_LEATHER_MORGANA@2	Grandmaster's Stalker Hood	Capuz de Espreitador do Grão-mestre
4301	T7_HEAD_LEATHER_MORGANA@3	Grandmaster's Stalker Hood	Capuz de Espreitador do Grão-mestre
4302	T7_HEAD_LEATHER_MORGANA@4	Grandmaster's Stalker Hood	Capuz de Espreitador do Grão-mestre
4303	T8_HEAD_LEATHER_MORGANA	Elder's Stalker Hood	Capuz de Espreitador do Ancião
4304	T8_HEAD_LEATHER_MORGANA@1	Elder's Stalker Hood	Capuz de Espreitador do Ancião
4305	T8_HEAD_LEATHER_MORGANA@2	Elder's Stalker Hood	Capuz de Espreitador do Ancião
4306	T8_HEAD_LEATHER_MORGANA@3	Elder's Stalker Hood	Capuz de Espreitador do Ancião
4307	T8_HEAD_LEATHER_MORGANA@4	Elder's Stalker Hood	Capuz de Espreitador do Ancião
4308	T4_ARMOR_LEATHER_MORGANA	Adept's Stalker Jacket	Casaco de Espreitador do Adepto
4309	T4_ARMOR_LEATHER_MORGANA@1	Adept's Stalker Jacket	Casaco de Espreitador do Adepto
4310	T4_ARMOR_LEATHER_MORGANA@2	Adept's Stalker Jacket	Casaco de Espreitador do Adepto
4311	T4_ARMOR_LEATHER_MORGANA@3	Adept's Stalker Jacket	Casaco de Espreitador do Adepto
4312	T4_ARMOR_LEATHER_MORGANA@4	Adept's Stalker Jacket	Casaco de Espreitador do Adepto
4313	T5_ARMOR_LEATHER_MORGANA	Expert's Stalker Jacket	Casaco de Espreitador do Perito
4314	T5_ARMOR_LEATHER_MORGANA@1	Expert's Stalker Jacket	Casaco de Espreitador do Perito
4315	T5_ARMOR_LEATHER_MORGANA@2	Expert's Stalker Jacket	Casaco de Espreitador do Perito
4316	T5_ARMOR_LEATHER_MORGANA@3	Expert's Stalker Jacket	Casaco de Espreitador do Perito
4317	T5_ARMOR_LEATHER_MORGANA@4	Expert's Stalker Jacket	Casaco de Espreitador do Perito
4318	T6_ARMOR_LEATHER_MORGANA	Master's Stalker Jacket	Casaco de Espreitador do Mestre
4319	T6_ARMOR_LEATHER_MORGANA@1	Master's Stalker Jacket	Casaco de Espreitador do Mestre
4320	T6_ARMOR_LEATHER_MORGANA@2	Master's Stalker Jacket	Casaco de Espreitador do Mestre
4321	T6_ARMOR_LEATHER_MORGANA@3	Master's Stalker Jacket	Casaco de Espreitador do Mestre
4322	T6_ARMOR_LEATHER_MORGANA@4	Master's Stalker Jacket	Casaco de Espreitador do Mestre
4323	T7_ARMOR_LEATHER_MORGANA	Grandmaster's Stalker Jacket	Casaco de Espreitador do Grão-mestre
4324	T7_ARMOR_LEATHER_MORGANA@1	Grandmaster's Stalker Jacket	Casaco de Espreitador do Grão-mestre
4325	T7_ARMOR_LEATHER_MORGANA@2	Grandmaster's Stalker Jacket	Casaco de Espreitador do Grão-mestre
4326	T7_ARMOR_LEATHER_MORGANA@3	Grandmaster's Stalker Jacket	Casaco de Espreitador do Grão-mestre
4327	T7_ARMOR_LEATHER_MORGANA@4	Grandmaster's Stalker Jacket	Casaco de Espreitador do Grão-mestre
4328	T8_ARMOR_LEATHER_MORGANA	Elder's Stalker Jacket	Casaco de Espreitador do Ancião
4329	T8_ARMOR_LEATHER_MORGANA@1	Elder's Stalker Jacket	Casaco de Espreitador do Ancião
4330	T8_ARMOR_LEATHER_MORGANA@2	Elder's Stalker Jacket	Casaco de Espreitador do Ancião
4331	T8_ARMOR_LEATHER_MORGANA@3	Elder's Stalker Jacket	Casaco de Espreitador do Ancião
4332	T8_ARMOR_LEATHER_MORGANA@4	Elder's Stalker Jacket	Casaco de Espreitador do Ancião
4333	T4_SHOES_LEATHER_MORGANA	Adept's Stalker Shoes	Sapatos de Espreitador do Adepto
4334	T4_SHOES_LEATHER_MORGANA@1	Adept's Stalker Shoes	Sapatos de Espreitador do Adepto
4335	T4_SHOES_LEATHER_MORGANA@2	Adept's Stalker Shoes	Sapatos de Espreitador do Adepto
4336	T4_SHOES_LEATHER_MORGANA@3	Adept's Stalker Shoes	Sapatos de Espreitador do Adepto
4337	T4_SHOES_LEATHER_MORGANA@4	Adept's Stalker Shoes	Sapatos de Espreitador do Adepto
4338	T5_SHOES_LEATHER_MORGANA	Expert's Stalker Shoes	Sapatos de Espreitador do Perito
4339	T5_SHOES_LEATHER_MORGANA@1	Expert's Stalker Shoes	Sapatos de Espreitador do Perito
4340	T5_SHOES_LEATHER_MORGANA@2	Expert's Stalker Shoes	Sapatos de Espreitador do Perito
4341	T5_SHOES_LEATHER_MORGANA@3	Expert's Stalker Shoes	Sapatos de Espreitador do Perito
4342	T5_SHOES_LEATHER_MORGANA@4	Expert's Stalker Shoes	Sapatos de Espreitador do Perito
4343	T6_SHOES_LEATHER_MORGANA	Master's Stalker Shoes	Sapatos de Espreitador do Mestre
4344	T6_SHOES_LEATHER_MORGANA@1	Master's Stalker Shoes	Sapatos de Espreitador do Mestre
4345	T6_SHOES_LEATHER_MORGANA@2	Master's Stalker Shoes	Sapatos de Espreitador do Mestre
4346	T6_SHOES_LEATHER_MORGANA@3	Master's Stalker Shoes	Sapatos de Espreitador do Mestre
4347	T6_SHOES_LEATHER_MORGANA@4	Master's Stalker Shoes	Sapatos de Espreitador do Mestre
4348	T7_SHOES_LEATHER_MORGANA	Grandmaster's Stalker Shoes	Sapatos de Espreitador do Grão-mestre
4349	T7_SHOES_LEATHER_MORGANA@1	Grandmaster's Stalker Shoes	Sapatos de Espreitador do Grão-mestre
4350	T7_SHOES_LEATHER_MORGANA@2	Grandmaster's Stalker Shoes	Sapatos de Espreitador do Grão-mestre
4351	T7_SHOES_LEATHER_MORGANA@3	Grandmaster's Stalker Shoes	Sapatos de Espreitador do Grão-mestre
4352	T7_SHOES_LEATHER_MORGANA@4	Grandmaster's Stalker Shoes	Sapatos de Espreitador do Grão-mestre
4353	T8_SHOES_LEATHER_MORGANA	Elder's Stalker Shoes	Sapatos de Espreitador do Ancião
4354	T8_SHOES_LEATHER_MORGANA@1	Elder's Stalker Shoes	Sapatos de Espreitador do Ancião
4355	T8_SHOES_LEATHER_MORGANA@2	Elder's Stalker Shoes	Sapatos de Espreitador do Ancião
4356	T8_SHOES_LEATHER_MORGANA@3	Elder's Stalker Shoes	Sapatos de Espreitador do Ancião
4357	T8_SHOES_LEATHER_MORGANA@4	Elder's Stalker Shoes	Sapatos de Espreitador do Ancião
4358	T4_HEAD_LEATHER_HELL	Adept's Hellion Hood	Capuz Inferial do Adepto
4359	T4_HEAD_LEATHER_HELL@1	Adept's Hellion Hood	Capuz Inferial do Adepto
4360	T4_HEAD_LEATHER_HELL@2	Adept's Hellion Hood	Capuz Inferial do Adepto
4361	T4_HEAD_LEATHER_HELL@3	Adept's Hellion Hood	Capuz Inferial do Adepto
4362	T4_HEAD_LEATHER_HELL@4	Adept's Hellion Hood	Capuz Inferial do Adepto
4363	T5_HEAD_LEATHER_HELL	Expert's Hellion Hood	Capuz Inferial do Perito
4364	T5_HEAD_LEATHER_HELL@1	Expert's Hellion Hood	Capuz Inferial do Perito
4365	T5_HEAD_LEATHER_HELL@2	Expert's Hellion Hood	Capuz Inferial do Perito
4366	T5_HEAD_LEATHER_HELL@3	Expert's Hellion Hood	Capuz Inferial do Perito
4367	T5_HEAD_LEATHER_HELL@4	Expert's Hellion Hood	Capuz Inferial do Perito
4368	T6_HEAD_LEATHER_HELL	Master's Hellion Hood	Capuz Inferial do Mestre
4369	T6_HEAD_LEATHER_HELL@1	Master's Hellion Hood	Capuz Inferial do Mestre
4370	T6_HEAD_LEATHER_HELL@2	Master's Hellion Hood	Capuz Inferial do Mestre
4371	T6_HEAD_LEATHER_HELL@3	Master's Hellion Hood	Capuz Inferial do Mestre
4372	T6_HEAD_LEATHER_HELL@4	Master's Hellion Hood	Capuz Inferial do Mestre
4373	T7_HEAD_LEATHER_HELL	Grandmaster's Hellion Hood	Capuz Inferial do Grão-mestre
4374	T7_HEAD_LEATHER_HELL@1	Grandmaster's Hellion Hood	Capuz Inferial do Grão-mestre
4375	T7_HEAD_LEATHER_HELL@2	Grandmaster's Hellion Hood	Capuz Inferial do Grão-mestre
4376	T7_HEAD_LEATHER_HELL@3	Grandmaster's Hellion Hood	Capuz Inferial do Grão-mestre
4377	T7_HEAD_LEATHER_HELL@4	Grandmaster's Hellion Hood	Capuz Inferial do Grão-mestre
4378	T8_HEAD_LEATHER_HELL	Elder's Hellion Hood	Capuz Inferial do Ancião
4379	T8_HEAD_LEATHER_HELL@1	Elder's Hellion Hood	Capuz Inferial do Ancião
4380	T8_HEAD_LEATHER_HELL@2	Elder's Hellion Hood	Capuz Inferial do Ancião
4381	T8_HEAD_LEATHER_HELL@3	Elder's Hellion Hood	Capuz Inferial do Ancião
4382	T8_HEAD_LEATHER_HELL@4	Elder's Hellion Hood	Capuz Inferial do Ancião
4383	T4_ARMOR_LEATHER_HELL	Adept's Hellion Jacket	Casaco Inferial do Adepto
4384	T4_ARMOR_LEATHER_HELL@1	Adept's Hellion Jacket	Casaco Inferial do Adepto
4385	T4_ARMOR_LEATHER_HELL@2	Adept's Hellion Jacket	Casaco Inferial do Adepto
4386	T4_ARMOR_LEATHER_HELL@3	Adept's Hellion Jacket	Casaco Inferial do Adepto
4387	T4_ARMOR_LEATHER_HELL@4	Adept's Hellion Jacket	Casaco Inferial do Adepto
4388	T5_ARMOR_LEATHER_HELL	Expert's Hellion Jacket	Casaco Inferial do Perito
4389	T5_ARMOR_LEATHER_HELL@1	Expert's Hellion Jacket	Casaco Inferial do Perito
4390	T5_ARMOR_LEATHER_HELL@2	Expert's Hellion Jacket	Casaco Inferial do Perito
4391	T5_ARMOR_LEATHER_HELL@3	Expert's Hellion Jacket	Casaco Inferial do Perito
4392	T5_ARMOR_LEATHER_HELL@4	Expert's Hellion Jacket	Casaco Inferial do Perito
4393	T6_ARMOR_LEATHER_HELL	Master's Hellion Jacket	Casaco Inferial do Mestre
4394	T6_ARMOR_LEATHER_HELL@1	Master's Hellion Jacket	Casaco Inferial do Mestre
4395	T6_ARMOR_LEATHER_HELL@2	Master's Hellion Jacket	Casaco Inferial do Mestre
4396	T6_ARMOR_LEATHER_HELL@3	Master's Hellion Jacket	Casaco Inferial do Mestre
4397	T6_ARMOR_LEATHER_HELL@4	Master's Hellion Jacket	Casaco Inferial do Mestre
4398	T7_ARMOR_LEATHER_HELL	Grandmaster's Hellion Jacket	Casaco Inferial do Grão-mestre
4399	T7_ARMOR_LEATHER_HELL@1	Grandmaster's Hellion Jacket	Casaco Inferial do Grão-mestre
4400	T7_ARMOR_LEATHER_HELL@2	Grandmaster's Hellion Jacket	Casaco Inferial do Grão-mestre
4401	T7_ARMOR_LEATHER_HELL@3	Grandmaster's Hellion Jacket	Casaco Inferial do Grão-mestre
4402	T7_ARMOR_LEATHER_HELL@4	Grandmaster's Hellion Jacket	Casaco Inferial do Grão-mestre
4403	T8_ARMOR_LEATHER_HELL	Elder's Hellion Jacket	Casaco Inferial do Ancião
4404	T8_ARMOR_LEATHER_HELL@1	Elder's Hellion Jacket	Casaco Inferial do Ancião
4405	T8_ARMOR_LEATHER_HELL@2	Elder's Hellion Jacket	Casaco Inferial do Ancião
4406	T8_ARMOR_LEATHER_HELL@3	Elder's Hellion Jacket	Casaco Inferial do Ancião
4407	T8_ARMOR_LEATHER_HELL@4	Elder's Hellion Jacket	Casaco Inferial do Ancião
4408	T4_SHOES_LEATHER_HELL	Adept's Hellion Shoes	Sapatos Inferiais do Adepto
4409	T4_SHOES_LEATHER_HELL@1	Adept's Hellion Shoes	Sapatos Inferiais do Adepto
4410	T4_SHOES_LEATHER_HELL@2	Adept's Hellion Shoes	Sapatos Inferiais do Adepto
4411	T4_SHOES_LEATHER_HELL@3	Adept's Hellion Shoes	Sapatos Inferiais do Adepto
4412	T4_SHOES_LEATHER_HELL@4	Adept's Hellion Shoes	Sapatos Inferiais do Adepto
4413	T5_SHOES_LEATHER_HELL	Expert's Hellion Shoes	Sapatos Inferiais do Perito
4414	T5_SHOES_LEATHER_HELL@1	Expert's Hellion Shoes	Sapatos Inferiais do Perito
4415	T5_SHOES_LEATHER_HELL@2	Expert's Hellion Shoes	Sapatos Inferiais do Perito
4416	T5_SHOES_LEATHER_HELL@3	Expert's Hellion Shoes	Sapatos Inferiais do Perito
4417	T5_SHOES_LEATHER_HELL@4	Expert's Hellion Shoes	Sapatos Inferiais do Perito
4418	T6_SHOES_LEATHER_HELL	Master's Hellion Shoes	Sapatos Inferiais do Mestre
4419	T6_SHOES_LEATHER_HELL@1	Master's Hellion Shoes	Sapatos Inferiais do Mestre
4420	T6_SHOES_LEATHER_HELL@2	Master's Hellion Shoes	Sapatos Inferiais do Mestre
4421	T6_SHOES_LEATHER_HELL@3	Master's Hellion Shoes	Sapatos Inferiais do Mestre
4422	T6_SHOES_LEATHER_HELL@4	Master's Hellion Shoes	Sapatos Inferiais do Mestre
4423	T7_SHOES_LEATHER_HELL	Grandmaster's Hellion Shoes	Sapatos Inferiais do Grão-mestre
4424	T7_SHOES_LEATHER_HELL@1	Grandmaster's Hellion Shoes	Sapatos Inferiais do Grão-mestre
4425	T7_SHOES_LEATHER_HELL@2	Grandmaster's Hellion Shoes	Sapatos Inferiais do Grão-mestre
4426	T7_SHOES_LEATHER_HELL@3	Grandmaster's Hellion Shoes	Sapatos Inferiais do Grão-mestre
4427	T7_SHOES_LEATHER_HELL@4	Grandmaster's Hellion Shoes	Sapatos Inferiais do Grão-mestre
4428	T8_SHOES_LEATHER_HELL	Elder's Hellion Shoes	Sapatos Inferiais do Ancião
4429	T8_SHOES_LEATHER_HELL@1	Elder's Hellion Shoes	Sapatos Inferiais do Ancião
4430	T8_SHOES_LEATHER_HELL@2	Elder's Hellion Shoes	Sapatos Inferiais do Ancião
4431	T8_SHOES_LEATHER_HELL@3	Elder's Hellion Shoes	Sapatos Inferiais do Ancião
4432	T8_SHOES_LEATHER_HELL@4	Elder's Hellion Shoes	Sapatos Inferiais do Ancião
4433	T4_HEAD_LEATHER_UNDEAD	Adept's Specter Hood	Capuz Espectral do Adepto
4434	T4_HEAD_LEATHER_UNDEAD@1	Adept's Specter Hood	Capuz Espectral do Adepto
4435	T4_HEAD_LEATHER_UNDEAD@2	Adept's Specter Hood	Capuz Espectral do Adepto
4436	T4_HEAD_LEATHER_UNDEAD@3	Adept's Specter Hood	Capuz Espectral do Adepto
4437	T4_HEAD_LEATHER_UNDEAD@4	Adept's Specter Hood	Capuz Espectral do Adepto
4438	T5_HEAD_LEATHER_UNDEAD	Expert's Specter Hood	Capuz Espectral do Perito
4439	T5_HEAD_LEATHER_UNDEAD@1	Expert's Specter Hood	Capuz Espectral do Perito
4440	T5_HEAD_LEATHER_UNDEAD@2	Expert's Specter Hood	Capuz Espectral do Perito
4441	T5_HEAD_LEATHER_UNDEAD@3	Expert's Specter Hood	Capuz Espectral do Perito
4442	T5_HEAD_LEATHER_UNDEAD@4	Expert's Specter Hood	Capuz Espectral do Perito
4443	T6_HEAD_LEATHER_UNDEAD	Master's Specter Hood	Capuz Espectral do Mestre
4444	T6_HEAD_LEATHER_UNDEAD@1	Master's Specter Hood	Capuz Espectral do Mestre
4445	T6_HEAD_LEATHER_UNDEAD@2	Master's Specter Hood	Capuz Espectral do Mestre
4446	T6_HEAD_LEATHER_UNDEAD@3	Master's Specter Hood	Capuz Espectral do Mestre
4447	T6_HEAD_LEATHER_UNDEAD@4	Master's Specter Hood	Capuz Espectral do Mestre
4448	T7_HEAD_LEATHER_UNDEAD	Grandmaster's Specter Hood	Capuz Espectral do Grão-mestre
4449	T7_HEAD_LEATHER_UNDEAD@1	Grandmaster's Specter Hood	Capuz Espectral do Grão-mestre
4450	T7_HEAD_LEATHER_UNDEAD@2	Grandmaster's Specter Hood	Capuz Espectral do Grão-mestre
4451	T7_HEAD_LEATHER_UNDEAD@3	Grandmaster's Specter Hood	Capuz Espectral do Grão-mestre
4452	T7_HEAD_LEATHER_UNDEAD@4	Grandmaster's Specter Hood	Capuz Espectral do Grão-mestre
4453	T8_HEAD_LEATHER_UNDEAD	Elder's Specter Hood	Capuz Espectral do Ancião
4454	T8_HEAD_LEATHER_UNDEAD@1	Elder's Specter Hood	Capuz Espectral do Ancião
4455	T8_HEAD_LEATHER_UNDEAD@2	Elder's Specter Hood	Capuz Espectral do Ancião
4456	T8_HEAD_LEATHER_UNDEAD@3	Elder's Specter Hood	Capuz Espectral do Ancião
4457	T8_HEAD_LEATHER_UNDEAD@4	Elder's Specter Hood	Capuz Espectral do Ancião
4458	T4_ARMOR_LEATHER_UNDEAD	Adept's Specter Jacket	Casaco Espectral do Adepto
4459	T4_ARMOR_LEATHER_UNDEAD@1	Adept's Specter Jacket	Casaco Espectral do Adepto
4460	T4_ARMOR_LEATHER_UNDEAD@2	Adept's Specter Jacket	Casaco Espectral do Adepto
4461	T4_ARMOR_LEATHER_UNDEAD@3	Adept's Specter Jacket	Casaco Espectral do Adepto
4462	T4_ARMOR_LEATHER_UNDEAD@4	Adept's Specter Jacket	Casaco Espectral do Adepto
4463	T5_ARMOR_LEATHER_UNDEAD	Expert's Specter Jacket	Casaco Espectral do Perito
4464	T5_ARMOR_LEATHER_UNDEAD@1	Expert's Specter Jacket	Casaco Espectral do Perito
4465	T5_ARMOR_LEATHER_UNDEAD@2	Expert's Specter Jacket	Casaco Espectral do Perito
4466	T5_ARMOR_LEATHER_UNDEAD@3	Expert's Specter Jacket	Casaco Espectral do Perito
4467	T5_ARMOR_LEATHER_UNDEAD@4	Expert's Specter Jacket	Casaco Espectral do Perito
4468	T6_ARMOR_LEATHER_UNDEAD	Master's Specter Jacket	Casaco Espectral do Mestre
4469	T6_ARMOR_LEATHER_UNDEAD@1	Master's Specter Jacket	Casaco Espectral do Mestre
4470	T6_ARMOR_LEATHER_UNDEAD@2	Master's Specter Jacket	Casaco Espectral do Mestre
4471	T6_ARMOR_LEATHER_UNDEAD@3	Master's Specter Jacket	Casaco Espectral do Mestre
4472	T6_ARMOR_LEATHER_UNDEAD@4	Master's Specter Jacket	Casaco Espectral do Mestre
4473	T7_ARMOR_LEATHER_UNDEAD	Grandmaster's Specter Jacket	Casaco Espectral do Grão-mestre
4474	T7_ARMOR_LEATHER_UNDEAD@1	Grandmaster's Specter Jacket	Casaco Espectral do Grão-mestre
4475	T7_ARMOR_LEATHER_UNDEAD@2	Grandmaster's Specter Jacket	Casaco Espectral do Grão-mestre
4476	T7_ARMOR_LEATHER_UNDEAD@3	Grandmaster's Specter Jacket	Casaco Espectral do Grão-mestre
4477	T7_ARMOR_LEATHER_UNDEAD@4	Grandmaster's Specter Jacket	Casaco Espectral do Grão-mestre
4478	T8_ARMOR_LEATHER_UNDEAD	Elder's Specter Jacket	Casaco Espectral do Ancião
4479	T8_ARMOR_LEATHER_UNDEAD@1	Elder's Specter Jacket	Casaco Espectral do Ancião
4480	T8_ARMOR_LEATHER_UNDEAD@2	Elder's Specter Jacket	Casaco Espectral do Ancião
4481	T8_ARMOR_LEATHER_UNDEAD@3	Elder's Specter Jacket	Casaco Espectral do Ancião
4482	T8_ARMOR_LEATHER_UNDEAD@4	Elder's Specter Jacket	Casaco Espectral do Ancião
4483	T4_SHOES_LEATHER_UNDEAD	Adept's Specter Shoes	Sapatos Espectrais do Adepto
4484	T4_SHOES_LEATHER_UNDEAD@1	Adept's Specter Shoes	Sapatos Espectrais do Adepto
4485	T4_SHOES_LEATHER_UNDEAD@2	Adept's Specter Shoes	Sapatos Espectrais do Adepto
4486	T4_SHOES_LEATHER_UNDEAD@3	Adept's Specter Shoes	Sapatos Espectrais do Adepto
4487	T4_SHOES_LEATHER_UNDEAD@4	Adept's Specter Shoes	Sapatos Espectrais do Adepto
4488	T5_SHOES_LEATHER_UNDEAD	Expert's Specter Shoes	Sapatos Espectrais do Perito
4489	T5_SHOES_LEATHER_UNDEAD@1	Expert's Specter Shoes	Sapatos Espectrais do Perito
4490	T5_SHOES_LEATHER_UNDEAD@2	Expert's Specter Shoes	Sapatos Espectrais do Perito
4491	T5_SHOES_LEATHER_UNDEAD@3	Expert's Specter Shoes	Sapatos Espectrais do Perito
4492	T5_SHOES_LEATHER_UNDEAD@4	Expert's Specter Shoes	Sapatos Espectrais do Perito
4493	T6_SHOES_LEATHER_UNDEAD	Master's Specter Shoes	Sapatos Espectrais do Mestre
4494	T6_SHOES_LEATHER_UNDEAD@1	Master's Specter Shoes	Sapatos Espectrais do Mestre
4495	T6_SHOES_LEATHER_UNDEAD@2	Master's Specter Shoes	Sapatos Espectrais do Mestre
4496	T6_SHOES_LEATHER_UNDEAD@3	Master's Specter Shoes	Sapatos Espectrais do Mestre
4497	T6_SHOES_LEATHER_UNDEAD@4	Master's Specter Shoes	Sapatos Espectrais do Mestre
4498	T7_SHOES_LEATHER_UNDEAD	Grandmaster's Specter Shoes	Sapatos Espectrais do Grão-mestre
4499	T7_SHOES_LEATHER_UNDEAD@1	Grandmaster's Specter Shoes	Sapatos Espectrais do Grão-mestre
4500	T7_SHOES_LEATHER_UNDEAD@2	Grandmaster's Specter Shoes	Sapatos Espectrais do Grão-mestre
4501	T7_SHOES_LEATHER_UNDEAD@3	Grandmaster's Specter Shoes	Sapatos Espectrais do Grão-mestre
4502	T7_SHOES_LEATHER_UNDEAD@4	Grandmaster's Specter Shoes	Sapatos Espectrais do Grão-mestre
4503	T8_SHOES_LEATHER_UNDEAD	Elder's Specter Shoes	Sapatos Espectrais do Ancião
4504	T8_SHOES_LEATHER_UNDEAD@1	Elder's Specter Shoes	Sapatos Espectrais do Ancião
4505	T8_SHOES_LEATHER_UNDEAD@2	Elder's Specter Shoes	Sapatos Espectrais do Ancião
4506	T8_SHOES_LEATHER_UNDEAD@3	Elder's Specter Shoes	Sapatos Espectrais do Ancião
4507	T8_SHOES_LEATHER_UNDEAD@4	Elder's Specter Shoes	Sapatos Espectrais do Ancião
4508	T4_HEAD_LEATHER_FEY	Adept's Mistwalker Hood	Capuz de Andarilho da Névoa do Adepto
4509	T4_HEAD_LEATHER_FEY@1	Adept's Mistwalker Hood	Capuz de Andarilho da Névoa do Adepto
4510	T4_HEAD_LEATHER_FEY@2	Adept's Mistwalker Hood	Capuz de Andarilho da Névoa do Adepto
4511	T4_HEAD_LEATHER_FEY@3	Adept's Mistwalker Hood	Capuz de Andarilho da Névoa do Adepto
4512	T4_HEAD_LEATHER_FEY@4	Adept's Mistwalker Hood	Capuz de Andarilho da Névoa do Adepto
4513	T5_HEAD_LEATHER_FEY	Expert's Mistwalker Hood	Capuz de Andarilho da Névoa do Perito
4514	T5_HEAD_LEATHER_FEY@1	Expert's Mistwalker Hood	Capuz de Andarilho da Névoa do Perito
4515	T5_HEAD_LEATHER_FEY@2	Expert's Mistwalker Hood	Capuz de Andarilho da Névoa do Perito
4516	T5_HEAD_LEATHER_FEY@3	Expert's Mistwalker Hood	Capuz de Andarilho da Névoa do Perito
4517	T5_HEAD_LEATHER_FEY@4	Expert's Mistwalker Hood	Capuz de Andarilho da Névoa do Perito
4518	T6_HEAD_LEATHER_FEY	Master's Mistwalker Hood	Capuz de Andarilho da Névoa do Mestre
4519	T6_HEAD_LEATHER_FEY@1	Master's Mistwalker Hood	Capuz de Andarilho da Névoa do Mestre
4520	T6_HEAD_LEATHER_FEY@2	Master's Mistwalker Hood	Capuz de Andarilho da Névoa do Mestre
4521	T6_HEAD_LEATHER_FEY@3	Master's Mistwalker Hood	Capuz de Andarilho da Névoa do Mestre
4522	T6_HEAD_LEATHER_FEY@4	Master's Mistwalker Hood	Capuz de Andarilho da Névoa do Mestre
4523	T7_HEAD_LEATHER_FEY	Grandmaster's Mistwalker Hood	Capuz de Andarilho da Névoa do Grão-mestre
4524	T7_HEAD_LEATHER_FEY@1	Grandmaster's Mistwalker Hood	Capuz de Andarilho da Névoa do Grão-mestre
4525	T7_HEAD_LEATHER_FEY@2	Grandmaster's Mistwalker Hood	Capuz de Andarilho da Névoa do Grão-mestre
4526	T7_HEAD_LEATHER_FEY@3	Grandmaster's Mistwalker Hood	Capuz de Andarilho da Névoa do Grão-mestre
4527	T7_HEAD_LEATHER_FEY@4	Grandmaster's Mistwalker Hood	Capuz de Andarilho da Névoa do Grão-mestre
4528	T8_HEAD_LEATHER_FEY	Elder's Mistwalker Hood	Capuz de Andarilho da Névoa do Ancião
4529	T8_HEAD_LEATHER_FEY@1	Elder's Mistwalker Hood	Capuz de Andarilho da Névoa do Ancião
4530	T8_HEAD_LEATHER_FEY@2	Elder's Mistwalker Hood	Capuz de Andarilho da Névoa do Ancião
4531	T8_HEAD_LEATHER_FEY@3	Elder's Mistwalker Hood	Capuz de Andarilho da Névoa do Ancião
4532	T8_HEAD_LEATHER_FEY@4	Elder's Mistwalker Hood	Capuz de Andarilho da Névoa do Ancião
4533	T4_ARMOR_LEATHER_FEY	Adept's Mistwalker Jacket	Casaco de Andarilho da Névoa do Adepto
4534	T4_ARMOR_LEATHER_FEY@1	Adept's Mistwalker Jacket	Casaco de Andarilho da Névoa do Adepto
4535	T4_ARMOR_LEATHER_FEY@2	Adept's Mistwalker Jacket	Casaco de Andarilho da Névoa do Adepto
4536	T4_ARMOR_LEATHER_FEY@3	Adept's Mistwalker Jacket	Casaco de Andarilho da Névoa do Adepto
4537	T4_ARMOR_LEATHER_FEY@4	Adept's Mistwalker Jacket	Casaco de Andarilho da Névoa do Adepto
4538	T5_ARMOR_LEATHER_FEY	Expert's Mistwalker Jacket	Casaco de Andarilho da Névoa do Perito
4539	T5_ARMOR_LEATHER_FEY@1	Expert's Mistwalker Jacket	Casaco de Andarilho da Névoa do Perito
4540	T5_ARMOR_LEATHER_FEY@2	Expert's Mistwalker Jacket	Casaco de Andarilho da Névoa do Perito
4541	T5_ARMOR_LEATHER_FEY@3	Expert's Mistwalker Jacket	Casaco de Andarilho da Névoa do Perito
4542	T5_ARMOR_LEATHER_FEY@4	Expert's Mistwalker Jacket	Casaco de Andarilho da Névoa do Perito
4543	T6_ARMOR_LEATHER_FEY	Master's Mistwalker Jacket	Casaco de Andarilho da Névoa do Mestre
4544	T6_ARMOR_LEATHER_FEY@1	Master's Mistwalker Jacket	Casaco de Andarilho da Névoa do Mestre
4545	T6_ARMOR_LEATHER_FEY@2	Master's Mistwalker Jacket	Casaco de Andarilho da Névoa do Mestre
4546	T6_ARMOR_LEATHER_FEY@3	Master's Mistwalker Jacket	Casaco de Andarilho da Névoa do Mestre
4547	T6_ARMOR_LEATHER_FEY@4	Master's Mistwalker Jacket	Casaco de Andarilho da Névoa do Mestre
4548	T7_ARMOR_LEATHER_FEY	Grandmaster's Mistwalker Jacket	Casaco de Andarilho da Névoa do Grão-mestre
4549	T7_ARMOR_LEATHER_FEY@1	Grandmaster's Mistwalker Jacket	Casaco de Andarilho da Névoa do Grão-mestre
4550	T7_ARMOR_LEATHER_FEY@2	Grandmaster's Mistwalker Jacket	Casaco de Andarilho da Névoa do Grão-mestre
4551	T7_ARMOR_LEATHER_FEY@3	Grandmaster's Mistwalker Jacket	Casaco de Andarilho da Névoa do Grão-mestre
4552	T7_ARMOR_LEATHER_FEY@4	Grandmaster's Mistwalker Jacket	Casaco de Andarilho da Névoa do Grão-mestre
4553	T8_ARMOR_LEATHER_FEY	Elder's Mistwalker Jacket	Casaco de Andarilho da Névoa do Ancião
4554	T8_ARMOR_LEATHER_FEY@1	Elder's Mistwalker Jacket	Casaco de Andarilho da Névoa do Ancião
4555	T8_ARMOR_LEATHER_FEY@2	Elder's Mistwalker Jacket	Casaco de Andarilho da Névoa do Ancião
4556	T8_ARMOR_LEATHER_FEY@3	Elder's Mistwalker Jacket	Casaco de Andarilho da Névoa do Ancião
4557	T8_ARMOR_LEATHER_FEY@4	Elder's Mistwalker Jacket	Casaco de Andarilho da Névoa do Ancião
4558	T4_SHOES_LEATHER_FEY	Adept's Mistwalker Shoes	Sapatos de Andarilho da Névoa do Adepto
4559	T4_SHOES_LEATHER_FEY@1	Adept's Mistwalker Shoes	Sapatos de Andarilho da Névoa do Adepto
4560	T4_SHOES_LEATHER_FEY@2	Adept's Mistwalker Shoes	Sapatos de Andarilho da Névoa do Adepto
4561	T4_SHOES_LEATHER_FEY@3	Adept's Mistwalker Shoes	Sapatos de Andarilho da Névoa do Adepto
4562	T4_SHOES_LEATHER_FEY@4	Adept's Mistwalker Shoes	Sapatos de Andarilho da Névoa do Adepto
4563	T5_SHOES_LEATHER_FEY	Expert's Mistwalker Shoes	Sapatos de Andarilho da Névoa do Perito
4564	T5_SHOES_LEATHER_FEY@1	Expert's Mistwalker Shoes	Sapatos de Andarilho da Névoa do Perito
4565	T5_SHOES_LEATHER_FEY@2	Expert's Mistwalker Shoes	Sapatos de Andarilho da Névoa do Perito
4566	T5_SHOES_LEATHER_FEY@3	Expert's Mistwalker Shoes	Sapatos de Andarilho da Névoa do Perito
4567	T5_SHOES_LEATHER_FEY@4	Expert's Mistwalker Shoes	Sapatos de Andarilho da Névoa do Perito
4568	T6_SHOES_LEATHER_FEY	Master's Mistwalker Shoes	Sapatos de Andarilho da Névoa do Mestre
4569	T6_SHOES_LEATHER_FEY@1	Master's Mistwalker Shoes	Sapatos de Andarilho da Névoa do Mestre
4570	T6_SHOES_LEATHER_FEY@2	Master's Mistwalker Shoes	Sapatos de Andarilho da Névoa do Mestre
4571	T6_SHOES_LEATHER_FEY@3	Master's Mistwalker Shoes	Sapatos de Andarilho da Névoa do Mestre
4572	T6_SHOES_LEATHER_FEY@4	Master's Mistwalker Shoes	Sapatos de Andarilho da Névoa do Mestre
4573	T7_SHOES_LEATHER_FEY	Grandmaster's Mistwalker Shoes	Sapatos de Andarilho da Névoa do Grão-mestre
4574	T7_SHOES_LEATHER_FEY@1	Grandmaster's Mistwalker Shoes	Sapatos de Andarilho da Névoa do Grão-mestre
4575	T7_SHOES_LEATHER_FEY@2	Grandmaster's Mistwalker Shoes	Sapatos de Andarilho da Névoa do Grão-mestre
4576	T7_SHOES_LEATHER_FEY@3	Grandmaster's Mistwalker Shoes	Sapatos de Andarilho da Névoa do Grão-mestre
4577	T7_SHOES_LEATHER_FEY@4	Grandmaster's Mistwalker Shoes	Sapatos de Andarilho da Névoa do Grão-mestre
4578	T8_SHOES_LEATHER_FEY	Elder's Mistwalker Shoes	Sapatos de Andarilho da Névoa do Ancião
4579	T8_SHOES_LEATHER_FEY@1	Elder's Mistwalker Shoes	Sapatos de Andarilho da Névoa do Ancião
4580	T8_SHOES_LEATHER_FEY@2	Elder's Mistwalker Shoes	Sapatos de Andarilho da Névoa do Ancião
4581	T8_SHOES_LEATHER_FEY@3	Elder's Mistwalker Shoes	Sapatos de Andarilho da Névoa do Ancião
4582	T8_SHOES_LEATHER_FEY@4	Elder's Mistwalker Shoes	Sapatos de Andarilho da Névoa do Ancião
4583	T4_HEAD_LEATHER_AVALON	Adept's Hood of Tenacity	Capuz da Tenacidade do Adepto
4584	T4_HEAD_LEATHER_AVALON@1	Adept's Hood of Tenacity	Capuz da Tenacidade do Adepto
4585	T4_HEAD_LEATHER_AVALON@2	Adept's Hood of Tenacity	Capuz da Tenacidade do Adepto
4586	T4_HEAD_LEATHER_AVALON@3	Adept's Hood of Tenacity	Capuz da Tenacidade do Adepto
4587	T4_HEAD_LEATHER_AVALON@4	Adept's Hood of Tenacity	Capuz da Tenacidade do Adepto
4588	T5_HEAD_LEATHER_AVALON	Expert's Hood of Tenacity	Capuz da Tenacidade do Perito
4589	T5_HEAD_LEATHER_AVALON@1	Expert's Hood of Tenacity	Capuz da Tenacidade do Perito
4590	T5_HEAD_LEATHER_AVALON@2	Expert's Hood of Tenacity	Capuz da Tenacidade do Perito
4591	T5_HEAD_LEATHER_AVALON@3	Expert's Hood of Tenacity	Capuz da Tenacidade do Perito
4592	T5_HEAD_LEATHER_AVALON@4	Expert's Hood of Tenacity	Capuz da Tenacidade do Perito
4593	T6_HEAD_LEATHER_AVALON	Master's Hood of Tenacity	Capuz da Tenacidade do Mestre
4594	T6_HEAD_LEATHER_AVALON@1	Master's Hood of Tenacity	Capuz da Tenacidade do Mestre
4595	T6_HEAD_LEATHER_AVALON@2	Master's Hood of Tenacity	Capuz da Tenacidade do Mestre
4596	T6_HEAD_LEATHER_AVALON@3	Master's Hood of Tenacity	Capuz da Tenacidade do Mestre
4597	T6_HEAD_LEATHER_AVALON@4	Master's Hood of Tenacity	Capuz da Tenacidade do Mestre
4598	T7_HEAD_LEATHER_AVALON	Grandmaster's Hood of Tenacity	Capuz da Tenacidade do Grão-mestre
4599	T7_HEAD_LEATHER_AVALON@1	Grandmaster's Hood of Tenacity	Capuz da Tenacidade do Grão-mestre
4600	T7_HEAD_LEATHER_AVALON@2	Grandmaster's Hood of Tenacity	Capuz da Tenacidade do Grão-mestre
4601	T7_HEAD_LEATHER_AVALON@3	Grandmaster's Hood of Tenacity	Capuz da Tenacidade do Grão-mestre
4602	T7_HEAD_LEATHER_AVALON@4	Grandmaster's Hood of Tenacity	Capuz da Tenacidade do Grão-mestre
4603	T8_HEAD_LEATHER_AVALON	Elder's Hood of Tenacity	Capuz da Tenacidade do Ancião
4604	T8_HEAD_LEATHER_AVALON@1	Elder's Hood of Tenacity	Capuz da Tenacidade do Ancião
4605	T8_HEAD_LEATHER_AVALON@2	Elder's Hood of Tenacity	Capuz da Tenacidade do Ancião
4606	T8_HEAD_LEATHER_AVALON@3	Elder's Hood of Tenacity	Capuz da Tenacidade do Ancião
4607	T8_HEAD_LEATHER_AVALON@4	Elder's Hood of Tenacity	Capuz da Tenacidade do Ancião
4608	T4_ARMOR_LEATHER_AVALON	Adept's Jacket of Tenacity	Casaco da Tenacidade do Adepto
4609	T4_ARMOR_LEATHER_AVALON@1	Adept's Jacket of Tenacity	Casaco da Tenacidade do Adepto
4610	T4_ARMOR_LEATHER_AVALON@2	Adept's Jacket of Tenacity	Casaco da Tenacidade do Adepto
4611	T4_ARMOR_LEATHER_AVALON@3	Adept's Jacket of Tenacity	Casaco da Tenacidade do Adepto
4612	T4_ARMOR_LEATHER_AVALON@4	Adept's Jacket of Tenacity	Casaco da Tenacidade do Adepto
4613	T5_ARMOR_LEATHER_AVALON	Expert's Jacket of Tenacity	Casaco da Tenacidade do Perito
4614	T5_ARMOR_LEATHER_AVALON@1	Expert's Jacket of Tenacity	Casaco da Tenacidade do Perito
4615	T5_ARMOR_LEATHER_AVALON@2	Expert's Jacket of Tenacity	Casaco da Tenacidade do Perito
4616	T5_ARMOR_LEATHER_AVALON@3	Expert's Jacket of Tenacity	Casaco da Tenacidade do Perito
4617	T5_ARMOR_LEATHER_AVALON@4	Expert's Jacket of Tenacity	Casaco da Tenacidade do Perito
4618	T6_ARMOR_LEATHER_AVALON	Master's Jacket of Tenacity	Casaco da Tenacidade do Mestre
4619	T6_ARMOR_LEATHER_AVALON@1	Master's Jacket of Tenacity	Casaco da Tenacidade do Mestre
4620	T6_ARMOR_LEATHER_AVALON@2	Master's Jacket of Tenacity	Casaco da Tenacidade do Mestre
4621	T6_ARMOR_LEATHER_AVALON@3	Master's Jacket of Tenacity	Casaco da Tenacidade do Mestre
4622	T6_ARMOR_LEATHER_AVALON@4	Master's Jacket of Tenacity	Casaco da Tenacidade do Mestre
4623	T7_ARMOR_LEATHER_AVALON	Grandmaster's Jacket of Tenacity	Casaco da Tenacidade do Grão-mestre
4624	T7_ARMOR_LEATHER_AVALON@1	Grandmaster's Jacket of Tenacity	Casaco da Tenacidade do Grão-mestre
4625	T7_ARMOR_LEATHER_AVALON@2	Grandmaster's Jacket of Tenacity	Casaco da Tenacidade do Grão-mestre
4626	T7_ARMOR_LEATHER_AVALON@3	Grandmaster's Jacket of Tenacity	Casaco da Tenacidade do Grão-mestre
4627	T7_ARMOR_LEATHER_AVALON@4	Grandmaster's Jacket of Tenacity	Casaco da Tenacidade do Grão-mestre
4628	T8_ARMOR_LEATHER_AVALON	Elder's Jacket of Tenacity	Casaco da Tenacidade do Ancião
4629	T8_ARMOR_LEATHER_AVALON@1	Elder's Jacket of Tenacity	Casaco da Tenacidade do Ancião
4630	T8_ARMOR_LEATHER_AVALON@2	Elder's Jacket of Tenacity	Casaco da Tenacidade do Ancião
4631	T8_ARMOR_LEATHER_AVALON@3	Elder's Jacket of Tenacity	Casaco da Tenacidade do Ancião
4632	T8_ARMOR_LEATHER_AVALON@4	Elder's Jacket of Tenacity	Casaco da Tenacidade do Ancião
4633	T4_SHOES_LEATHER_AVALON	Adept's Shoes of Tenacity	Sapatos da Tenacidade do Adepto
4634	T4_SHOES_LEATHER_AVALON@1	Adept's Shoes of Tenacity	Sapatos da Tenacidade do Adepto
4635	T4_SHOES_LEATHER_AVALON@2	Adept's Shoes of Tenacity	Sapatos da Tenacidade do Adepto
4636	T4_SHOES_LEATHER_AVALON@3	Adept's Shoes of Tenacity	Sapatos da Tenacidade do Adepto
4637	T4_SHOES_LEATHER_AVALON@4	Adept's Shoes of Tenacity	Sapatos da Tenacidade do Adepto
4638	T5_SHOES_LEATHER_AVALON	Expert's Shoes of Tenacity	Sapatos da Tenacidade do Perito
4639	T5_SHOES_LEATHER_AVALON@1	Expert's Shoes of Tenacity	Sapatos da Tenacidade do Perito
4640	T5_SHOES_LEATHER_AVALON@2	Expert's Shoes of Tenacity	Sapatos da Tenacidade do Perito
4641	T5_SHOES_LEATHER_AVALON@3	Expert's Shoes of Tenacity	Sapatos da Tenacidade do Perito
4642	T5_SHOES_LEATHER_AVALON@4	Expert's Shoes of Tenacity	Sapatos da Tenacidade do Perito
4643	T6_SHOES_LEATHER_AVALON	Master's Shoes of Tenacity	Sapatos da Tenacidade do Mestre
4644	T6_SHOES_LEATHER_AVALON@1	Master's Shoes of Tenacity	Sapatos da Tenacidade do Mestre
4645	T6_SHOES_LEATHER_AVALON@2	Master's Shoes of Tenacity	Sapatos da Tenacidade do Mestre
4646	T6_SHOES_LEATHER_AVALON@3	Master's Shoes of Tenacity	Sapatos da Tenacidade do Mestre
4647	T6_SHOES_LEATHER_AVALON@4	Master's Shoes of Tenacity	Sapatos da Tenacidade do Mestre
4648	T7_SHOES_LEATHER_AVALON	Grandmaster's Shoes of Tenacity	Sapatos da Tenacidade do Grão-mestre
4649	T7_SHOES_LEATHER_AVALON@1	Grandmaster's Shoes of Tenacity	Sapatos da Tenacidade do Grão-mestre
4650	T7_SHOES_LEATHER_AVALON@2	Grandmaster's Shoes of Tenacity	Sapatos da Tenacidade do Grão-mestre
4651	T7_SHOES_LEATHER_AVALON@3	Grandmaster's Shoes of Tenacity	Sapatos da Tenacidade do Grão-mestre
4652	T7_SHOES_LEATHER_AVALON@4	Grandmaster's Shoes of Tenacity	Sapatos da Tenacidade do Grão-mestre
4653	T8_SHOES_LEATHER_AVALON	Elder's Shoes of Tenacity	Sapatos da Tenacidade do Ancião
4654	T8_SHOES_LEATHER_AVALON@1	Elder's Shoes of Tenacity	Sapatos da Tenacidade do Ancião
4655	T8_SHOES_LEATHER_AVALON@2	Elder's Shoes of Tenacity	Sapatos da Tenacidade do Ancião
4656	T8_SHOES_LEATHER_AVALON@3	Elder's Shoes of Tenacity	Sapatos da Tenacidade do Ancião
4657	T8_SHOES_LEATHER_AVALON@4	Elder's Shoes of Tenacity	Sapatos da Tenacidade do Ancião
4658	T4_HEAD_LEATHER_DRAGON	Adept's Dragonslayer Hood	Capuz Mata-dragões do Adepto
4659	T4_HEAD_LEATHER_DRAGON@1	Adept's Dragonslayer Hood	Capuz Mata-dragões do Adepto
4660	T4_HEAD_LEATHER_DRAGON@2	Adept's Dragonslayer Hood	Capuz Mata-dragões do Adepto
4661	T4_HEAD_LEATHER_DRAGON@3	Adept's Dragonslayer Hood	Capuz Mata-dragões do Adepto
4662	T4_HEAD_LEATHER_DRAGON@4	Adept's Dragonslayer Hood	Capuz Mata-dragões do Adepto
4663	T5_HEAD_LEATHER_DRAGON	Expert's Dragonslayer Hood	Capuz Mata-dragões do Perito
4664	T5_HEAD_LEATHER_DRAGON@1	Expert's Dragonslayer Hood	Capuz Mata-dragões do Perito
4665	T5_HEAD_LEATHER_DRAGON@2	Expert's Dragonslayer Hood	Capuz Mata-dragões do Perito
4666	T5_HEAD_LEATHER_DRAGON@3	Expert's Dragonslayer Hood	Capuz Mata-dragões do Perito
4667	T5_HEAD_LEATHER_DRAGON@4	Expert's Dragonslayer Hood	Capuz Mata-dragões do Perito
4668	T6_HEAD_LEATHER_DRAGON	Master's Dragonslayer Hood	Capuz Mata-dragões do Mestre
4669	T6_HEAD_LEATHER_DRAGON@1	Master's Dragonslayer Hood	Capuz Mata-dragões do Mestre
4670	T6_HEAD_LEATHER_DRAGON@2	Master's Dragonslayer Hood	Capuz Mata-dragões do Mestre
4671	T6_HEAD_LEATHER_DRAGON@3	Master's Dragonslayer Hood	Capuz Mata-dragões do Mestre
4672	T6_HEAD_LEATHER_DRAGON@4	Master's Dragonslayer Hood	Capuz Mata-dragões do Mestre
4673	T7_HEAD_LEATHER_DRAGON	Grandmaster's Dragonslayer Hood	Capuz Mata-dragões do Grão-mestre
4674	T7_HEAD_LEATHER_DRAGON@1	Grandmaster's Dragonslayer Hood	Capuz Mata-dragões do Grão-mestre
4675	T7_HEAD_LEATHER_DRAGON@2	Grandmaster's Dragonslayer Hood	Capuz Mata-dragões do Grão-mestre
4676	T7_HEAD_LEATHER_DRAGON@3	Grandmaster's Dragonslayer Hood	Capuz Mata-dragões do Grão-mestre
4677	T7_HEAD_LEATHER_DRAGON@4	Grandmaster's Dragonslayer Hood	Capuz Mata-dragões do Grão-mestre
4678	T8_HEAD_LEATHER_DRAGON	Elder's Dragonslayer Hood	Capuz Mata-dragões do Ancião
4679	T8_HEAD_LEATHER_DRAGON@1	Elder's Dragonslayer Hood	Capuz Mata-dragões do Ancião
4680	T8_HEAD_LEATHER_DRAGON@2	Elder's Dragonslayer Hood	Capuz Mata-dragões do Ancião
4681	T8_HEAD_LEATHER_DRAGON@3	Elder's Dragonslayer Hood	Capuz Mata-dragões do Ancião
4682	T8_HEAD_LEATHER_DRAGON@4	Elder's Dragonslayer Hood	Capuz Mata-dragões do Ancião
4683	T4_ARMOR_LEATHER_DRAGON	Adept's Dragonslayer Jacket	Casaco Mata-dragões do Adepto
4684	T4_ARMOR_LEATHER_DRAGON@1	Adept's Dragonslayer Jacket	Casaco Mata-dragões do Adepto
4685	T4_ARMOR_LEATHER_DRAGON@2	Adept's Dragonslayer Jacket	Casaco Mata-dragões do Adepto
4686	T4_ARMOR_LEATHER_DRAGON@3	Adept's Dragonslayer Jacket	Casaco Mata-dragões do Adepto
4687	T4_ARMOR_LEATHER_DRAGON@4	Adept's Dragonslayer Jacket	Casaco Mata-dragões do Adepto
4688	T5_ARMOR_LEATHER_DRAGON	Expert's Dragonslayer Jacket	Casaco Mata-dragões do Perito
4689	T5_ARMOR_LEATHER_DRAGON@1	Expert's Dragonslayer Jacket	Casaco Mata-dragões do Perito
4690	T5_ARMOR_LEATHER_DRAGON@2	Expert's Dragonslayer Jacket	Casaco Mata-dragões do Perito
4691	T5_ARMOR_LEATHER_DRAGON@3	Expert's Dragonslayer Jacket	Casaco Mata-dragões do Perito
4692	T5_ARMOR_LEATHER_DRAGON@4	Expert's Dragonslayer Jacket	Casaco Mata-dragões do Perito
4693	T6_ARMOR_LEATHER_DRAGON	Master's Dragonslayer Jacket	Casaco Mata-dragões do Mestre
4694	T6_ARMOR_LEATHER_DRAGON@1	Master's Dragonslayer Jacket	Casaco Mata-dragões do Mestre
4695	T6_ARMOR_LEATHER_DRAGON@2	Master's Dragonslayer Jacket	Casaco Mata-dragões do Mestre
4696	T6_ARMOR_LEATHER_DRAGON@3	Master's Dragonslayer Jacket	Casaco Mata-dragões do Mestre
4697	T6_ARMOR_LEATHER_DRAGON@4	Master's Dragonslayer Jacket	Casaco Mata-dragões do Mestre
4698	T7_ARMOR_LEATHER_DRAGON	Grandmaster's Dragonslayer Jacket	Casaco Mata-dragões do Grão-mestre
4699	T7_ARMOR_LEATHER_DRAGON@1	Grandmaster's Dragonslayer Jacket	Casaco Mata-dragões do Grão-mestre
4700	T7_ARMOR_LEATHER_DRAGON@2	Grandmaster's Dragonslayer Jacket	Casaco Mata-dragões do Grão-mestre
4701	T7_ARMOR_LEATHER_DRAGON@3	Grandmaster's Dragonslayer Jacket	Casaco Mata-dragões do Grão-mestre
4702	T7_ARMOR_LEATHER_DRAGON@4	Grandmaster's Dragonslayer Jacket	Casaco Mata-dragões do Grão-mestre
4703	T8_ARMOR_LEATHER_DRAGON	Elder's Dragonslayer Jacket	Casaco Mata-dragões do Ancião
4704	T8_ARMOR_LEATHER_DRAGON@1	Elder's Dragonslayer Jacket	Casaco Mata-dragões do Ancião
4705	T8_ARMOR_LEATHER_DRAGON@2	Elder's Dragonslayer Jacket	Casaco Mata-dragões do Ancião
4706	T8_ARMOR_LEATHER_DRAGON@3	Elder's Dragonslayer Jacket	Casaco Mata-dragões do Ancião
4707	T8_ARMOR_LEATHER_DRAGON@4	Elder's Dragonslayer Jacket	Casaco Mata-dragões do Ancião
4708	T4_SHOES_LEATHER_DRAGON	Adept's Dragonslayer Shoes	Sapatos Mata-dragões do Adepto
4709	T4_SHOES_LEATHER_DRAGON@1	Adept's Dragonslayer Shoes	Sapatos Mata-dragões do Adepto
4710	T4_SHOES_LEATHER_DRAGON@2	Adept's Dragonslayer Shoes	Sapatos Mata-dragões do Adepto
4711	T4_SHOES_LEATHER_DRAGON@3	Adept's Dragonslayer Shoes	Sapatos Mata-dragões do Adepto
4712	T4_SHOES_LEATHER_DRAGON@4	Adept's Dragonslayer Shoes	Sapatos Mata-dragões do Adepto
4713	T5_SHOES_LEATHER_DRAGON	Expert's Dragonslayer Shoes	Sapatos Mata-dragões do Perito
4714	T5_SHOES_LEATHER_DRAGON@1	Expert's Dragonslayer Shoes	Sapatos Mata-dragões do Perito
4715	T5_SHOES_LEATHER_DRAGON@2	Expert's Dragonslayer Shoes	Sapatos Mata-dragões do Perito
4716	T5_SHOES_LEATHER_DRAGON@3	Expert's Dragonslayer Shoes	Sapatos Mata-dragões do Perito
4717	T5_SHOES_LEATHER_DRAGON@4	Expert's Dragonslayer Shoes	Sapatos Mata-dragões do Perito
4718	T6_SHOES_LEATHER_DRAGON	Master's Dragonslayer Shoes	Sapatos Mata-dragões do Mestre
4719	T6_SHOES_LEATHER_DRAGON@1	Master's Dragonslayer Shoes	Sapatos Mata-dragões do Mestre
4720	T6_SHOES_LEATHER_DRAGON@2	Master's Dragonslayer Shoes	Sapatos Mata-dragões do Mestre
4721	T6_SHOES_LEATHER_DRAGON@3	Master's Dragonslayer Shoes	Sapatos Mata-dragões do Mestre
4722	T6_SHOES_LEATHER_DRAGON@4	Master's Dragonslayer Shoes	Sapatos Mata-dragões do Mestre
4723	T7_SHOES_LEATHER_DRAGON	Grandmaster's Dragonslayer Shoes	Sapatos Mata-dragões do Grão-mestre
4724	T7_SHOES_LEATHER_DRAGON@1	Grandmaster's Dragonslayer Shoes	Sapatos Mata-dragões do Grão-mestre
4725	T7_SHOES_LEATHER_DRAGON@2	Grandmaster's Dragonslayer Shoes	Sapatos Mata-dragões do Grão-mestre
4726	T7_SHOES_LEATHER_DRAGON@3	Grandmaster's Dragonslayer Shoes	Sapatos Mata-dragões do Grão-mestre
4727	T7_SHOES_LEATHER_DRAGON@4	Grandmaster's Dragonslayer Shoes	Sapatos Mata-dragões do Grão-mestre
4728	T8_SHOES_LEATHER_DRAGON	Elder's Dragonslayer Shoes	Sapatos Mata-dragões do Ancião
4729	T8_SHOES_LEATHER_DRAGON@1	Elder's Dragonslayer Shoes	Sapatos Mata-dragões do Ancião
4730	T8_SHOES_LEATHER_DRAGON@2	Elder's Dragonslayer Shoes	Sapatos Mata-dragões do Ancião
4731	T8_SHOES_LEATHER_DRAGON@3	Elder's Dragonslayer Shoes	Sapatos Mata-dragões do Ancião
4732	T8_SHOES_LEATHER_DRAGON@4	Elder's Dragonslayer Shoes	Sapatos Mata-dragões do Ancião
4733	T2_HEAD_CLOTH_SET1	Novice's Scholar Cowl	Capote de Erudito do Novato
4734	T3_HEAD_CLOTH_SET1	Journeyman's Scholar Cowl	Capote de Erudito do Iniciante
4735	T4_HEAD_CLOTH_SET1	Adept's Scholar Cowl	Capote de Erudito do Adepto
4736	T4_HEAD_CLOTH_SET1@1	Adept's Scholar Cowl	Capote de Erudito do Adepto
4737	T4_HEAD_CLOTH_SET1@2	Adept's Scholar Cowl	Capote de Erudito do Adepto
4738	T4_HEAD_CLOTH_SET1@3	Adept's Scholar Cowl	Capote de Erudito do Adepto
4739	T4_HEAD_CLOTH_SET1@4	Adept's Scholar Cowl	Capote de Erudito do Adepto
4740	T5_HEAD_CLOTH_SET1	Expert's Scholar Cowl	Capote de Erudito do Perito
4741	T5_HEAD_CLOTH_SET1@1	Expert's Scholar Cowl	Capote de Erudito do Perito
4742	T5_HEAD_CLOTH_SET1@2	Expert's Scholar Cowl	Capote de Erudito do Perito
4743	T5_HEAD_CLOTH_SET1@3	Expert's Scholar Cowl	Capote de Erudito do Perito
4744	T5_HEAD_CLOTH_SET1@4	Expert's Scholar Cowl	Capote de Erudito do Perito
4745	T6_HEAD_CLOTH_SET1	Master's Scholar Cowl	Capote de Erudito do Mestre
4746	T6_HEAD_CLOTH_SET1@1	Master's Scholar Cowl	Capote de Erudito do Mestre
4747	T6_HEAD_CLOTH_SET1@2	Master's Scholar Cowl	Capote de Erudito do Mestre
4748	T6_HEAD_CLOTH_SET1@3	Master's Scholar Cowl	Capote de Erudito do Mestre
4749	T6_HEAD_CLOTH_SET1@4	Master's Scholar Cowl	Capote de Erudito do Mestre
4750	T7_HEAD_CLOTH_SET1	Grandmaster's Scholar Cowl	Capote de Erudito do Grão-mestre
4751	T7_HEAD_CLOTH_SET1@1	Grandmaster's Scholar Cowl	Capote de Erudito do Grão-mestre
4752	T7_HEAD_CLOTH_SET1@2	Grandmaster's Scholar Cowl	Capote de Erudito do Grão-mestre
4753	T7_HEAD_CLOTH_SET1@3	Grandmaster's Scholar Cowl	Capote de Erudito do Grão-mestre
4754	T7_HEAD_CLOTH_SET1@4	Grandmaster's Scholar Cowl	Capote de Erudito do Grão-mestre
4755	T8_HEAD_CLOTH_SET1	Elder's Scholar Cowl	Capote de Erudito do Ancião
4756	T8_HEAD_CLOTH_SET1@1	Elder's Scholar Cowl	Capote de Erudito do Ancião
4757	T8_HEAD_CLOTH_SET1@2	Elder's Scholar Cowl	Capote de Erudito do Ancião
4758	T8_HEAD_CLOTH_SET1@3	Elder's Scholar Cowl	Capote de Erudito do Ancião
4759	T8_HEAD_CLOTH_SET1@4	Elder's Scholar Cowl	Capote de Erudito do Ancião
4760	T2_ARMOR_CLOTH_SET1	Novice's Scholar Robe	Robe de Erudito do Novato
4761	T3_ARMOR_CLOTH_SET1	Journeyman's Scholar Robe	Robe de Erudito do Iniciante
4762	T4_ARMOR_CLOTH_SET1	Adept's Scholar Robe	Robe de Erudito do Adepto
4763	T4_ARMOR_CLOTH_SET1@1	Adept's Scholar Robe	Robe de Erudito do Adepto
4764	T4_ARMOR_CLOTH_SET1@2	Adept's Scholar Robe	Robe de Erudito do Adepto
4765	T4_ARMOR_CLOTH_SET1@3	Adept's Scholar Robe	Robe de Erudito do Adepto
4766	T4_ARMOR_CLOTH_SET1@4	Adept's Scholar Robe	Robe de Erudito do Adepto
4767	T5_ARMOR_CLOTH_SET1	Expert's Scholar Robe	Robe de Erudito do Perito
4768	T5_ARMOR_CLOTH_SET1@1	Expert's Scholar Robe	Robe de Erudito do Perito
4769	T5_ARMOR_CLOTH_SET1@2	Expert's Scholar Robe	Robe de Erudito do Perito
4770	T5_ARMOR_CLOTH_SET1@3	Expert's Scholar Robe	Robe de Erudito do Perito
4771	T5_ARMOR_CLOTH_SET1@4	Expert's Scholar Robe	Robe de Erudito do Perito
4772	T6_ARMOR_CLOTH_SET1	Master's Scholar Robe	Robe de Erudito do Mestre
4773	T6_ARMOR_CLOTH_SET1@1	Master's Scholar Robe	Robe de Erudito do Mestre
4774	T6_ARMOR_CLOTH_SET1@2	Master's Scholar Robe	Robe de Erudito do Mestre
4775	T6_ARMOR_CLOTH_SET1@3	Master's Scholar Robe	Robe de Erudito do Mestre
4776	T6_ARMOR_CLOTH_SET1@4	Master's Scholar Robe	Robe de Erudito do Mestre
4777	T7_ARMOR_CLOTH_SET1	Grandmaster's Scholar Robe	Robe de Erudito do Grão-mestre
4778	T7_ARMOR_CLOTH_SET1@1	Grandmaster's Scholar Robe	Robe de Erudito do Grão-mestre
4779	T7_ARMOR_CLOTH_SET1@2	Grandmaster's Scholar Robe	Robe de Erudito do Grão-mestre
4780	T7_ARMOR_CLOTH_SET1@3	Grandmaster's Scholar Robe	Robe de Erudito do Grão-mestre
4781	T7_ARMOR_CLOTH_SET1@4	Grandmaster's Scholar Robe	Robe de Erudito do Grão-mestre
4782	T8_ARMOR_CLOTH_SET1	Elder's Scholar Robe	Robe de Erudito do Ancião
4783	T8_ARMOR_CLOTH_SET1@1	Elder's Scholar Robe	Robe de Erudito do Ancião
4784	T8_ARMOR_CLOTH_SET1@2	Elder's Scholar Robe	Robe de Erudito do Ancião
4785	T8_ARMOR_CLOTH_SET1@3	Elder's Scholar Robe	Robe de Erudito do Ancião
4786	T8_ARMOR_CLOTH_SET1@4	Elder's Scholar Robe	Robe de Erudito do Ancião
4787	T2_SHOES_CLOTH_SET1	Novice's Scholar Sandals	Sandálias de Erudito do Novato
4788	T3_SHOES_CLOTH_SET1	Journeyman's Scholar Sandals	Sandálias de Erudito do Iniciante
4789	T4_SHOES_CLOTH_SET1	Adept's Scholar Sandals	Sandálias de Erudito do Adepto
4790	T4_SHOES_CLOTH_SET1@1	Adept's Scholar Sandals	Sandálias de Erudito do Adepto
4791	T4_SHOES_CLOTH_SET1@2	Adept's Scholar Sandals	Sandálias de Erudito do Adepto
4792	T4_SHOES_CLOTH_SET1@3	Adept's Scholar Sandals	Sandálias de Erudito do Adepto
4793	T4_SHOES_CLOTH_SET1@4	Adept's Scholar Sandals	Sandálias de Erudito do Adepto
4794	T5_SHOES_CLOTH_SET1	Expert's Scholar Sandals	Sandálias de Erudito do Perito
4795	T5_SHOES_CLOTH_SET1@1	Expert's Scholar Sandals	Sandálias de Erudito do Perito
4796	T5_SHOES_CLOTH_SET1@2	Expert's Scholar Sandals	Sandálias de Erudito do Perito
4797	T5_SHOES_CLOTH_SET1@3	Expert's Scholar Sandals	Sandálias de Erudito do Perito
4798	T5_SHOES_CLOTH_SET1@4	Expert's Scholar Sandals	Sandálias de Erudito do Perito
4799	T6_SHOES_CLOTH_SET1	Master's Scholar Sandals	Sandálias de Erudito do Mestre
4800	T6_SHOES_CLOTH_SET1@1	Master's Scholar Sandals	Sandálias de Erudito do Mestre
4801	T6_SHOES_CLOTH_SET1@2	Master's Scholar Sandals	Sandálias de Erudito do Mestre
4802	T6_SHOES_CLOTH_SET1@3	Master's Scholar Sandals	Sandálias de Erudito do Mestre
4803	T6_SHOES_CLOTH_SET1@4	Master's Scholar Sandals	Sandálias de Erudito do Mestre
4804	T7_SHOES_CLOTH_SET1	Grandmaster's Scholar Sandals	Sandálias de Erudito do Grão-mestre
4805	T7_SHOES_CLOTH_SET1@1	Grandmaster's Scholar Sandals	Sandálias de Erudito do Grão-mestre
4806	T7_SHOES_CLOTH_SET1@2	Grandmaster's Scholar Sandals	Sandálias de Erudito do Grão-mestre
4807	T7_SHOES_CLOTH_SET1@3	Grandmaster's Scholar Sandals	Sandálias de Erudito do Grão-mestre
4808	T7_SHOES_CLOTH_SET1@4	Grandmaster's Scholar Sandals	Sandálias de Erudito do Grão-mestre
4809	T8_SHOES_CLOTH_SET1	Elder's Scholar Sandals	Sandálias de Erudito do Ancião
4810	T8_SHOES_CLOTH_SET1@1	Elder's Scholar Sandals	Sandálias de Erudito do Ancião
4811	T8_SHOES_CLOTH_SET1@2	Elder's Scholar Sandals	Sandálias de Erudito do Ancião
4812	T8_SHOES_CLOTH_SET1@3	Elder's Scholar Sandals	Sandálias de Erudito do Ancião
4813	T8_SHOES_CLOTH_SET1@4	Elder's Scholar Sandals	Sandálias de Erudito do Ancião
4814	T4_HEAD_CLOTH_SET2	Adept's Cleric Cowl	Capote de Clérigo do Adepto
4815	T4_HEAD_CLOTH_SET2@1	Adept's Cleric Cowl	Capote de Clérigo do Adepto
4816	T4_HEAD_CLOTH_SET2@2	Adept's Cleric Cowl	Capote de Clérigo do Adepto
4817	T4_HEAD_CLOTH_SET2@3	Adept's Cleric Cowl	Capote de Clérigo do Adepto
4818	T4_HEAD_CLOTH_SET2@4	Adept's Cleric Cowl	Capote de Clérigo do Adepto
4819	T5_HEAD_CLOTH_SET2	Expert's Cleric Cowl	Capote de Clérigo do Perito
4820	T5_HEAD_CLOTH_SET2@1	Expert's Cleric Cowl	Capote de Clérigo do Perito
4821	T5_HEAD_CLOTH_SET2@2	Expert's Cleric Cowl	Capote de Clérigo do Perito
4822	T5_HEAD_CLOTH_SET2@3	Expert's Cleric Cowl	Capote de Clérigo do Perito
4823	T5_HEAD_CLOTH_SET2@4	Expert's Cleric Cowl	Capote de Clérigo do Perito
4824	T6_HEAD_CLOTH_SET2	Master's Cleric Cowl	Capote de Clérigo do Mestre
4825	T6_HEAD_CLOTH_SET2@1	Master's Cleric Cowl	Capote de Clérigo do Mestre
4826	T6_HEAD_CLOTH_SET2@2	Master's Cleric Cowl	Capote de Clérigo do Mestre
4827	T6_HEAD_CLOTH_SET2@3	Master's Cleric Cowl	Capote de Clérigo do Mestre
4828	T6_HEAD_CLOTH_SET2@4	Master's Cleric Cowl	Capote de Clérigo do Mestre
4829	T7_HEAD_CLOTH_SET2	Grandmaster's Cleric Cowl	Capote de Clérigo do Grão-mestre
4830	T7_HEAD_CLOTH_SET2@1	Grandmaster's Cleric Cowl	Capote de Clérigo do Grão-mestre
4831	T7_HEAD_CLOTH_SET2@2	Grandmaster's Cleric Cowl	Capote de Clérigo do Grão-mestre
4832	T7_HEAD_CLOTH_SET2@3	Grandmaster's Cleric Cowl	Capote de Clérigo do Grão-mestre
4833	T7_HEAD_CLOTH_SET2@4	Grandmaster's Cleric Cowl	Capote de Clérigo do Grão-mestre
4834	T8_HEAD_CLOTH_SET2	Elder's Cleric Cowl	Capote de Clérigo do Ancião
4835	T8_HEAD_CLOTH_SET2@1	Elder's Cleric Cowl	Capote de Clérigo do Ancião
4836	T8_HEAD_CLOTH_SET2@2	Elder's Cleric Cowl	Capote de Clérigo do Ancião
4837	T8_HEAD_CLOTH_SET2@3	Elder's Cleric Cowl	Capote de Clérigo do Ancião
4838	T8_HEAD_CLOTH_SET2@4	Elder's Cleric Cowl	Capote de Clérigo do Ancião
4839	T4_ARMOR_CLOTH_SET2	Adept's Cleric Robe	Robe de Clérigo do Adepto
4840	T4_ARMOR_CLOTH_SET2@1	Adept's Cleric Robe	Robe de Clérigo do Adepto
4841	T4_ARMOR_CLOTH_SET2@2	Adept's Cleric Robe	Robe de Clérigo do Adepto
4842	T4_ARMOR_CLOTH_SET2@3	Adept's Cleric Robe	Robe de Clérigo do Adepto
4843	T4_ARMOR_CLOTH_SET2@4	Adept's Cleric Robe	Robe de Clérigo do Adepto
4844	T5_ARMOR_CLOTH_SET2	Expert's Cleric Robe	Robe de Clérigo do Perito
4845	T5_ARMOR_CLOTH_SET2@1	Expert's Cleric Robe	Robe de Clérigo do Perito
4846	T5_ARMOR_CLOTH_SET2@2	Expert's Cleric Robe	Robe de Clérigo do Perito
4847	T5_ARMOR_CLOTH_SET2@3	Expert's Cleric Robe	Robe de Clérigo do Perito
4848	T5_ARMOR_CLOTH_SET2@4	Expert's Cleric Robe	Robe de Clérigo do Perito
4849	T6_ARMOR_CLOTH_SET2	Master's Cleric Robe	Robe de Clérigo do Mestre
4850	T6_ARMOR_CLOTH_SET2@1	Master's Cleric Robe	Robe de Clérigo do Mestre
4851	T6_ARMOR_CLOTH_SET2@2	Master's Cleric Robe	Robe de Clérigo do Mestre
4852	T6_ARMOR_CLOTH_SET2@3	Master's Cleric Robe	Robe de Clérigo do Mestre
4853	T6_ARMOR_CLOTH_SET2@4	Master's Cleric Robe	Robe de Clérigo do Mestre
4854	T7_ARMOR_CLOTH_SET2	Grandmaster's Cleric Robe	Robe de Clérigo do Grão-mestre
4855	T7_ARMOR_CLOTH_SET2@1	Grandmaster's Cleric Robe	Robe de Clérigo do Grão-mestre
4856	T7_ARMOR_CLOTH_SET2@2	Grandmaster's Cleric Robe	Robe de Clérigo do Grão-mestre
4857	T7_ARMOR_CLOTH_SET2@3	Grandmaster's Cleric Robe	Robe de Clérigo do Grão-mestre
4858	T7_ARMOR_CLOTH_SET2@4	Grandmaster's Cleric Robe	Robe de Clérigo do Grão-mestre
4859	T8_ARMOR_CLOTH_SET2	Elder's Cleric Robe	Robe de Clérigo do Ancião
4860	T8_ARMOR_CLOTH_SET2@1	Elder's Cleric Robe	Robe de Clérigo do Ancião
4861	T8_ARMOR_CLOTH_SET2@2	Elder's Cleric Robe	Robe de Clérigo do Ancião
4862	T8_ARMOR_CLOTH_SET2@3	Elder's Cleric Robe	Robe de Clérigo do Ancião
4863	T8_ARMOR_CLOTH_SET2@4	Elder's Cleric Robe	Robe de Clérigo do Ancião
4864	T4_SHOES_CLOTH_SET2	Adept's Cleric Sandals	Sandálias de Clérigo do Adepto
4865	T4_SHOES_CLOTH_SET2@1	Adept's Cleric Sandals	Sandálias de Clérigo do Adepto
4866	T4_SHOES_CLOTH_SET2@2	Adept's Cleric Sandals	Sandálias de Clérigo do Adepto
4867	T4_SHOES_CLOTH_SET2@3	Adept's Cleric Sandals	Sandálias de Clérigo do Adepto
4868	T4_SHOES_CLOTH_SET2@4	Adept's Cleric Sandals	Sandálias de Clérigo do Adepto
4869	T5_SHOES_CLOTH_SET2	Expert's Cleric Sandals	Sandálias de Clérigo do Perito
4870	T5_SHOES_CLOTH_SET2@1	Expert's Cleric Sandals	Sandálias de Clérigo do Perito
4871	T5_SHOES_CLOTH_SET2@2	Expert's Cleric Sandals	Sandálias de Clérigo do Perito
4872	T5_SHOES_CLOTH_SET2@3	Expert's Cleric Sandals	Sandálias de Clérigo do Perito
4873	T5_SHOES_CLOTH_SET2@4	Expert's Cleric Sandals	Sandálias de Clérigo do Perito
4874	T6_SHOES_CLOTH_SET2	Master's Cleric Sandals	Sandálias de Clérigo do Mestre
4875	T6_SHOES_CLOTH_SET2@1	Master's Cleric Sandals	Sandálias de Clérigo do Mestre
4876	T6_SHOES_CLOTH_SET2@2	Master's Cleric Sandals	Sandálias de Clérigo do Mestre
4877	T6_SHOES_CLOTH_SET2@3	Master's Cleric Sandals	Sandálias de Clérigo do Mestre
4878	T6_SHOES_CLOTH_SET2@4	Master's Cleric Sandals	Sandálias de Clérigo do Mestre
4879	T7_SHOES_CLOTH_SET2	Grandmaster's Cleric Sandals	Sandálias de Clérigo do Grão-mestre
4880	T7_SHOES_CLOTH_SET2@1	Grandmaster's Cleric Sandals	Sandálias de Clérigo do Grão-mestre
4881	T7_SHOES_CLOTH_SET2@2	Grandmaster's Cleric Sandals	Sandálias de Clérigo do Grão-mestre
4882	T7_SHOES_CLOTH_SET2@3	Grandmaster's Cleric Sandals	Sandálias de Clérigo do Grão-mestre
4883	T7_SHOES_CLOTH_SET2@4	Grandmaster's Cleric Sandals	Sandálias de Clérigo do Grão-mestre
4884	T8_SHOES_CLOTH_SET2	Elder's Cleric Sandals	Sandálias de Clérigo do Ancião
4885	T8_SHOES_CLOTH_SET2@1	Elder's Cleric Sandals	Sandálias de Clérigo do Ancião
4886	T8_SHOES_CLOTH_SET2@2	Elder's Cleric Sandals	Sandálias de Clérigo do Ancião
4887	T8_SHOES_CLOTH_SET2@3	Elder's Cleric Sandals	Sandálias de Clérigo do Ancião
4888	T8_SHOES_CLOTH_SET2@4	Elder's Cleric Sandals	Sandálias de Clérigo do Ancião
4889	T4_HEAD_CLOTH_SET3	Adept's Mage Cowl	Capote de Mago do Adepto
4890	T4_HEAD_CLOTH_SET3@1	Adept's Mage Cowl	Capote de Mago do Adepto
4891	T4_HEAD_CLOTH_SET3@2	Adept's Mage Cowl	Capote de Mago do Adepto
4892	T4_HEAD_CLOTH_SET3@3	Adept's Mage Cowl	Capote de Mago do Adepto
4893	T4_HEAD_CLOTH_SET3@4	Adept's Mage Cowl	Capote de Mago do Adepto
4894	T5_HEAD_CLOTH_SET3	Expert's Mage Cowl	Capote de Mago do Perito
4895	T5_HEAD_CLOTH_SET3@1	Expert's Mage Cowl	Capote de Mago do Perito
4896	T5_HEAD_CLOTH_SET3@2	Expert's Mage Cowl	Capote de Mago do Perito
4897	T5_HEAD_CLOTH_SET3@3	Expert's Mage Cowl	Capote de Mago do Perito
4898	T5_HEAD_CLOTH_SET3@4	Expert's Mage Cowl	Capote de Mago do Perito
4899	T6_HEAD_CLOTH_SET3	Master's Mage Cowl	Capote de Mago do Mestre
4900	T6_HEAD_CLOTH_SET3@1	Master's Mage Cowl	Capote de Mago do Mestre
4901	T6_HEAD_CLOTH_SET3@2	Master's Mage Cowl	Capote de Mago do Mestre
4902	T6_HEAD_CLOTH_SET3@3	Master's Mage Cowl	Capote de Mago do Mestre
4903	T6_HEAD_CLOTH_SET3@4	Master's Mage Cowl	Capote de Mago do Mestre
4904	T7_HEAD_CLOTH_SET3	Grandmaster's Mage Cowl	Capote de Mago do Grão-mestre
4905	T7_HEAD_CLOTH_SET3@1	Grandmaster's Mage Cowl	Capote de Mago do Grão-mestre
4906	T7_HEAD_CLOTH_SET3@2	Grandmaster's Mage Cowl	Capote de Mago do Grão-mestre
4907	T7_HEAD_CLOTH_SET3@3	Grandmaster's Mage Cowl	Capote de Mago do Grão-mestre
4908	T7_HEAD_CLOTH_SET3@4	Grandmaster's Mage Cowl	Capote de Mago do Grão-mestre
4909	T8_HEAD_CLOTH_SET3	Elder's Mage Cowl	Capote de Mago do Ancião
4910	T8_HEAD_CLOTH_SET3@1	Elder's Mage Cowl	Capote de Mago do Ancião
4911	T8_HEAD_CLOTH_SET3@2	Elder's Mage Cowl	Capote de Mago do Ancião
4912	T8_HEAD_CLOTH_SET3@3	Elder's Mage Cowl	Capote de Mago do Ancião
4913	T8_HEAD_CLOTH_SET3@4	Elder's Mage Cowl	Capote de Mago do Ancião
4914	T4_ARMOR_CLOTH_SET3	Adept's Mage Robe	Robe de Mago do Adepto
4915	T4_ARMOR_CLOTH_SET3@1	Adept's Mage Robe	Robe de Mago do Adepto
4916	T4_ARMOR_CLOTH_SET3@2	Adept's Mage Robe	Robe de Mago do Adepto
4917	T4_ARMOR_CLOTH_SET3@3	Adept's Mage Robe	Robe de Mago do Adepto
4918	T4_ARMOR_CLOTH_SET3@4	Adept's Mage Robe	Robe de Mago do Adepto
4919	T5_ARMOR_CLOTH_SET3	Expert's Mage Robe	Robe de Mago do Perito
4920	T5_ARMOR_CLOTH_SET3@1	Expert's Mage Robe	Robe de Mago do Perito
4921	T5_ARMOR_CLOTH_SET3@2	Expert's Mage Robe	Robe de Mago do Perito
4922	T5_ARMOR_CLOTH_SET3@3	Expert's Mage Robe	Robe de Mago do Perito
4923	T5_ARMOR_CLOTH_SET3@4	Expert's Mage Robe	Robe de Mago do Perito
4924	T6_ARMOR_CLOTH_SET3	Master's Mage Robe	Robe de Mago do Mestre
4925	T6_ARMOR_CLOTH_SET3@1	Master's Mage Robe	Robe de Mago do Mestre
4926	T6_ARMOR_CLOTH_SET3@2	Master's Mage Robe	Robe de Mago do Mestre
4927	T6_ARMOR_CLOTH_SET3@3	Master's Mage Robe	Robe de Mago do Mestre
4928	T6_ARMOR_CLOTH_SET3@4	Master's Mage Robe	Robe de Mago do Mestre
4929	T7_ARMOR_CLOTH_SET3	Grandmaster's Mage Robe	Robe de Mago do Grão-mestre
4930	T7_ARMOR_CLOTH_SET3@1	Grandmaster's Mage Robe	Robe de Mago do Grão-mestre
4931	T7_ARMOR_CLOTH_SET3@2	Grandmaster's Mage Robe	Robe de Mago do Grão-mestre
4932	T7_ARMOR_CLOTH_SET3@3	Grandmaster's Mage Robe	Robe de Mago do Grão-mestre
4933	T7_ARMOR_CLOTH_SET3@4	Grandmaster's Mage Robe	Robe de Mago do Grão-mestre
4934	T8_ARMOR_CLOTH_SET3	Elder's Mage Robe	Robe de Mago do Ancião
4935	T8_ARMOR_CLOTH_SET3@1	Elder's Mage Robe	Robe de Mago do Ancião
4936	T8_ARMOR_CLOTH_SET3@2	Elder's Mage Robe	Robe de Mago do Ancião
4937	T8_ARMOR_CLOTH_SET3@3	Elder's Mage Robe	Robe de Mago do Ancião
4938	T8_ARMOR_CLOTH_SET3@4	Elder's Mage Robe	Robe de Mago do Ancião
4939	T4_SHOES_CLOTH_SET3	Adept's Mage Sandals	Sandálias de Mago do Adepto
4940	T4_SHOES_CLOTH_SET3@1	Adept's Mage Sandals	Sandálias de Mago do Adepto
4941	T4_SHOES_CLOTH_SET3@2	Adept's Mage Sandals	Sandálias de Mago do Adepto
4942	T4_SHOES_CLOTH_SET3@3	Adept's Mage Sandals	Sandálias de Mago do Adepto
4943	T4_SHOES_CLOTH_SET3@4	Adept's Mage Sandals	Sandálias de Mago do Adepto
4944	T5_SHOES_CLOTH_SET3	Expert's Mage Sandals	Sandálias de Mago do Perito
4945	T5_SHOES_CLOTH_SET3@1	Expert's Mage Sandals	Sandálias de Mago do Perito
4946	T5_SHOES_CLOTH_SET3@2	Expert's Mage Sandals	Sandálias de Mago do Perito
4947	T5_SHOES_CLOTH_SET3@3	Expert's Mage Sandals	Sandálias de Mago do Perito
4948	T5_SHOES_CLOTH_SET3@4	Expert's Mage Sandals	Sandálias de Mago do Perito
4949	T6_SHOES_CLOTH_SET3	Master's Mage Sandals	Sandálias de Mago do Mestre
4950	T6_SHOES_CLOTH_SET3@1	Master's Mage Sandals	Sandálias de Mago do Mestre
4951	T6_SHOES_CLOTH_SET3@2	Master's Mage Sandals	Sandálias de Mago do Mestre
4952	T6_SHOES_CLOTH_SET3@3	Master's Mage Sandals	Sandálias de Mago do Mestre
4953	T6_SHOES_CLOTH_SET3@4	Master's Mage Sandals	Sandálias de Mago do Mestre
4954	T7_SHOES_CLOTH_SET3	Grandmaster's Mage Sandals	Sandálias de Mago do Grão-mestre
4955	T7_SHOES_CLOTH_SET3@1	Grandmaster's Mage Sandals	Sandálias de Mago do Grão-mestre
4956	T7_SHOES_CLOTH_SET3@2	Grandmaster's Mage Sandals	Sandálias de Mago do Grão-mestre
4957	T7_SHOES_CLOTH_SET3@3	Grandmaster's Mage Sandals	Sandálias de Mago do Grão-mestre
4958	T7_SHOES_CLOTH_SET3@4	Grandmaster's Mage Sandals	Sandálias de Mago do Grão-mestre
4959	T8_SHOES_CLOTH_SET3	Elder's Mage Sandals	Sandálias de Mago do Ancião
4960	T8_SHOES_CLOTH_SET3@1	Elder's Mage Sandals	Sandálias de Mago do Ancião
4961	T8_SHOES_CLOTH_SET3@2	Elder's Mage Sandals	Sandálias de Mago do Ancião
4962	T8_SHOES_CLOTH_SET3@3	Elder's Mage Sandals	Sandálias de Mago do Ancião
4963	T8_SHOES_CLOTH_SET3@4	Elder's Mage Sandals	Sandálias de Mago do Ancião
4964	T4_HEAD_CLOTH_KEEPER	Adept's Druid Cowl	Capote de Druida do Adepto
4965	T4_HEAD_CLOTH_KEEPER@1	Adept's Druid Cowl	Capote de Druida do Adepto
4966	T4_HEAD_CLOTH_KEEPER@2	Adept's Druid Cowl	Capote de Druida do Adepto
4967	T4_HEAD_CLOTH_KEEPER@3	Adept's Druid Cowl	Capote de Druida do Adepto
4968	T4_HEAD_CLOTH_KEEPER@4	Adept's Druid Cowl	Capote de Druida do Adepto
4969	T5_HEAD_CLOTH_KEEPER	Expert's Druid Cowl	Capote de Druida do Perito
4970	T5_HEAD_CLOTH_KEEPER@1	Expert's Druid Cowl	Capote de Druida do Perito
4971	T5_HEAD_CLOTH_KEEPER@2	Expert's Druid Cowl	Capote de Druida do Perito
4972	T5_HEAD_CLOTH_KEEPER@3	Expert's Druid Cowl	Capote de Druida do Perito
4973	T5_HEAD_CLOTH_KEEPER@4	Expert's Druid Cowl	Capote de Druida do Perito
4974	T6_HEAD_CLOTH_KEEPER	Master's Druid Cowl	Capote de Druida do Mestre
4975	T6_HEAD_CLOTH_KEEPER@1	Master's Druid Cowl	Capote de Druida do Mestre
4976	T6_HEAD_CLOTH_KEEPER@2	Master's Druid Cowl	Capote de Druida do Mestre
4977	T6_HEAD_CLOTH_KEEPER@3	Master's Druid Cowl	Capote de Druida do Mestre
4978	T6_HEAD_CLOTH_KEEPER@4	Master's Druid Cowl	Capote de Druida do Mestre
4979	T7_HEAD_CLOTH_KEEPER	Grandmaster's Druid Cowl	Capote de Druida do Grão-mestre
4980	T7_HEAD_CLOTH_KEEPER@1	Grandmaster's Druid Cowl	Capote de Druida do Grão-mestre
4981	T7_HEAD_CLOTH_KEEPER@2	Grandmaster's Druid Cowl	Capote de Druida do Grão-mestre
4982	T7_HEAD_CLOTH_KEEPER@3	Grandmaster's Druid Cowl	Capote de Druida do Grão-mestre
4983	T7_HEAD_CLOTH_KEEPER@4	Grandmaster's Druid Cowl	Capote de Druida do Grão-mestre
4984	T8_HEAD_CLOTH_KEEPER	Elder's Druid Cowl	Capote de Druida do Ancião
4985	T8_HEAD_CLOTH_KEEPER@1	Elder's Druid Cowl	Capote de Druida do Ancião
4986	T8_HEAD_CLOTH_KEEPER@2	Elder's Druid Cowl	Capote de Druida do Ancião
4987	T8_HEAD_CLOTH_KEEPER@3	Elder's Druid Cowl	Capote de Druida do Ancião
4988	T8_HEAD_CLOTH_KEEPER@4	Elder's Druid Cowl	Capote de Druida do Ancião
4989	T4_ARMOR_CLOTH_KEEPER	Adept's Druid Robe	Robe de Druida do Adepto
4990	T4_ARMOR_CLOTH_KEEPER@1	Adept's Druid Robe	Robe de Druida do Adepto
4991	T4_ARMOR_CLOTH_KEEPER@2	Adept's Druid Robe	Robe de Druida do Adepto
4992	T4_ARMOR_CLOTH_KEEPER@3	Adept's Druid Robe	Robe de Druida do Adepto
4993	T4_ARMOR_CLOTH_KEEPER@4	Adept's Druid Robe	Robe de Druida do Adepto
4994	T5_ARMOR_CLOTH_KEEPER	Expert's Druid Robe	Robe de Druida do Perito
4995	T5_ARMOR_CLOTH_KEEPER@1	Expert's Druid Robe	Robe de Druida do Perito
4996	T5_ARMOR_CLOTH_KEEPER@2	Expert's Druid Robe	Robe de Druida do Perito
4997	T5_ARMOR_CLOTH_KEEPER@3	Expert's Druid Robe	Robe de Druida do Perito
4998	T5_ARMOR_CLOTH_KEEPER@4	Expert's Druid Robe	Robe de Druida do Perito
4999	T6_ARMOR_CLOTH_KEEPER	Master's Druid Robe	Robe de Druida do Mestre
5000	T6_ARMOR_CLOTH_KEEPER@1	Master's Druid Robe	Robe de Druida do Mestre
5001	T6_ARMOR_CLOTH_KEEPER@2	Master's Druid Robe	Robe de Druida do Mestre
5002	T6_ARMOR_CLOTH_KEEPER@3	Master's Druid Robe	Robe de Druida do Mestre
5003	T6_ARMOR_CLOTH_KEEPER@4	Master's Druid Robe	Robe de Druida do Mestre
5004	T7_ARMOR_CLOTH_KEEPER	Grandmaster's Druid Robe	Robe de Druida do Grão-mestre
5005	T7_ARMOR_CLOTH_KEEPER@1	Grandmaster's Druid Robe	Robe de Druida do Grão-mestre
5006	T7_ARMOR_CLOTH_KEEPER@2	Grandmaster's Druid Robe	Robe de Druida do Grão-mestre
5007	T7_ARMOR_CLOTH_KEEPER@3	Grandmaster's Druid Robe	Robe de Druida do Grão-mestre
5008	T7_ARMOR_CLOTH_KEEPER@4	Grandmaster's Druid Robe	Robe de Druida do Grão-mestre
5009	T8_ARMOR_CLOTH_KEEPER	Elder's Druid Robe	Robe de Druida do Ancião
5010	T8_ARMOR_CLOTH_KEEPER@1	Elder's Druid Robe	Robe de Druida do Ancião
5011	T8_ARMOR_CLOTH_KEEPER@2	Elder's Druid Robe	Robe de Druida do Ancião
5012	T8_ARMOR_CLOTH_KEEPER@3	Elder's Druid Robe	Robe de Druida do Ancião
5013	T8_ARMOR_CLOTH_KEEPER@4	Elder's Druid Robe	Robe de Druida do Ancião
5014	T4_SHOES_CLOTH_KEEPER	Adept's Druid Sandals	Sandálias de Druida do Adepto
5015	T4_SHOES_CLOTH_KEEPER@1	Adept's Druid Sandals	Sandálias de Druida do Adepto
5016	T4_SHOES_CLOTH_KEEPER@2	Adept's Druid Sandals	Sandálias de Druida do Adepto
5017	T4_SHOES_CLOTH_KEEPER@3	Adept's Druid Sandals	Sandálias de Druida do Adepto
5018	T4_SHOES_CLOTH_KEEPER@4	Adept's Druid Sandals	Sandálias de Druida do Adepto
5019	T5_SHOES_CLOTH_KEEPER	Expert's Druid Sandals	Sandálias de Druida do Perito
5020	T5_SHOES_CLOTH_KEEPER@1	Expert's Druid Sandals	Sandálias de Druida do Perito
5021	T5_SHOES_CLOTH_KEEPER@2	Expert's Druid Sandals	Sandálias de Druida do Perito
5022	T5_SHOES_CLOTH_KEEPER@3	Expert's Druid Sandals	Sandálias de Druida do Perito
5023	T5_SHOES_CLOTH_KEEPER@4	Expert's Druid Sandals	Sandálias de Druida do Perito
5024	T6_SHOES_CLOTH_KEEPER	Master's Druid Sandals	Sandálias de Druida do Mestre
5025	T6_SHOES_CLOTH_KEEPER@1	Master's Druid Sandals	Sandálias de Druida do Mestre
5026	T6_SHOES_CLOTH_KEEPER@2	Master's Druid Sandals	Sandálias de Druida do Mestre
5027	T6_SHOES_CLOTH_KEEPER@3	Master's Druid Sandals	Sandálias de Druida do Mestre
5028	T6_SHOES_CLOTH_KEEPER@4	Master's Druid Sandals	Sandálias de Druida do Mestre
5029	T7_SHOES_CLOTH_KEEPER	Grandmaster's Druid Sandals	Sandálias de Druida do Grão-mestre
5030	T7_SHOES_CLOTH_KEEPER@1	Grandmaster's Druid Sandals	Sandálias de Druida do Grão-mestre
5031	T7_SHOES_CLOTH_KEEPER@2	Grandmaster's Druid Sandals	Sandálias de Druida do Grão-mestre
5032	T7_SHOES_CLOTH_KEEPER@3	Grandmaster's Druid Sandals	Sandálias de Druida do Grão-mestre
5033	T7_SHOES_CLOTH_KEEPER@4	Grandmaster's Druid Sandals	Sandálias de Druida do Grão-mestre
5034	T8_SHOES_CLOTH_KEEPER	Elder's Druid Sandals	Sandálias de Druida do Ancião
5035	T8_SHOES_CLOTH_KEEPER@1	Elder's Druid Sandals	Sandálias de Druida do Ancião
5036	T8_SHOES_CLOTH_KEEPER@2	Elder's Druid Sandals	Sandálias de Druida do Ancião
5037	T8_SHOES_CLOTH_KEEPER@3	Elder's Druid Sandals	Sandálias de Druida do Ancião
5038	T8_SHOES_CLOTH_KEEPER@4	Elder's Druid Sandals	Sandálias de Druida do Ancião
5039	T4_HEAD_CLOTH_HELL	Adept's Fiend Cowl	Capote Malévolo do Adepto
5040	T4_HEAD_CLOTH_HELL@1	Adept's Fiend Cowl	Capote Malévolo do Adepto
5041	T4_HEAD_CLOTH_HELL@2	Adept's Fiend Cowl	Capote Malévolo do Adepto
5042	T4_HEAD_CLOTH_HELL@3	Adept's Fiend Cowl	Capote Malévolo do Adepto
5043	T4_HEAD_CLOTH_HELL@4	Adept's Fiend Cowl	Capote Malévolo do Adepto
5044	T5_HEAD_CLOTH_HELL	Expert's Fiend Cowl	Capote Malévolo do Perito
5045	T5_HEAD_CLOTH_HELL@1	Expert's Fiend Cowl	Capote Malévolo do Perito
5046	T5_HEAD_CLOTH_HELL@2	Expert's Fiend Cowl	Capote Malévolo do Perito
5047	T5_HEAD_CLOTH_HELL@3	Expert's Fiend Cowl	Capote Malévolo do Perito
5048	T5_HEAD_CLOTH_HELL@4	Expert's Fiend Cowl	Capote Malévolo do Perito
5049	T6_HEAD_CLOTH_HELL	Master's Fiend Cowl	Capote Malévolo do Mestre
5050	T6_HEAD_CLOTH_HELL@1	Master's Fiend Cowl	Capote Malévolo do Mestre
5051	T6_HEAD_CLOTH_HELL@2	Master's Fiend Cowl	Capote Malévolo do Mestre
5052	T6_HEAD_CLOTH_HELL@3	Master's Fiend Cowl	Capote Malévolo do Mestre
5053	T6_HEAD_CLOTH_HELL@4	Master's Fiend Cowl	Capote Malévolo do Mestre
5054	T7_HEAD_CLOTH_HELL	Grandmaster's Fiend Cowl	Capote Malévolo do Grão-mestre
5055	T7_HEAD_CLOTH_HELL@1	Grandmaster's Fiend Cowl	Capote Malévolo do Grão-mestre
5056	T7_HEAD_CLOTH_HELL@2	Grandmaster's Fiend Cowl	Capote Malévolo do Grão-mestre
5057	T7_HEAD_CLOTH_HELL@3	Grandmaster's Fiend Cowl	Capote Malévolo do Grão-mestre
5058	T7_HEAD_CLOTH_HELL@4	Grandmaster's Fiend Cowl	Capote Malévolo do Grão-mestre
5059	T8_HEAD_CLOTH_HELL	Elder's Fiend Cowl	Capote Malévolo do Ancião
5060	T8_HEAD_CLOTH_HELL@1	Elder's Fiend Cowl	Capote Malévolo do Ancião
5061	T8_HEAD_CLOTH_HELL@2	Elder's Fiend Cowl	Capote Malévolo do Ancião
5062	T8_HEAD_CLOTH_HELL@3	Elder's Fiend Cowl	Capote Malévolo do Ancião
5063	T8_HEAD_CLOTH_HELL@4	Elder's Fiend Cowl	Capote Malévolo do Ancião
5064	T4_ARMOR_CLOTH_HELL	Adept's Fiend Robe	Robe Malévolo do Adepto
5065	T4_ARMOR_CLOTH_HELL@1	Adept's Fiend Robe	Robe Malévolo do Adepto
5066	T4_ARMOR_CLOTH_HELL@2	Adept's Fiend Robe	Robe Malévolo do Adepto
5067	T4_ARMOR_CLOTH_HELL@3	Adept's Fiend Robe	Robe Malévolo do Adepto
5068	T4_ARMOR_CLOTH_HELL@4	Adept's Fiend Robe	Robe Malévolo do Adepto
5069	T5_ARMOR_CLOTH_HELL	Expert's Fiend Robe	Robe Malévolo do Perito
5070	T5_ARMOR_CLOTH_HELL@1	Expert's Fiend Robe	Robe Malévolo do Perito
5071	T5_ARMOR_CLOTH_HELL@2	Expert's Fiend Robe	Robe Malévolo do Perito
5072	T5_ARMOR_CLOTH_HELL@3	Expert's Fiend Robe	Robe Malévolo do Perito
5073	T5_ARMOR_CLOTH_HELL@4	Expert's Fiend Robe	Robe Malévolo do Perito
5074	T6_ARMOR_CLOTH_HELL	Master's Fiend Robe	Robe Malévolo do Mestre
5075	T6_ARMOR_CLOTH_HELL@1	Master's Fiend Robe	Robe Malévolo do Mestre
5076	T6_ARMOR_CLOTH_HELL@2	Master's Fiend Robe	Robe Malévolo do Mestre
5077	T6_ARMOR_CLOTH_HELL@3	Master's Fiend Robe	Robe Malévolo do Mestre
5078	T6_ARMOR_CLOTH_HELL@4	Master's Fiend Robe	Robe Malévolo do Mestre
5079	T7_ARMOR_CLOTH_HELL	Grandmaster's Fiend Robe	Robe Malévolo do Grão-mestre
5080	T7_ARMOR_CLOTH_HELL@1	Grandmaster's Fiend Robe	Robe Malévolo do Grão-mestre
5081	T7_ARMOR_CLOTH_HELL@2	Grandmaster's Fiend Robe	Robe Malévolo do Grão-mestre
5082	T7_ARMOR_CLOTH_HELL@3	Grandmaster's Fiend Robe	Robe Malévolo do Grão-mestre
5083	T7_ARMOR_CLOTH_HELL@4	Grandmaster's Fiend Robe	Robe Malévolo do Grão-mestre
5084	T8_ARMOR_CLOTH_HELL	Elder's Fiend Robe	Robe Malévolo do Ancião
5085	T8_ARMOR_CLOTH_HELL@1	Elder's Fiend Robe	Robe Malévolo do Ancião
5086	T8_ARMOR_CLOTH_HELL@2	Elder's Fiend Robe	Robe Malévolo do Ancião
5087	T8_ARMOR_CLOTH_HELL@3	Elder's Fiend Robe	Robe Malévolo do Ancião
5088	T8_ARMOR_CLOTH_HELL@4	Elder's Fiend Robe	Robe Malévolo do Ancião
5089	T4_SHOES_CLOTH_HELL	Adept's Fiend Sandals	Sandálias Malévolas do Adepto
5090	T4_SHOES_CLOTH_HELL@1	Adept's Fiend Sandals	Sandálias Malévolas do Adepto
5091	T4_SHOES_CLOTH_HELL@2	Adept's Fiend Sandals	Sandálias Malévolas do Adepto
5092	T4_SHOES_CLOTH_HELL@3	Adept's Fiend Sandals	Sandálias Malévolas do Adepto
5093	T4_SHOES_CLOTH_HELL@4	Adept's Fiend Sandals	Sandálias Malévolas do Adepto
5094	T5_SHOES_CLOTH_HELL	Expert's Fiend Sandals	Sandálias Malévolas do Perito
5095	T5_SHOES_CLOTH_HELL@1	Expert's Fiend Sandals	Sandálias Malévolas do Perito
5096	T5_SHOES_CLOTH_HELL@2	Expert's Fiend Sandals	Sandálias Malévolas do Perito
5097	T5_SHOES_CLOTH_HELL@3	Expert's Fiend Sandals	Sandálias Malévolas do Perito
5098	T5_SHOES_CLOTH_HELL@4	Expert's Fiend Sandals	Sandálias Malévolas do Perito
5099	T6_SHOES_CLOTH_HELL	Master's Fiend Sandals	Sandálias Malévolas do Mestre
5100	T6_SHOES_CLOTH_HELL@1	Master's Fiend Sandals	Sandálias Malévolas do Mestre
5101	T6_SHOES_CLOTH_HELL@2	Master's Fiend Sandals	Sandálias Malévolas do Mestre
5102	T6_SHOES_CLOTH_HELL@3	Master's Fiend Sandals	Sandálias Malévolas do Mestre
5103	T6_SHOES_CLOTH_HELL@4	Master's Fiend Sandals	Sandálias Malévolas do Mestre
5104	T7_SHOES_CLOTH_HELL	Grandmaster's Fiend Sandals	Sandálias Malévolas do Grão-mestre
5105	T7_SHOES_CLOTH_HELL@1	Grandmaster's Fiend Sandals	Sandálias Malévolas do Grão-mestre
5106	T7_SHOES_CLOTH_HELL@2	Grandmaster's Fiend Sandals	Sandálias Malévolas do Grão-mestre
5107	T7_SHOES_CLOTH_HELL@3	Grandmaster's Fiend Sandals	Sandálias Malévolas do Grão-mestre
5108	T7_SHOES_CLOTH_HELL@4	Grandmaster's Fiend Sandals	Sandálias Malévolas do Grão-mestre
5109	T8_SHOES_CLOTH_HELL	Elder's Fiend Sandals	Sandálias Malévolas do Ancião
5110	T8_SHOES_CLOTH_HELL@1	Elder's Fiend Sandals	Sandálias Malévolas do Ancião
5111	T8_SHOES_CLOTH_HELL@2	Elder's Fiend Sandals	Sandálias Malévolas do Ancião
5112	T8_SHOES_CLOTH_HELL@3	Elder's Fiend Sandals	Sandálias Malévolas do Ancião
5113	T8_SHOES_CLOTH_HELL@4	Elder's Fiend Sandals	Sandálias Malévolas do Ancião
5114	T4_HEAD_CLOTH_MORGANA	Adept's Cultist Cowl	Capote Sectário do Adepto
5115	T4_HEAD_CLOTH_MORGANA@1	Adept's Cultist Cowl	Capote Sectário do Adepto
5116	T4_HEAD_CLOTH_MORGANA@2	Adept's Cultist Cowl	Capote Sectário do Adepto
5117	T4_HEAD_CLOTH_MORGANA@3	Adept's Cultist Cowl	Capote Sectário do Adepto
5118	T4_HEAD_CLOTH_MORGANA@4	Adept's Cultist Cowl	Capote Sectário do Adepto
5119	T5_HEAD_CLOTH_MORGANA	Expert's Cultist Cowl	Capote Sectário do Perito
5120	T5_HEAD_CLOTH_MORGANA@1	Expert's Cultist Cowl	Capote Sectário do Perito
5121	T5_HEAD_CLOTH_MORGANA@2	Expert's Cultist Cowl	Capote Sectário do Perito
5122	T5_HEAD_CLOTH_MORGANA@3	Expert's Cultist Cowl	Capote Sectário do Perito
5123	T5_HEAD_CLOTH_MORGANA@4	Expert's Cultist Cowl	Capote Sectário do Perito
5124	T6_HEAD_CLOTH_MORGANA	Master's Cultist Cowl	Capote Sectário do Mestre
5125	T6_HEAD_CLOTH_MORGANA@1	Master's Cultist Cowl	Capote Sectário do Mestre
5126	T6_HEAD_CLOTH_MORGANA@2	Master's Cultist Cowl	Capote Sectário do Mestre
5127	T6_HEAD_CLOTH_MORGANA@3	Master's Cultist Cowl	Capote Sectário do Mestre
5128	T6_HEAD_CLOTH_MORGANA@4	Master's Cultist Cowl	Capote Sectário do Mestre
5129	T7_HEAD_CLOTH_MORGANA	Grandmaster's Cultist Cowl	Capote Sectário do Grão-mestre
5130	T7_HEAD_CLOTH_MORGANA@1	Grandmaster's Cultist Cowl	Capote Sectário do Grão-mestre
5131	T7_HEAD_CLOTH_MORGANA@2	Grandmaster's Cultist Cowl	Capote Sectário do Grão-mestre
5132	T7_HEAD_CLOTH_MORGANA@3	Grandmaster's Cultist Cowl	Capote Sectário do Grão-mestre
5133	T7_HEAD_CLOTH_MORGANA@4	Grandmaster's Cultist Cowl	Capote Sectário do Grão-mestre
5134	T8_HEAD_CLOTH_MORGANA	Elder's Cultist Cowl	Capote Sectário do Ancião
5135	T8_HEAD_CLOTH_MORGANA@1	Elder's Cultist Cowl	Capote Sectário do Ancião
5136	T8_HEAD_CLOTH_MORGANA@2	Elder's Cultist Cowl	Capote Sectário do Ancião
5137	T8_HEAD_CLOTH_MORGANA@3	Elder's Cultist Cowl	Capote Sectário do Ancião
5138	T8_HEAD_CLOTH_MORGANA@4	Elder's Cultist Cowl	Capote Sectário do Ancião
5139	T4_ARMOR_CLOTH_MORGANA	Adept's Cultist Robe	Robe Sectário do Adepto
5140	T4_ARMOR_CLOTH_MORGANA@1	Adept's Cultist Robe	Robe Sectário do Adepto
5141	T4_ARMOR_CLOTH_MORGANA@2	Adept's Cultist Robe	Robe Sectário do Adepto
5142	T4_ARMOR_CLOTH_MORGANA@3	Adept's Cultist Robe	Robe Sectário do Adepto
5143	T4_ARMOR_CLOTH_MORGANA@4	Adept's Cultist Robe	Robe Sectário do Adepto
5144	T5_ARMOR_CLOTH_MORGANA	Expert's Cultist Robe	Robe Sectário do Perito
5145	T5_ARMOR_CLOTH_MORGANA@1	Expert's Cultist Robe	Robe Sectário do Perito
5146	T5_ARMOR_CLOTH_MORGANA@2	Expert's Cultist Robe	Robe Sectário do Perito
5147	T5_ARMOR_CLOTH_MORGANA@3	Expert's Cultist Robe	Robe Sectário do Perito
5148	T5_ARMOR_CLOTH_MORGANA@4	Expert's Cultist Robe	Robe Sectário do Perito
5149	T6_ARMOR_CLOTH_MORGANA	Master's Cultist Robe	Robe Sectário do Mestre
5150	T6_ARMOR_CLOTH_MORGANA@1	Master's Cultist Robe	Robe Sectário do Mestre
5151	T6_ARMOR_CLOTH_MORGANA@2	Master's Cultist Robe	Robe Sectário do Mestre
5152	T6_ARMOR_CLOTH_MORGANA@3	Master's Cultist Robe	Robe Sectário do Mestre
5153	T6_ARMOR_CLOTH_MORGANA@4	Master's Cultist Robe	Robe Sectário do Mestre
5154	T7_ARMOR_CLOTH_MORGANA	Grandmaster's Cultist Robe	Robe Sectário do Grão-mestre
5155	T7_ARMOR_CLOTH_MORGANA@1	Grandmaster's Cultist Robe	Robe Sectário do Grão-mestre
5156	T7_ARMOR_CLOTH_MORGANA@2	Grandmaster's Cultist Robe	Robe Sectário do Grão-mestre
5157	T7_ARMOR_CLOTH_MORGANA@3	Grandmaster's Cultist Robe	Robe Sectário do Grão-mestre
5158	T7_ARMOR_CLOTH_MORGANA@4	Grandmaster's Cultist Robe	Robe Sectário do Grão-mestre
5159	T8_ARMOR_CLOTH_MORGANA	Elder's Cultist Robe	Robe Sectário do Ancião
5160	T8_ARMOR_CLOTH_MORGANA@1	Elder's Cultist Robe	Robe Sectário do Ancião
5161	T8_ARMOR_CLOTH_MORGANA@2	Elder's Cultist Robe	Robe Sectário do Ancião
5162	T8_ARMOR_CLOTH_MORGANA@3	Elder's Cultist Robe	Robe Sectário do Ancião
5163	T8_ARMOR_CLOTH_MORGANA@4	Elder's Cultist Robe	Robe Sectário do Ancião
5164	T4_SHOES_CLOTH_MORGANA	Adept's Cultist Sandals	Sandálias Sectárias do Adepto
5165	T4_SHOES_CLOTH_MORGANA@1	Adept's Cultist Sandals	Sandálias Sectárias do Adepto
5166	T4_SHOES_CLOTH_MORGANA@2	Adept's Cultist Sandals	Sandálias Sectárias do Adepto
5167	T4_SHOES_CLOTH_MORGANA@3	Adept's Cultist Sandals	Sandálias Sectárias do Adepto
5168	T4_SHOES_CLOTH_MORGANA@4	Adept's Cultist Sandals	Sandálias Sectárias do Adepto
5169	T5_SHOES_CLOTH_MORGANA	Expert's Cultist Sandals	Sandálias Sectárias do Perito
5170	T5_SHOES_CLOTH_MORGANA@1	Expert's Cultist Sandals	Sandálias Sectárias do Perito
5171	T5_SHOES_CLOTH_MORGANA@2	Expert's Cultist Sandals	Sandálias Sectárias do Perito
5172	T5_SHOES_CLOTH_MORGANA@3	Expert's Cultist Sandals	Sandálias Sectárias do Perito
5173	T5_SHOES_CLOTH_MORGANA@4	Expert's Cultist Sandals	Sandálias Sectárias do Perito
5174	T6_SHOES_CLOTH_MORGANA	Master's Cultist Sandals	Sandálias Sectárias do Mestre
5175	T6_SHOES_CLOTH_MORGANA@1	Master's Cultist Sandals	Sandálias Sectárias do Mestre
5176	T6_SHOES_CLOTH_MORGANA@2	Master's Cultist Sandals	Sandálias Sectárias do Mestre
5177	T6_SHOES_CLOTH_MORGANA@3	Master's Cultist Sandals	Sandálias Sectárias do Mestre
5178	T6_SHOES_CLOTH_MORGANA@4	Master's Cultist Sandals	Sandálias Sectárias do Mestre
5179	T7_SHOES_CLOTH_MORGANA	Grandmaster's Cultist Sandals	Sandálias Sectárias do Grão-mestre
5180	T7_SHOES_CLOTH_MORGANA@1	Grandmaster's Cultist Sandals	Sandálias Sectárias do Grão-mestre
5181	T7_SHOES_CLOTH_MORGANA@2	Grandmaster's Cultist Sandals	Sandálias Sectárias do Grão-mestre
5182	T7_SHOES_CLOTH_MORGANA@3	Grandmaster's Cultist Sandals	Sandálias Sectárias do Grão-mestre
5183	T7_SHOES_CLOTH_MORGANA@4	Grandmaster's Cultist Sandals	Sandálias Sectárias do Grão-mestre
5184	T8_SHOES_CLOTH_MORGANA	Elder's Cultist Sandals	Sandálias Sectárias do Ancião
5185	T8_SHOES_CLOTH_MORGANA@1	Elder's Cultist Sandals	Sandálias Sectárias do Ancião
5186	T8_SHOES_CLOTH_MORGANA@2	Elder's Cultist Sandals	Sandálias Sectárias do Ancião
5187	T8_SHOES_CLOTH_MORGANA@3	Elder's Cultist Sandals	Sandálias Sectárias do Ancião
5188	T8_SHOES_CLOTH_MORGANA@4	Elder's Cultist Sandals	Sandálias Sectárias do Ancião
5189	T4_HEAD_CLOTH_FEY	Adept's Feyscale Hat	Capote Feérico do Adepto
5190	T4_HEAD_CLOTH_FEY@1	Adept's Feyscale Hat	Capote Feérico do Adepto
5191	T4_HEAD_CLOTH_FEY@2	Adept's Feyscale Hat	Capote Feérico do Adepto
5192	T4_HEAD_CLOTH_FEY@3	Adept's Feyscale Hat	Capote Feérico do Adepto
5193	T4_HEAD_CLOTH_FEY@4	Adept's Feyscale Hat	Capote Feérico do Adepto
5194	T5_HEAD_CLOTH_FEY	Expert's Feyscale Hat	Capote Feérico do Perito
5195	T5_HEAD_CLOTH_FEY@1	Expert's Feyscale Hat	Capote Feérico do Perito
5196	T5_HEAD_CLOTH_FEY@2	Expert's Feyscale Hat	Capote Feérico do Perito
5197	T5_HEAD_CLOTH_FEY@3	Expert's Feyscale Hat	Capote Feérico do Perito
5198	T5_HEAD_CLOTH_FEY@4	Expert's Feyscale Hat	Capote Feérico do Perito
5199	T6_HEAD_CLOTH_FEY	Master's Feyscale Hat	Capote Feérico do Mestre
5200	T6_HEAD_CLOTH_FEY@1	Master's Feyscale Hat	Capote Feérico do Mestre
5201	T6_HEAD_CLOTH_FEY@2	Master's Feyscale Hat	Capote Feérico do Mestre
5202	T6_HEAD_CLOTH_FEY@3	Master's Feyscale Hat	Capote Feérico do Mestre
5203	T6_HEAD_CLOTH_FEY@4	Master's Feyscale Hat	Capote Feérico do Mestre
5204	T7_HEAD_CLOTH_FEY	Grandmaster's Feyscale Hat	Capote Feérico do Grão-mestre
5205	T7_HEAD_CLOTH_FEY@1	Grandmaster's Feyscale Hat	Capote Feérico do Grão-mestre
5206	T7_HEAD_CLOTH_FEY@2	Grandmaster's Feyscale Hat	Capote Feérico do Grão-mestre
5207	T7_HEAD_CLOTH_FEY@3	Grandmaster's Feyscale Hat	Capote Feérico do Grão-mestre
5208	T7_HEAD_CLOTH_FEY@4	Grandmaster's Feyscale Hat	Capote Feérico do Grão-mestre
5209	T8_HEAD_CLOTH_FEY	Elder's Feyscale Hat	Capote Feérico do Ancião
5210	T8_HEAD_CLOTH_FEY@1	Elder's Feyscale Hat	Capote Feérico do Ancião
5211	T8_HEAD_CLOTH_FEY@2	Elder's Feyscale Hat	Capote Feérico do Ancião
5212	T8_HEAD_CLOTH_FEY@3	Elder's Feyscale Hat	Capote Feérico do Ancião
5213	T8_HEAD_CLOTH_FEY@4	Elder's Feyscale Hat	Capote Feérico do Ancião
5214	T4_ARMOR_CLOTH_FEY	Adept's Feyscale Robe	Robe Feérico do Adepto
5215	T4_ARMOR_CLOTH_FEY@1	Adept's Feyscale Robe	Robe Feérico do Adepto
5216	T4_ARMOR_CLOTH_FEY@2	Adept's Feyscale Robe	Robe Feérico do Adepto
5217	T4_ARMOR_CLOTH_FEY@3	Adept's Feyscale Robe	Robe Feérico do Adepto
5218	T4_ARMOR_CLOTH_FEY@4	Adept's Feyscale Robe	Robe Feérico do Adepto
5219	T5_ARMOR_CLOTH_FEY	Expert's Feyscale Robe	Robe Feérico do Perito
5220	T5_ARMOR_CLOTH_FEY@1	Expert's Feyscale Robe	Robe Feérico do Perito
5221	T5_ARMOR_CLOTH_FEY@2	Expert's Feyscale Robe	Robe Feérico do Perito
5222	T5_ARMOR_CLOTH_FEY@3	Expert's Feyscale Robe	Robe Feérico do Perito
5223	T5_ARMOR_CLOTH_FEY@4	Expert's Feyscale Robe	Robe Feérico do Perito
5224	T6_ARMOR_CLOTH_FEY	Master's Feyscale Robe	Robe Feérico do Mestre
5225	T6_ARMOR_CLOTH_FEY@1	Master's Feyscale Robe	Robe Feérico do Mestre
5226	T6_ARMOR_CLOTH_FEY@2	Master's Feyscale Robe	Robe Feérico do Mestre
5227	T6_ARMOR_CLOTH_FEY@3	Master's Feyscale Robe	Robe Feérico do Mestre
5228	T6_ARMOR_CLOTH_FEY@4	Master's Feyscale Robe	Robe Feérico do Mestre
5229	T7_ARMOR_CLOTH_FEY	Grandmaster's Feyscale Robe	Robe Feérico do Grão-mestre
5230	T7_ARMOR_CLOTH_FEY@1	Grandmaster's Feyscale Robe	Robe Feérico do Grão-mestre
5231	T7_ARMOR_CLOTH_FEY@2	Grandmaster's Feyscale Robe	Robe Feérico do Grão-mestre
5232	T7_ARMOR_CLOTH_FEY@3	Grandmaster's Feyscale Robe	Robe Feérico do Grão-mestre
5233	T7_ARMOR_CLOTH_FEY@4	Grandmaster's Feyscale Robe	Robe Feérico do Grão-mestre
5234	T8_ARMOR_CLOTH_FEY	Elder's Feyscale Robe	Robe Feérico do Ancião
5235	T8_ARMOR_CLOTH_FEY@1	Elder's Feyscale Robe	Robe Feérico do Ancião
5236	T8_ARMOR_CLOTH_FEY@2	Elder's Feyscale Robe	Robe Feérico do Ancião
5237	T8_ARMOR_CLOTH_FEY@3	Elder's Feyscale Robe	Robe Feérico do Ancião
5238	T8_ARMOR_CLOTH_FEY@4	Elder's Feyscale Robe	Robe Feérico do Ancião
5239	T4_SHOES_CLOTH_FEY	Adept's Feyscale Sandals	Sandálias Feéricas do Adepto
5240	T4_SHOES_CLOTH_FEY@1	Adept's Feyscale Sandals	Sandálias Feéricas do Adepto
5241	T4_SHOES_CLOTH_FEY@2	Adept's Feyscale Sandals	Sandálias Feéricas do Adepto
5242	T4_SHOES_CLOTH_FEY@3	Adept's Feyscale Sandals	Sandálias Feéricas do Adepto
5243	T4_SHOES_CLOTH_FEY@4	Adept's Feyscale Sandals	Sandálias Feéricas do Adepto
5244	T5_SHOES_CLOTH_FEY	Expert's Feyscale Sandals	Sandálias Feéricas do Perito
5245	T5_SHOES_CLOTH_FEY@1	Expert's Feyscale Sandals	Sandálias Feéricas do Perito
5246	T5_SHOES_CLOTH_FEY@2	Expert's Feyscale Sandals	Sandálias Feéricas do Perito
5247	T5_SHOES_CLOTH_FEY@3	Expert's Feyscale Sandals	Sandálias Feéricas do Perito
5248	T5_SHOES_CLOTH_FEY@4	Expert's Feyscale Sandals	Sandálias Feéricas do Perito
5249	T6_SHOES_CLOTH_FEY	Master's Feyscale Sandals	Sandálias Feéricas do Mestre
5250	T6_SHOES_CLOTH_FEY@1	Master's Feyscale Sandals	Sandálias Feéricas do Mestre
5251	T6_SHOES_CLOTH_FEY@2	Master's Feyscale Sandals	Sandálias Feéricas do Mestre
5252	T6_SHOES_CLOTH_FEY@3	Master's Feyscale Sandals	Sandálias Feéricas do Mestre
5253	T6_SHOES_CLOTH_FEY@4	Master's Feyscale Sandals	Sandálias Feéricas do Mestre
5254	T7_SHOES_CLOTH_FEY	Grandmaster's Feyscale Sandals	Sandálias Feéricas do Grão-mestre
5255	T7_SHOES_CLOTH_FEY@1	Grandmaster's Feyscale Sandals	Sandálias Feéricas do Grão-mestre
5256	T7_SHOES_CLOTH_FEY@2	Grandmaster's Feyscale Sandals	Sandálias Feéricas do Grão-mestre
5257	T7_SHOES_CLOTH_FEY@3	Grandmaster's Feyscale Sandals	Sandálias Feéricas do Grão-mestre
5258	T7_SHOES_CLOTH_FEY@4	Grandmaster's Feyscale Sandals	Sandálias Feéricas do Grão-mestre
5259	T8_SHOES_CLOTH_FEY	Elder's Feyscale Sandals	Sandálias Feéricas do Ancião
5260	T8_SHOES_CLOTH_FEY@1	Elder's Feyscale Sandals	Sandálias Feéricas do Ancião
5261	T8_SHOES_CLOTH_FEY@2	Elder's Feyscale Sandals	Sandálias Feéricas do Ancião
5262	T8_SHOES_CLOTH_FEY@3	Elder's Feyscale Sandals	Sandálias Feéricas do Ancião
5263	T8_SHOES_CLOTH_FEY@4	Elder's Feyscale Sandals	Sandálias Feéricas do Ancião
5264	T4_HEAD_CLOTH_AVALON	Adept's Cowl of Purity	Capote da Pureza do Adepto
5265	T4_HEAD_CLOTH_AVALON@1	Adept's Cowl of Purity	Capote da Pureza do Adepto
5266	T4_HEAD_CLOTH_AVALON@2	Adept's Cowl of Purity	Capote da Pureza do Adepto
5267	T4_HEAD_CLOTH_AVALON@3	Adept's Cowl of Purity	Capote da Pureza do Adepto
5268	T4_HEAD_CLOTH_AVALON@4	Adept's Cowl of Purity	Capote da Pureza do Adepto
5269	T5_HEAD_CLOTH_AVALON	Expert's Cowl of Purity	Capote da Pureza do Perito
5270	T5_HEAD_CLOTH_AVALON@1	Expert's Cowl of Purity	Capote da Pureza do Perito
5271	T5_HEAD_CLOTH_AVALON@2	Expert's Cowl of Purity	Capote da Pureza do Perito
5272	T5_HEAD_CLOTH_AVALON@3	Expert's Cowl of Purity	Capote da Pureza do Perito
5273	T5_HEAD_CLOTH_AVALON@4	Expert's Cowl of Purity	Capote da Pureza do Perito
5274	T6_HEAD_CLOTH_AVALON	Master's Cowl of Purity	Capote da Pureza do Mestre
5275	T6_HEAD_CLOTH_AVALON@1	Master's Cowl of Purity	Capote da Pureza do Mestre
5276	T6_HEAD_CLOTH_AVALON@2	Master's Cowl of Purity	Capote da Pureza do Mestre
5277	T6_HEAD_CLOTH_AVALON@3	Master's Cowl of Purity	Capote da Pureza do Mestre
5278	T6_HEAD_CLOTH_AVALON@4	Master's Cowl of Purity	Capote da Pureza do Mestre
5279	T7_HEAD_CLOTH_AVALON	Grandmaster's Cowl of Purity	Capote da Pureza do Grão-mestre
5280	T7_HEAD_CLOTH_AVALON@1	Grandmaster's Cowl of Purity	Capote da Pureza do Grão-mestre
5281	T7_HEAD_CLOTH_AVALON@2	Grandmaster's Cowl of Purity	Capote da Pureza do Grão-mestre
5282	T7_HEAD_CLOTH_AVALON@3	Grandmaster's Cowl of Purity	Capote da Pureza do Grão-mestre
5283	T7_HEAD_CLOTH_AVALON@4	Grandmaster's Cowl of Purity	Capote da Pureza do Grão-mestre
5284	T8_HEAD_CLOTH_AVALON	Elder's Cowl of Purity	Capote da Pureza do Ancião
5285	T8_HEAD_CLOTH_AVALON@1	Elder's Cowl of Purity	Capote da Pureza do Ancião
5286	T8_HEAD_CLOTH_AVALON@2	Elder's Cowl of Purity	Capote da Pureza do Ancião
5287	T8_HEAD_CLOTH_AVALON@3	Elder's Cowl of Purity	Capote da Pureza do Ancião
5288	T8_HEAD_CLOTH_AVALON@4	Elder's Cowl of Purity	Capote da Pureza do Ancião
5289	T4_ARMOR_CLOTH_AVALON	Adept's Robe of Purity	Robe da Pureza do Adepto
5290	T4_ARMOR_CLOTH_AVALON@1	Adept's Robe of Purity	Robe da Pureza do Adepto
5291	T4_ARMOR_CLOTH_AVALON@2	Adept's Robe of Purity	Robe da Pureza do Adepto
5292	T4_ARMOR_CLOTH_AVALON@3	Adept's Robe of Purity	Robe da Pureza do Adepto
5293	T4_ARMOR_CLOTH_AVALON@4	Adept's Robe of Purity	Robe da Pureza do Adepto
5294	T5_ARMOR_CLOTH_AVALON	Expert's Robe of Purity	Robe da Pureza do Perito
5295	T5_ARMOR_CLOTH_AVALON@1	Expert's Robe of Purity	Robe da Pureza do Perito
5296	T5_ARMOR_CLOTH_AVALON@2	Expert's Robe of Purity	Robe da Pureza do Perito
5297	T5_ARMOR_CLOTH_AVALON@3	Expert's Robe of Purity	Robe da Pureza do Perito
5298	T5_ARMOR_CLOTH_AVALON@4	Expert's Robe of Purity	Robe da Pureza do Perito
5299	T6_ARMOR_CLOTH_AVALON	Master's Robe of Purity	Robe da Pureza do Mestre
5300	T6_ARMOR_CLOTH_AVALON@1	Master's Robe of Purity	Robe da Pureza do Mestre
5301	T6_ARMOR_CLOTH_AVALON@2	Master's Robe of Purity	Robe da Pureza do Mestre
5302	T6_ARMOR_CLOTH_AVALON@3	Master's Robe of Purity	Robe da Pureza do Mestre
5303	T6_ARMOR_CLOTH_AVALON@4	Master's Robe of Purity	Robe da Pureza do Mestre
5304	T7_ARMOR_CLOTH_AVALON	Grandmaster's Robe of Purity	Robe da Pureza do Grão-mestre
5305	T7_ARMOR_CLOTH_AVALON@1	Grandmaster's Robe of Purity	Robe da Pureza do Grão-mestre
5306	T7_ARMOR_CLOTH_AVALON@2	Grandmaster's Robe of Purity	Robe da Pureza do Grão-mestre
5307	T7_ARMOR_CLOTH_AVALON@3	Grandmaster's Robe of Purity	Robe da Pureza do Grão-mestre
5308	T7_ARMOR_CLOTH_AVALON@4	Grandmaster's Robe of Purity	Robe da Pureza do Grão-mestre
5309	T8_ARMOR_CLOTH_AVALON	Elder's Robe of Purity	Robe da Pureza do Ancião
5310	T8_ARMOR_CLOTH_AVALON@1	Elder's Robe of Purity	Robe da Pureza do Ancião
5311	T8_ARMOR_CLOTH_AVALON@2	Elder's Robe of Purity	Robe da Pureza do Ancião
5312	T8_ARMOR_CLOTH_AVALON@3	Elder's Robe of Purity	Robe da Pureza do Ancião
5313	T8_ARMOR_CLOTH_AVALON@4	Elder's Robe of Purity	Robe da Pureza do Ancião
5314	T4_SHOES_CLOTH_AVALON	Adept's Sandals of Purity	Sandálias da Pureza do Adepto
5315	T4_SHOES_CLOTH_AVALON@1	Adept's Sandals of Purity	Sandálias da Pureza do Adepto
5316	T4_SHOES_CLOTH_AVALON@2	Adept's Sandals of Purity	Sandálias da Pureza do Adepto
5317	T4_SHOES_CLOTH_AVALON@3	Adept's Sandals of Purity	Sandálias da Pureza do Adepto
5318	T4_SHOES_CLOTH_AVALON@4	Adept's Sandals of Purity	Sandálias da Pureza do Adepto
5319	T5_SHOES_CLOTH_AVALON	Expert's Sandals of Purity	Sandálias da Pureza do Perito
5320	T5_SHOES_CLOTH_AVALON@1	Expert's Sandals of Purity	Sandálias da Pureza do Perito
5321	T5_SHOES_CLOTH_AVALON@2	Expert's Sandals of Purity	Sandálias da Pureza do Perito
5322	T5_SHOES_CLOTH_AVALON@3	Expert's Sandals of Purity	Sandálias da Pureza do Perito
5323	T5_SHOES_CLOTH_AVALON@4	Expert's Sandals of Purity	Sandálias da Pureza do Perito
5324	T6_SHOES_CLOTH_AVALON	Master's Sandals of Purity	Sandálias da Pureza do Mestre
5325	T6_SHOES_CLOTH_AVALON@1	Master's Sandals of Purity	Sandálias da Pureza do Mestre
5326	T6_SHOES_CLOTH_AVALON@2	Master's Sandals of Purity	Sandálias da Pureza do Mestre
5327	T6_SHOES_CLOTH_AVALON@3	Master's Sandals of Purity	Sandálias da Pureza do Mestre
5328	T6_SHOES_CLOTH_AVALON@4	Master's Sandals of Purity	Sandálias da Pureza do Mestre
5329	T7_SHOES_CLOTH_AVALON	Grandmaster's Sandals of Purity	Sandálias da Pureza do Grão-mestre
5330	T7_SHOES_CLOTH_AVALON@1	Grandmaster's Sandals of Purity	Sandálias da Pureza do Grão-mestre
5331	T7_SHOES_CLOTH_AVALON@2	Grandmaster's Sandals of Purity	Sandálias da Pureza do Grão-mestre
5332	T7_SHOES_CLOTH_AVALON@3	Grandmaster's Sandals of Purity	Sandálias da Pureza do Grão-mestre
5333	T7_SHOES_CLOTH_AVALON@4	Grandmaster's Sandals of Purity	Sandálias da Pureza do Grão-mestre
5334	T8_SHOES_CLOTH_AVALON	Elder's Sandals of Purity	Sandálias da Pureza do Ancião
5335	T8_SHOES_CLOTH_AVALON@1	Elder's Sandals of Purity	Sandálias da Pureza do Ancião
5336	T8_SHOES_CLOTH_AVALON@2	Elder's Sandals of Purity	Sandálias da Pureza do Ancião
5337	T8_SHOES_CLOTH_AVALON@3	Elder's Sandals of Purity	Sandálias da Pureza do Ancião
5338	T8_SHOES_CLOTH_AVALON@4	Elder's Sandals of Purity	Sandálias da Pureza do Ancião
5339	T4_HEAD_CLOTH_ROYAL	Adept's Royal Cowl	Capote Real do Adepto
5340	T4_HEAD_CLOTH_ROYAL@1	Adept's Royal Cowl	Capote Real do Adepto
5341	T4_HEAD_CLOTH_ROYAL@2	Adept's Royal Cowl	Capote Real do Adepto
5342	T4_HEAD_CLOTH_ROYAL@3	Adept's Royal Cowl	Capote Real do Adepto
5343	T4_HEAD_CLOTH_ROYAL@4	Adept's Royal Cowl	Capote Real do Adepto
5344	T5_HEAD_CLOTH_ROYAL	Expert's Royal Cowl	Capote Real do Perito
5345	T5_HEAD_CLOTH_ROYAL@1	Expert's Royal Cowl	Capote Real do Perito
5346	T5_HEAD_CLOTH_ROYAL@2	Expert's Royal Cowl	Capote Real do Perito
5347	T5_HEAD_CLOTH_ROYAL@3	Expert's Royal Cowl	Capote Real do Perito
5348	T5_HEAD_CLOTH_ROYAL@4	Expert's Royal Cowl	Capote Real do Perito
5349	T6_HEAD_CLOTH_ROYAL	Master's Royal Cowl	Capote Real do Mestre
5350	T6_HEAD_CLOTH_ROYAL@1	Master's Royal Cowl	Capote Real do Mestre
5351	T6_HEAD_CLOTH_ROYAL@2	Master's Royal Cowl	Capote Real do Mestre
5352	T6_HEAD_CLOTH_ROYAL@3	Master's Royal Cowl	Capote Real do Mestre
5353	T6_HEAD_CLOTH_ROYAL@4	Master's Royal Cowl	Capote Real do Mestre
5354	T7_HEAD_CLOTH_ROYAL	Grandmaster's Royal Cowl	Capote Real do Grão-mestre
5355	T7_HEAD_CLOTH_ROYAL@1	Grandmaster's Royal Cowl	Capote Real do Grão-mestre
5356	T7_HEAD_CLOTH_ROYAL@2	Grandmaster's Royal Cowl	Capote Real do Grão-mestre
5357	T7_HEAD_CLOTH_ROYAL@3	Grandmaster's Royal Cowl	Capote Real do Grão-mestre
5358	T7_HEAD_CLOTH_ROYAL@4	Grandmaster's Royal Cowl	Capote Real do Grão-mestre
5359	T8_HEAD_CLOTH_ROYAL	Elder's Royal Cowl	Capote Real do Ancião
5360	T8_HEAD_CLOTH_ROYAL@1	Elder's Royal Cowl	Capote Real do Ancião
5361	T8_HEAD_CLOTH_ROYAL@2	Elder's Royal Cowl	Capote Real do Ancião
5362	T8_HEAD_CLOTH_ROYAL@3	Elder's Royal Cowl	Capote Real do Ancião
5363	T8_HEAD_CLOTH_ROYAL@4	Elder's Royal Cowl	Capote Real do Ancião
5364	T4_ARMOR_CLOTH_ROYAL	Adept's Royal Robe	Robe Real do Adepto
5365	T4_ARMOR_CLOTH_ROYAL@1	Adept's Royal Robe	Robe Real do Adepto
5366	T4_ARMOR_CLOTH_ROYAL@2	Adept's Royal Robe	Robe Real do Adepto
5367	T4_ARMOR_CLOTH_ROYAL@3	Adept's Royal Robe	Robe Real do Adepto
5368	T4_ARMOR_CLOTH_ROYAL@4	Adept's Royal Robe	Robe Real do Adepto
5369	T5_ARMOR_CLOTH_ROYAL	Expert's Royal Robe	Robe Real do Perito
5370	T5_ARMOR_CLOTH_ROYAL@1	Expert's Royal Robe	Robe Real do Perito
5371	T5_ARMOR_CLOTH_ROYAL@2	Expert's Royal Robe	Robe Real do Perito
5372	T5_ARMOR_CLOTH_ROYAL@3	Expert's Royal Robe	Robe Real do Perito
5373	T5_ARMOR_CLOTH_ROYAL@4	Expert's Royal Robe	Robe Real do Perito
5374	T6_ARMOR_CLOTH_ROYAL	Master's Royal Robe	Robe Real do Mestre
5375	T6_ARMOR_CLOTH_ROYAL@1	Master's Royal Robe	Robe Real do Mestre
5376	T6_ARMOR_CLOTH_ROYAL@2	Master's Royal Robe	Robe Real do Mestre
5377	T6_ARMOR_CLOTH_ROYAL@3	Master's Royal Robe	Robe Real do Mestre
5378	T6_ARMOR_CLOTH_ROYAL@4	Master's Royal Robe	Robe Real do Mestre
5379	T7_ARMOR_CLOTH_ROYAL	Grandmaster's Royal Robe	Robe Real do Grão-mestre
5380	T7_ARMOR_CLOTH_ROYAL@1	Grandmaster's Royal Robe	Robe Real do Grão-mestre
5381	T7_ARMOR_CLOTH_ROYAL@2	Grandmaster's Royal Robe	Robe Real do Grão-mestre
5382	T7_ARMOR_CLOTH_ROYAL@3	Grandmaster's Royal Robe	Robe Real do Grão-mestre
5383	T7_ARMOR_CLOTH_ROYAL@4	Grandmaster's Royal Robe	Robe Real do Grão-mestre
5384	T8_ARMOR_CLOTH_ROYAL	Elder's Royal Robe	Robe Real do Ancião
5385	T8_ARMOR_CLOTH_ROYAL@1	Elder's Royal Robe	Robe Real do Ancião
5386	T8_ARMOR_CLOTH_ROYAL@2	Elder's Royal Robe	Robe Real do Ancião
5387	T8_ARMOR_CLOTH_ROYAL@3	Elder's Royal Robe	Robe Real do Ancião
5388	T8_ARMOR_CLOTH_ROYAL@4	Elder's Royal Robe	Robe Real do Ancião
5389	T4_SHOES_CLOTH_ROYAL	Adept's Royal Sandals	Sandálias Reais do Adepto
5390	T4_SHOES_CLOTH_ROYAL@1	Adept's Royal Sandals	Sandálias Reais do Adepto
5391	T4_SHOES_CLOTH_ROYAL@2	Adept's Royal Sandals	Sandálias Reais do Adepto
5392	T4_SHOES_CLOTH_ROYAL@3	Adept's Royal Sandals	Sandálias Reais do Adepto
5393	T4_SHOES_CLOTH_ROYAL@4	Adept's Royal Sandals	Sandálias Reais do Adepto
5394	T5_SHOES_CLOTH_ROYAL	Expert's Royal Sandals	Sandálias Reais do Perito
5395	T5_SHOES_CLOTH_ROYAL@1	Expert's Royal Sandals	Sandálias Reais do Perito
5396	T5_SHOES_CLOTH_ROYAL@2	Expert's Royal Sandals	Sandálias Reais do Perito
5397	T5_SHOES_CLOTH_ROYAL@3	Expert's Royal Sandals	Sandálias Reais do Perito
5398	T5_SHOES_CLOTH_ROYAL@4	Expert's Royal Sandals	Sandálias Reais do Perito
5399	T6_SHOES_CLOTH_ROYAL	Master's Royal Sandals	Sandálias Reais do Mestre
5400	T6_SHOES_CLOTH_ROYAL@1	Master's Royal Sandals	Sandálias Reais do Mestre
5401	T6_SHOES_CLOTH_ROYAL@2	Master's Royal Sandals	Sandálias Reais do Mestre
5402	T6_SHOES_CLOTH_ROYAL@3	Master's Royal Sandals	Sandálias Reais do Mestre
5403	T6_SHOES_CLOTH_ROYAL@4	Master's Royal Sandals	Sandálias Reais do Mestre
5404	T7_SHOES_CLOTH_ROYAL	Grandmaster's Royal Sandals	Sandálias Reais do Grão-mestre
5405	T7_SHOES_CLOTH_ROYAL@1	Grandmaster's Royal Sandals	Sandálias Reais do Grão-mestre
5406	T7_SHOES_CLOTH_ROYAL@2	Grandmaster's Royal Sandals	Sandálias Reais do Grão-mestre
5407	T7_SHOES_CLOTH_ROYAL@3	Grandmaster's Royal Sandals	Sandálias Reais do Grão-mestre
5408	T7_SHOES_CLOTH_ROYAL@4	Grandmaster's Royal Sandals	Sandálias Reais do Grão-mestre
5409	T8_SHOES_CLOTH_ROYAL	Elder's Royal Sandals	Sandálias Reais do Ancião
5410	T8_SHOES_CLOTH_ROYAL@1	Elder's Royal Sandals	Sandálias Reais do Ancião
5411	T8_SHOES_CLOTH_ROYAL@2	Elder's Royal Sandals	Sandálias Reais do Ancião
5412	T8_SHOES_CLOTH_ROYAL@3	Elder's Royal Sandals	Sandálias Reais do Ancião
5413	T8_SHOES_CLOTH_ROYAL@4	Elder's Royal Sandals	Sandálias Reais do Ancião
5414	T4_HEAD_LEATHER_ROYAL	Adept's Royal Hood	Capuz Real do Adepto
5415	T4_HEAD_LEATHER_ROYAL@1	Adept's Royal Hood	Capuz Real do Adepto
5416	T4_HEAD_LEATHER_ROYAL@2	Adept's Royal Hood	Capuz Real do Adepto
5417	T4_HEAD_LEATHER_ROYAL@3	Adept's Royal Hood	Capuz Real do Adepto
5418	T4_HEAD_LEATHER_ROYAL@4	Adept's Royal Hood	Capuz Real do Adepto
5419	T5_HEAD_LEATHER_ROYAL	Expert's Royal Hood	Capuz Real do Perito
5420	T5_HEAD_LEATHER_ROYAL@1	Expert's Royal Hood	Capuz Real do Perito
5421	T5_HEAD_LEATHER_ROYAL@2	Expert's Royal Hood	Capuz Real do Perito
5422	T5_HEAD_LEATHER_ROYAL@3	Expert's Royal Hood	Capuz Real do Perito
5423	T5_HEAD_LEATHER_ROYAL@4	Expert's Royal Hood	Capuz Real do Perito
5424	T6_HEAD_LEATHER_ROYAL	Master's Royal Hood	Capuz Real do Mestre
5425	T6_HEAD_LEATHER_ROYAL@1	Master's Royal Hood	Capuz Real do Mestre
5426	T6_HEAD_LEATHER_ROYAL@2	Master's Royal Hood	Capuz Real do Mestre
5427	T6_HEAD_LEATHER_ROYAL@3	Master's Royal Hood	Capuz Real do Mestre
5428	T6_HEAD_LEATHER_ROYAL@4	Master's Royal Hood	Capuz Real do Mestre
5429	T7_HEAD_LEATHER_ROYAL	Grandmaster's Royal Hood	Capuz Real do Grão-mestre
5430	T7_HEAD_LEATHER_ROYAL@1	Grandmaster's Royal Hood	Capuz Real do Grão-mestre
5431	T7_HEAD_LEATHER_ROYAL@2	Grandmaster's Royal Hood	Capuz Real do Grão-mestre
5432	T7_HEAD_LEATHER_ROYAL@3	Grandmaster's Royal Hood	Capuz Real do Grão-mestre
5433	T7_HEAD_LEATHER_ROYAL@4	Grandmaster's Royal Hood	Capuz Real do Grão-mestre
5434	T8_HEAD_LEATHER_ROYAL	Elder's Royal Hood	Capuz Real do Ancião
5435	T8_HEAD_LEATHER_ROYAL@1	Elder's Royal Hood	Capuz Real do Ancião
5436	T8_HEAD_LEATHER_ROYAL@2	Elder's Royal Hood	Capuz Real do Ancião
5437	T8_HEAD_LEATHER_ROYAL@3	Elder's Royal Hood	Capuz Real do Ancião
5438	T8_HEAD_LEATHER_ROYAL@4	Elder's Royal Hood	Capuz Real do Ancião
5439	T4_ARMOR_LEATHER_ROYAL	Adept's Royal Jacket	Casaco Real do Adepto
5440	T4_ARMOR_LEATHER_ROYAL@1	Adept's Royal Jacket	Casaco Real do Adepto
5441	T4_ARMOR_LEATHER_ROYAL@2	Adept's Royal Jacket	Casaco Real do Adepto
5442	T4_ARMOR_LEATHER_ROYAL@3	Adept's Royal Jacket	Casaco Real do Adepto
5443	T4_ARMOR_LEATHER_ROYAL@4	Adept's Royal Jacket	Casaco Real do Adepto
5444	T5_ARMOR_LEATHER_ROYAL	Expert's Royal Jacket	Casaco Real do Perito
5445	T5_ARMOR_LEATHER_ROYAL@1	Expert's Royal Jacket	Casaco Real do Perito
5446	T5_ARMOR_LEATHER_ROYAL@2	Expert's Royal Jacket	Casaco Real do Perito
5447	T5_ARMOR_LEATHER_ROYAL@3	Expert's Royal Jacket	Casaco Real do Perito
5448	T5_ARMOR_LEATHER_ROYAL@4	Expert's Royal Jacket	Casaco Real do Perito
5449	T6_ARMOR_LEATHER_ROYAL	Master's Royal Jacket	Casaco Real do Mestre
5450	T6_ARMOR_LEATHER_ROYAL@1	Master's Royal Jacket	Casaco Real do Mestre
5451	T6_ARMOR_LEATHER_ROYAL@2	Master's Royal Jacket	Casaco Real do Mestre
5452	T6_ARMOR_LEATHER_ROYAL@3	Master's Royal Jacket	Casaco Real do Mestre
5453	T6_ARMOR_LEATHER_ROYAL@4	Master's Royal Jacket	Casaco Real do Mestre
5454	T7_ARMOR_LEATHER_ROYAL	Grandmaster's Royal Jacket	Casaco Real do Grão-mestre
5455	T7_ARMOR_LEATHER_ROYAL@1	Grandmaster's Royal Jacket	Casaco Real do Grão-mestre
5456	T7_ARMOR_LEATHER_ROYAL@2	Grandmaster's Royal Jacket	Casaco Real do Grão-mestre
5457	T7_ARMOR_LEATHER_ROYAL@3	Grandmaster's Royal Jacket	Casaco Real do Grão-mestre
5458	T7_ARMOR_LEATHER_ROYAL@4	Grandmaster's Royal Jacket	Casaco Real do Grão-mestre
5459	T8_ARMOR_LEATHER_ROYAL	Elder's Royal Jacket	Casaco Real do Ancião
5460	T8_ARMOR_LEATHER_ROYAL@1	Elder's Royal Jacket	Casaco Real do Ancião
5461	T8_ARMOR_LEATHER_ROYAL@2	Elder's Royal Jacket	Casaco Real do Ancião
5462	T8_ARMOR_LEATHER_ROYAL@3	Elder's Royal Jacket	Casaco Real do Ancião
5463	T8_ARMOR_LEATHER_ROYAL@4	Elder's Royal Jacket	Casaco Real do Ancião
5464	T4_SHOES_LEATHER_ROYAL	Adept's Royal Shoes	Sapatos Reais do Adepto
5465	T4_SHOES_LEATHER_ROYAL@1	Adept's Royal Shoes	Sapatos Reais do Adepto
5466	T4_SHOES_LEATHER_ROYAL@2	Adept's Royal Shoes	Sapatos Reais do Adepto
5467	T4_SHOES_LEATHER_ROYAL@3	Adept's Royal Shoes	Sapatos Reais do Adepto
5468	T4_SHOES_LEATHER_ROYAL@4	Adept's Royal Shoes	Sapatos Reais do Adepto
5469	T5_SHOES_LEATHER_ROYAL	Expert's Royal Shoes	Sapatos Reais do Perito
5470	T5_SHOES_LEATHER_ROYAL@1	Expert's Royal Shoes	Sapatos Reais do Perito
5471	T5_SHOES_LEATHER_ROYAL@2	Expert's Royal Shoes	Sapatos Reais do Perito
5472	T5_SHOES_LEATHER_ROYAL@3	Expert's Royal Shoes	Sapatos Reais do Perito
5473	T5_SHOES_LEATHER_ROYAL@4	Expert's Royal Shoes	Sapatos Reais do Perito
5474	T6_SHOES_LEATHER_ROYAL	Master's Royal Shoes	Sapatos Reais do Mestre
5475	T6_SHOES_LEATHER_ROYAL@1	Master's Royal Shoes	Sapatos Reais do Mestre
5476	T6_SHOES_LEATHER_ROYAL@2	Master's Royal Shoes	Sapatos Reais do Mestre
5477	T6_SHOES_LEATHER_ROYAL@3	Master's Royal Shoes	Sapatos Reais do Mestre
5478	T6_SHOES_LEATHER_ROYAL@4	Master's Royal Shoes	Sapatos Reais do Mestre
5479	T7_SHOES_LEATHER_ROYAL	Grandmaster's Royal Shoes	Sapatos Reais do Grão-mestre
5480	T7_SHOES_LEATHER_ROYAL@1	Grandmaster's Royal Shoes	Sapatos Reais do Grão-mestre
5481	T7_SHOES_LEATHER_ROYAL@2	Grandmaster's Royal Shoes	Sapatos Reais do Grão-mestre
5482	T7_SHOES_LEATHER_ROYAL@3	Grandmaster's Royal Shoes	Sapatos Reais do Grão-mestre
5483	T7_SHOES_LEATHER_ROYAL@4	Grandmaster's Royal Shoes	Sapatos Reais do Grão-mestre
5484	T8_SHOES_LEATHER_ROYAL	Elder's Royal Shoes	Sapatos Reais do Ancião
5485	T8_SHOES_LEATHER_ROYAL@1	Elder's Royal Shoes	Sapatos Reais do Ancião
5486	T8_SHOES_LEATHER_ROYAL@2	Elder's Royal Shoes	Sapatos Reais do Ancião
5487	T8_SHOES_LEATHER_ROYAL@3	Elder's Royal Shoes	Sapatos Reais do Ancião
5488	T8_SHOES_LEATHER_ROYAL@4	Elder's Royal Shoes	Sapatos Reais do Ancião
5489	T4_HEAD_PLATE_ROYAL	Adept's Royal Helmet	Elmo Real do Adepto
5490	T4_HEAD_PLATE_ROYAL@1	Adept's Royal Helmet	Elmo Real do Adepto
5491	T4_HEAD_PLATE_ROYAL@2	Adept's Royal Helmet	Elmo Real do Adepto
5492	T4_HEAD_PLATE_ROYAL@3	Adept's Royal Helmet	Elmo Real do Adepto
5493	T4_HEAD_PLATE_ROYAL@4	Adept's Royal Helmet	Elmo Real do Adepto
5494	T5_HEAD_PLATE_ROYAL	Expert's Royal Helmet	Elmo Real do Perito
5495	T5_HEAD_PLATE_ROYAL@1	Expert's Royal Helmet	Elmo Real do Perito
5496	T5_HEAD_PLATE_ROYAL@2	Expert's Royal Helmet	Elmo Real do Perito
5497	T5_HEAD_PLATE_ROYAL@3	Expert's Royal Helmet	Elmo Real do Perito
5498	T5_HEAD_PLATE_ROYAL@4	Expert's Royal Helmet	Elmo Real do Perito
5499	T6_HEAD_PLATE_ROYAL	Master's Royal Helmet	Elmo Real do Mestre
5500	T6_HEAD_PLATE_ROYAL@1	Master's Royal Helmet	Elmo Real do Mestre
5501	T6_HEAD_PLATE_ROYAL@2	Master's Royal Helmet	Elmo Real do Mestre
5502	T6_HEAD_PLATE_ROYAL@3	Master's Royal Helmet	Elmo Real do Mestre
5503	T6_HEAD_PLATE_ROYAL@4	Master's Royal Helmet	Elmo Real do Mestre
5504	T7_HEAD_PLATE_ROYAL	Grandmaster's Royal Helmet	Elmo Real do Grão-mestre
5505	T7_HEAD_PLATE_ROYAL@1	Grandmaster's Royal Helmet	Elmo Real do Grão-mestre
5506	T7_HEAD_PLATE_ROYAL@2	Grandmaster's Royal Helmet	Elmo Real do Grão-mestre
5507	T7_HEAD_PLATE_ROYAL@3	Grandmaster's Royal Helmet	Elmo Real do Grão-mestre
5508	T7_HEAD_PLATE_ROYAL@4	Grandmaster's Royal Helmet	Elmo Real do Grão-mestre
5509	T8_HEAD_PLATE_ROYAL	Elder's Royal Helmet	Elmo Real do Ancião
5510	T8_HEAD_PLATE_ROYAL@1	Elder's Royal Helmet	Elmo Real do Ancião
5511	T8_HEAD_PLATE_ROYAL@2	Elder's Royal Helmet	Elmo Real do Ancião
5512	T8_HEAD_PLATE_ROYAL@3	Elder's Royal Helmet	Elmo Real do Ancião
5513	T8_HEAD_PLATE_ROYAL@4	Elder's Royal Helmet	Elmo Real do Ancião
5514	T4_ARMOR_PLATE_ROYAL	Adept's Royal Armor	Armadura Real do Adepto
5515	T4_ARMOR_PLATE_ROYAL@1	Adept's Royal Armor	Armadura Real do Adepto
5516	T4_ARMOR_PLATE_ROYAL@2	Adept's Royal Armor	Armadura Real do Adepto
5517	T4_ARMOR_PLATE_ROYAL@3	Adept's Royal Armor	Armadura Real do Adepto
5518	T4_ARMOR_PLATE_ROYAL@4	Adept's Royal Armor	Armadura Real do Adepto
5519	T5_ARMOR_PLATE_ROYAL	Expert's Royal Armor	Armadura Real do Perito
5520	T5_ARMOR_PLATE_ROYAL@1	Expert's Royal Armor	Armadura Real do Perito
5521	T5_ARMOR_PLATE_ROYAL@2	Expert's Royal Armor	Armadura Real do Perito
5522	T5_ARMOR_PLATE_ROYAL@3	Expert's Royal Armor	Armadura Real do Perito
5523	T5_ARMOR_PLATE_ROYAL@4	Expert's Royal Armor	Armadura Real do Perito
5524	T6_ARMOR_PLATE_ROYAL	Master's Royal Armor	Armadura Real do Mestre
5525	T6_ARMOR_PLATE_ROYAL@1	Master's Royal Armor	Armadura Real do Mestre
5526	T6_ARMOR_PLATE_ROYAL@2	Master's Royal Armor	Armadura Real do Mestre
5527	T6_ARMOR_PLATE_ROYAL@3	Master's Royal Armor	Armadura Real do Mestre
5528	T6_ARMOR_PLATE_ROYAL@4	Master's Royal Armor	Armadura Real do Mestre
5529	T7_ARMOR_PLATE_ROYAL	Grandmaster's Royal Armor	Armadura Real do Grão-mestre
5530	T7_ARMOR_PLATE_ROYAL@1	Grandmaster's Royal Armor	Armadura Real do Grão-mestre
5531	T7_ARMOR_PLATE_ROYAL@2	Grandmaster's Royal Armor	Armadura Real do Grão-mestre
5532	T7_ARMOR_PLATE_ROYAL@3	Grandmaster's Royal Armor	Armadura Real do Grão-mestre
5533	T7_ARMOR_PLATE_ROYAL@4	Grandmaster's Royal Armor	Armadura Real do Grão-mestre
5534	T8_ARMOR_PLATE_ROYAL	Elder's Royal Armor	Armadura Real do Ancião
5535	T8_ARMOR_PLATE_ROYAL@1	Elder's Royal Armor	Armadura Real do Ancião
5536	T8_ARMOR_PLATE_ROYAL@2	Elder's Royal Armor	Armadura Real do Ancião
5537	T8_ARMOR_PLATE_ROYAL@3	Elder's Royal Armor	Armadura Real do Ancião
5538	T8_ARMOR_PLATE_ROYAL@4	Elder's Royal Armor	Armadura Real do Ancião
5539	T4_SHOES_PLATE_ROYAL	Adept's Royal Boots	Botas Reais do Adepto
5540	T4_SHOES_PLATE_ROYAL@1	Adept's Royal Boots	Botas Reais do Adepto
5541	T4_SHOES_PLATE_ROYAL@2	Adept's Royal Boots	Botas Reais do Adepto
5542	T4_SHOES_PLATE_ROYAL@3	Adept's Royal Boots	Botas Reais do Adepto
5543	T4_SHOES_PLATE_ROYAL@4	Adept's Royal Boots	Botas Reais do Adepto
5544	T5_SHOES_PLATE_ROYAL	Expert's Royal Boots	Botas Reais do Perito
5545	T5_SHOES_PLATE_ROYAL@1	Expert's Royal Boots	Botas Reais do Perito
5546	T5_SHOES_PLATE_ROYAL@2	Expert's Royal Boots	Botas Reais do Perito
5547	T5_SHOES_PLATE_ROYAL@3	Expert's Royal Boots	Botas Reais do Perito
5548	T5_SHOES_PLATE_ROYAL@4	Expert's Royal Boots	Botas Reais do Perito
5549	T6_SHOES_PLATE_ROYAL	Master's Royal Boots	Botas Reais do Mestre
5550	T6_SHOES_PLATE_ROYAL@1	Master's Royal Boots	Botas Reais do Mestre
5551	T6_SHOES_PLATE_ROYAL@2	Master's Royal Boots	Botas Reais do Mestre
5552	T6_SHOES_PLATE_ROYAL@3	Master's Royal Boots	Botas Reais do Mestre
5553	T6_SHOES_PLATE_ROYAL@4	Master's Royal Boots	Botas Reais do Mestre
5554	T7_SHOES_PLATE_ROYAL	Grandmaster's Royal Boots	Botas Reais do Grão-mestre
5555	T7_SHOES_PLATE_ROYAL@1	Grandmaster's Royal Boots	Botas Reais do Grão-mestre
5556	T7_SHOES_PLATE_ROYAL@2	Grandmaster's Royal Boots	Botas Reais do Grão-mestre
5557	T7_SHOES_PLATE_ROYAL@3	Grandmaster's Royal Boots	Botas Reais do Grão-mestre
5558	T7_SHOES_PLATE_ROYAL@4	Grandmaster's Royal Boots	Botas Reais do Grão-mestre
5559	T8_SHOES_PLATE_ROYAL	Elder's Royal Boots	Botas Reais do Ancião
5560	T8_SHOES_PLATE_ROYAL@1	Elder's Royal Boots	Botas Reais do Ancião
5561	T8_SHOES_PLATE_ROYAL@2	Elder's Royal Boots	Botas Reais do Ancião
5562	T8_SHOES_PLATE_ROYAL@3	Elder's Royal Boots	Botas Reais do Ancião
5563	T8_SHOES_PLATE_ROYAL@4	Elder's Royal Boots	Botas Reais do Ancião
5564	T4_HEAD_GATHERER_FIBER	Adept's Harvester Cap	Chapéu do Ceifeiro Adepto
5565	T4_HEAD_GATHERER_FIBER@1	Adept's Harvester Cap	Chapéu do Ceifeiro Adepto
5566	T4_HEAD_GATHERER_FIBER@2	Adept's Harvester Cap	Chapéu do Ceifeiro Adepto
5567	T4_HEAD_GATHERER_FIBER@3	Adept's Harvester Cap	Chapéu do Ceifeiro Adepto
5568	T4_HEAD_GATHERER_FIBER@4	Adept's Harvester Cap	Chapéu do Ceifeiro Adepto
5569	T5_HEAD_GATHERER_FIBER	Expert's Harvester Cap	Chapéu do Ceifeiro Perito
5570	T5_HEAD_GATHERER_FIBER@1	Expert's Harvester Cap	Chapéu do Ceifeiro Perito
5571	T5_HEAD_GATHERER_FIBER@2	Expert's Harvester Cap	Chapéu do Ceifeiro Perito
5572	T5_HEAD_GATHERER_FIBER@3	Expert's Harvester Cap	Chapéu do Ceifeiro Perito
5573	T5_HEAD_GATHERER_FIBER@4	Expert's Harvester Cap	Chapéu do Ceifeiro Perito
5574	T6_HEAD_GATHERER_FIBER	Master's Harvester Cap	Chapéu do Ceifeiro Mestre
5575	T6_HEAD_GATHERER_FIBER@1	Master's Harvester Cap	Chapéu do Ceifeiro Mestre
5576	T6_HEAD_GATHERER_FIBER@2	Master's Harvester Cap	Chapéu do Ceifeiro Mestre
5577	T6_HEAD_GATHERER_FIBER@3	Master's Harvester Cap	Chapéu do Ceifeiro Mestre
5578	T6_HEAD_GATHERER_FIBER@4	Master's Harvester Cap	Chapéu do Ceifeiro Mestre
5579	T7_HEAD_GATHERER_FIBER	Grandmaster's Harvester Cap	Chapéu do Ceifeiro Grão-mestre
5580	T7_HEAD_GATHERER_FIBER@1	Grandmaster's Harvester Cap	Chapéu do Ceifeiro Grão-mestre
5581	T7_HEAD_GATHERER_FIBER@2	Grandmaster's Harvester Cap	Chapéu do Ceifeiro Grão-mestre
5582	T7_HEAD_GATHERER_FIBER@3	Grandmaster's Harvester Cap	Chapéu do Ceifeiro Grão-mestre
5583	T7_HEAD_GATHERER_FIBER@4	Grandmaster's Harvester Cap	Chapéu do Ceifeiro Grão-mestre
5584	T8_HEAD_GATHERER_FIBER	Elder's Harvester Cap	Chapéu do Ceifeiro Ancião
5585	T8_HEAD_GATHERER_FIBER@1	Elder's Harvester Cap	Chapéu do Ceifeiro Ancião
5586	T8_HEAD_GATHERER_FIBER@2	Elder's Harvester Cap	Chapéu do Ceifeiro Ancião
5587	T8_HEAD_GATHERER_FIBER@3	Elder's Harvester Cap	Chapéu do Ceifeiro Ancião
5588	T8_HEAD_GATHERER_FIBER@4	Elder's Harvester Cap	Chapéu do Ceifeiro Ancião
5589	T4_ARMOR_GATHERER_FIBER	Adept's Harvester Garb	Traje do Ceifeiro Adepto
5590	T4_ARMOR_GATHERER_FIBER@1	Adept's Harvester Garb	Traje do Ceifeiro Adepto
5591	T4_ARMOR_GATHERER_FIBER@2	Adept's Harvester Garb	Traje do Ceifeiro Adepto
5592	T4_ARMOR_GATHERER_FIBER@3	Adept's Harvester Garb	Traje do Ceifeiro Adepto
5593	T4_ARMOR_GATHERER_FIBER@4	Adept's Harvester Garb	Traje do Ceifeiro Adepto
5594	T5_ARMOR_GATHERER_FIBER	Expert's Harvester Garb	Traje do Ceifeiro Perito
5595	T5_ARMOR_GATHERER_FIBER@1	Expert's Harvester Garb	Traje do Ceifeiro Perito
5596	T5_ARMOR_GATHERER_FIBER@2	Expert's Harvester Garb	Traje do Ceifeiro Perito
5597	T5_ARMOR_GATHERER_FIBER@3	Expert's Harvester Garb	Traje do Ceifeiro Perito
5598	T5_ARMOR_GATHERER_FIBER@4	Expert's Harvester Garb	Traje do Ceifeiro Perito
5599	T6_ARMOR_GATHERER_FIBER	Master's Harvester Garb	Traje do Ceifeiro Mestre
5600	T6_ARMOR_GATHERER_FIBER@1	Master's Harvester Garb	Traje do Ceifeiro Mestre
5601	T6_ARMOR_GATHERER_FIBER@2	Master's Harvester Garb	Traje do Ceifeiro Mestre
5602	T6_ARMOR_GATHERER_FIBER@3	Master's Harvester Garb	Traje do Ceifeiro Mestre
5603	T6_ARMOR_GATHERER_FIBER@4	Master's Harvester Garb	Traje do Ceifeiro Mestre
5604	T7_ARMOR_GATHERER_FIBER	Grandmaster's Harvester Garb	Traje do Ceifeiro Grão-mestre
5605	T7_ARMOR_GATHERER_FIBER@1	Grandmaster's Harvester Garb	Traje do Ceifeiro Grão-mestre
5606	T7_ARMOR_GATHERER_FIBER@2	Grandmaster's Harvester Garb	Traje do Ceifeiro Grão-mestre
5607	T7_ARMOR_GATHERER_FIBER@3	Grandmaster's Harvester Garb	Traje do Ceifeiro Grão-mestre
5608	T7_ARMOR_GATHERER_FIBER@4	Grandmaster's Harvester Garb	Traje do Ceifeiro Grão-mestre
5609	T8_ARMOR_GATHERER_FIBER	Elder's Harvester Garb	Traje do Ceifeiro Ancião
5610	T8_ARMOR_GATHERER_FIBER@1	Elder's Harvester Garb	Traje do Ceifeiro Ancião
5611	T8_ARMOR_GATHERER_FIBER@2	Elder's Harvester Garb	Traje do Ceifeiro Ancião
5612	T8_ARMOR_GATHERER_FIBER@3	Elder's Harvester Garb	Traje do Ceifeiro Ancião
5613	T8_ARMOR_GATHERER_FIBER@4	Elder's Harvester Garb	Traje do Ceifeiro Ancião
5614	T4_SHOES_GATHERER_FIBER	Adept's Harvester Workboots	Botas de Trabalho do Ceifeiro Adepto
5615	T4_SHOES_GATHERER_FIBER@1	Adept's Harvester Workboots	Botas de Trabalho do Ceifeiro Adepto
5616	T4_SHOES_GATHERER_FIBER@2	Adept's Harvester Workboots	Botas de Trabalho do Ceifeiro Adepto
5617	T4_SHOES_GATHERER_FIBER@3	Adept's Harvester Workboots	Botas de Trabalho do Ceifeiro Adepto
5618	T4_SHOES_GATHERER_FIBER@4	Adept's Harvester Workboots	Botas de Trabalho do Ceifeiro Adepto
5619	T5_SHOES_GATHERER_FIBER	Expert's Harvester Workboots	Botas de Trabalho do Ceifeiro Perito
5620	T5_SHOES_GATHERER_FIBER@1	Expert's Harvester Workboots	Botas de Trabalho do Ceifeiro Perito
5621	T5_SHOES_GATHERER_FIBER@2	Expert's Harvester Workboots	Botas de Trabalho do Ceifeiro Perito
5622	T5_SHOES_GATHERER_FIBER@3	Expert's Harvester Workboots	Botas de Trabalho do Ceifeiro Perito
5623	T5_SHOES_GATHERER_FIBER@4	Expert's Harvester Workboots	Botas de Trabalho do Ceifeiro Perito
5624	T6_SHOES_GATHERER_FIBER	Master's Harvester Workboots	Botas de Trabalho do Ceifeiro Mestre
5625	T6_SHOES_GATHERER_FIBER@1	Master's Harvester Workboots	Botas de Trabalho do Ceifeiro Mestre
5626	T6_SHOES_GATHERER_FIBER@2	Master's Harvester Workboots	Botas de Trabalho do Ceifeiro Mestre
5627	T6_SHOES_GATHERER_FIBER@3	Master's Harvester Workboots	Botas de Trabalho do Ceifeiro Mestre
5628	T6_SHOES_GATHERER_FIBER@4	Master's Harvester Workboots	Botas de Trabalho do Ceifeiro Mestre
5629	T7_SHOES_GATHERER_FIBER	Grandmaster's Harvester Workboots	Botas de Trabalho do Ceifeiro Grão-mestre
5630	T7_SHOES_GATHERER_FIBER@1	Grandmaster's Harvester Workboots	Botas de Trabalho do Ceifeiro Grão-mestre
5631	T7_SHOES_GATHERER_FIBER@2	Grandmaster's Harvester Workboots	Botas de Trabalho do Ceifeiro Grão-mestre
5632	T7_SHOES_GATHERER_FIBER@3	Grandmaster's Harvester Workboots	Botas de Trabalho do Ceifeiro Grão-mestre
5633	T7_SHOES_GATHERER_FIBER@4	Grandmaster's Harvester Workboots	Botas de Trabalho do Ceifeiro Grão-mestre
5634	T8_SHOES_GATHERER_FIBER	Elder's Harvester Workboots	Botas de Trabalho do Ceifeiro Ancião
5635	T8_SHOES_GATHERER_FIBER@1	Elder's Harvester Workboots	Botas de Trabalho do Ceifeiro Ancião
5636	T8_SHOES_GATHERER_FIBER@2	Elder's Harvester Workboots	Botas de Trabalho do Ceifeiro Ancião
5637	T8_SHOES_GATHERER_FIBER@3	Elder's Harvester Workboots	Botas de Trabalho do Ceifeiro Ancião
5638	T8_SHOES_GATHERER_FIBER@4	Elder's Harvester Workboots	Botas de Trabalho do Ceifeiro Ancião
5639	T4_BACKPACK_GATHERER_FIBER	Adept's Harvester Backpack	Mochila do Ceifeiro Adepto
5640	T4_BACKPACK_GATHERER_FIBER@1	Adept's Harvester Backpack	Mochila do Ceifeiro Adepto
5641	T4_BACKPACK_GATHERER_FIBER@2	Adept's Harvester Backpack	Mochila do Ceifeiro Adepto
5642	T4_BACKPACK_GATHERER_FIBER@3	Adept's Harvester Backpack	Mochila do Ceifeiro Adepto
5643	T4_BACKPACK_GATHERER_FIBER@4	Adept's Harvester Backpack	Mochila do Ceifeiro Adepto
5644	T5_BACKPACK_GATHERER_FIBER	Expert's Harvester Backpack	Mochila do Ceifeiro Perito
5645	T5_BACKPACK_GATHERER_FIBER@1	Expert's Harvester Backpack	Mochila do Ceifeiro Perito
5646	T5_BACKPACK_GATHERER_FIBER@2	Expert's Harvester Backpack	Mochila do Ceifeiro Perito
5647	T5_BACKPACK_GATHERER_FIBER@3	Expert's Harvester Backpack	Mochila do Ceifeiro Perito
5648	T5_BACKPACK_GATHERER_FIBER@4	Expert's Harvester Backpack	Mochila do Ceifeiro Perito
5649	T6_BACKPACK_GATHERER_FIBER	Master's Harvester Backpack	Mochila do Ceifeiro Mestre
5650	T6_BACKPACK_GATHERER_FIBER@1	Master's Harvester Backpack	Mochila do Ceifeiro Mestre
5651	T6_BACKPACK_GATHERER_FIBER@2	Master's Harvester Backpack	Mochila do Ceifeiro Mestre
5652	T6_BACKPACK_GATHERER_FIBER@3	Master's Harvester Backpack	Mochila do Ceifeiro Mestre
5653	T6_BACKPACK_GATHERER_FIBER@4	Master's Harvester Backpack	Mochila do Ceifeiro Mestre
5654	T7_BACKPACK_GATHERER_FIBER	Grandmaster's Harvester Backpack	Mochila do Ceifeiro Grão-mestre
5655	T7_BACKPACK_GATHERER_FIBER@1	Grandmaster's Harvester Backpack	Mochila do Ceifeiro Grão-mestre
5656	T7_BACKPACK_GATHERER_FIBER@2	Grandmaster's Harvester Backpack	Mochila do Ceifeiro Grão-mestre
5657	T7_BACKPACK_GATHERER_FIBER@3	Grandmaster's Harvester Backpack	Mochila do Ceifeiro Grão-mestre
5658	T7_BACKPACK_GATHERER_FIBER@4	Grandmaster's Harvester Backpack	Mochila do Ceifeiro Grão-mestre
5659	T8_BACKPACK_GATHERER_FIBER	Elder's Harvester Backpack	Mochila do Ceifeiro Ancião
5660	T8_BACKPACK_GATHERER_FIBER@1	Elder's Harvester Backpack	Mochila do Ceifeiro Ancião
5661	T8_BACKPACK_GATHERER_FIBER@2	Elder's Harvester Backpack	Mochila do Ceifeiro Ancião
5662	T8_BACKPACK_GATHERER_FIBER@3	Elder's Harvester Backpack	Mochila do Ceifeiro Ancião
5663	T8_BACKPACK_GATHERER_FIBER@4	Elder's Harvester Backpack	Mochila do Ceifeiro Ancião
5664	T4_HEAD_GATHERER_HIDE	Adept's Skinner Cap	Chapéu do Esfolador Adepto
5665	T4_HEAD_GATHERER_HIDE@1	Adept's Skinner Cap	Chapéu do Esfolador Adepto
5666	T4_HEAD_GATHERER_HIDE@2	Adept's Skinner Cap	Chapéu do Esfolador Adepto
5667	T4_HEAD_GATHERER_HIDE@3	Adept's Skinner Cap	Chapéu do Esfolador Adepto
5668	T4_HEAD_GATHERER_HIDE@4	Adept's Skinner Cap	Chapéu do Esfolador Adepto
5669	T5_HEAD_GATHERER_HIDE	Expert's Skinner Cap	Chapéu do Esfolador Perito
5670	T5_HEAD_GATHERER_HIDE@1	Expert's Skinner Cap	Chapéu do Esfolador Perito
5671	T5_HEAD_GATHERER_HIDE@2	Expert's Skinner Cap	Chapéu do Esfolador Perito
5672	T5_HEAD_GATHERER_HIDE@3	Expert's Skinner Cap	Chapéu do Esfolador Perito
5673	T5_HEAD_GATHERER_HIDE@4	Expert's Skinner Cap	Chapéu do Esfolador Perito
5674	T6_HEAD_GATHERER_HIDE	Master's Skinner Cap	Chapéu do Esfolador Mestre
5675	T6_HEAD_GATHERER_HIDE@1	Master's Skinner Cap	Chapéu do Esfolador Mestre
5676	T6_HEAD_GATHERER_HIDE@2	Master's Skinner Cap	Chapéu do Esfolador Mestre
5677	T6_HEAD_GATHERER_HIDE@3	Master's Skinner Cap	Chapéu do Esfolador Mestre
5678	T6_HEAD_GATHERER_HIDE@4	Master's Skinner Cap	Chapéu do Esfolador Mestre
5679	T7_HEAD_GATHERER_HIDE	Grandmaster's Skinner Cap	Chapéu do Esfolador Grão-mestre
5680	T7_HEAD_GATHERER_HIDE@1	Grandmaster's Skinner Cap	Chapéu do Esfolador Grão-mestre
5681	T7_HEAD_GATHERER_HIDE@2	Grandmaster's Skinner Cap	Chapéu do Esfolador Grão-mestre
5682	T7_HEAD_GATHERER_HIDE@3	Grandmaster's Skinner Cap	Chapéu do Esfolador Grão-mestre
5683	T7_HEAD_GATHERER_HIDE@4	Grandmaster's Skinner Cap	Chapéu do Esfolador Grão-mestre
5684	T8_HEAD_GATHERER_HIDE	Elder's Skinner Cap	Chapéu do Esfolador Ancião
5685	T8_HEAD_GATHERER_HIDE@1	Elder's Skinner Cap	Chapéu do Esfolador Ancião
5686	T8_HEAD_GATHERER_HIDE@2	Elder's Skinner Cap	Chapéu do Esfolador Ancião
5687	T8_HEAD_GATHERER_HIDE@3	Elder's Skinner Cap	Chapéu do Esfolador Ancião
5688	T8_HEAD_GATHERER_HIDE@4	Elder's Skinner Cap	Chapéu do Esfolador Ancião
5689	T4_ARMOR_GATHERER_HIDE	Adept's Skinner Garb	Traje do Esfolador Adepto
5690	T4_ARMOR_GATHERER_HIDE@1	Adept's Skinner Garb	Traje do Esfolador Adepto
5691	T4_ARMOR_GATHERER_HIDE@2	Adept's Skinner Garb	Traje do Esfolador Adepto
5692	T4_ARMOR_GATHERER_HIDE@3	Adept's Skinner Garb	Traje do Esfolador Adepto
5693	T4_ARMOR_GATHERER_HIDE@4	Adept's Skinner Garb	Traje do Esfolador Adepto
5694	T5_ARMOR_GATHERER_HIDE	Expert's Skinner Garb	Traje do Esfolador Perito
5695	T5_ARMOR_GATHERER_HIDE@1	Expert's Skinner Garb	Traje do Esfolador Perito
5696	T5_ARMOR_GATHERER_HIDE@2	Expert's Skinner Garb	Traje do Esfolador Perito
5697	T5_ARMOR_GATHERER_HIDE@3	Expert's Skinner Garb	Traje do Esfolador Perito
5698	T5_ARMOR_GATHERER_HIDE@4	Expert's Skinner Garb	Traje do Esfolador Perito
5699	T6_ARMOR_GATHERER_HIDE	Master's Skinner Garb	Traje do Esfolador Mestre
5700	T6_ARMOR_GATHERER_HIDE@1	Master's Skinner Garb	Traje do Esfolador Mestre
5701	T6_ARMOR_GATHERER_HIDE@2	Master's Skinner Garb	Traje do Esfolador Mestre
5702	T6_ARMOR_GATHERER_HIDE@3	Master's Skinner Garb	Traje do Esfolador Mestre
5703	T6_ARMOR_GATHERER_HIDE@4	Master's Skinner Garb	Traje do Esfolador Mestre
5704	T7_ARMOR_GATHERER_HIDE	Grandmaster's Skinner Garb	Traje do Esfolador Grão-mestre
5705	T7_ARMOR_GATHERER_HIDE@1	Grandmaster's Skinner Garb	Traje do Esfolador Grão-mestre
5706	T7_ARMOR_GATHERER_HIDE@2	Grandmaster's Skinner Garb	Traje do Esfolador Grão-mestre
5707	T7_ARMOR_GATHERER_HIDE@3	Grandmaster's Skinner Garb	Traje do Esfolador Grão-mestre
5708	T7_ARMOR_GATHERER_HIDE@4	Grandmaster's Skinner Garb	Traje do Esfolador Grão-mestre
5709	T8_ARMOR_GATHERER_HIDE	Elder's Skinner Garb	Traje do Esfolador Ancião
5710	T8_ARMOR_GATHERER_HIDE@1	Elder's Skinner Garb	Traje do Esfolador Ancião
5711	T8_ARMOR_GATHERER_HIDE@2	Elder's Skinner Garb	Traje do Esfolador Ancião
5712	T8_ARMOR_GATHERER_HIDE@3	Elder's Skinner Garb	Traje do Esfolador Ancião
5713	T8_ARMOR_GATHERER_HIDE@4	Elder's Skinner Garb	Traje do Esfolador Ancião
5714	T4_SHOES_GATHERER_HIDE	Adept's Skinner Workboots	Botas de Trabalho do Esfolador Adepto
5715	T4_SHOES_GATHERER_HIDE@1	Adept's Skinner Workboots	Botas de Trabalho do Esfolador Adepto
5716	T4_SHOES_GATHERER_HIDE@2	Adept's Skinner Workboots	Botas de Trabalho do Esfolador Adepto
5717	T4_SHOES_GATHERER_HIDE@3	Adept's Skinner Workboots	Botas de Trabalho do Esfolador Adepto
5718	T4_SHOES_GATHERER_HIDE@4	Adept's Skinner Workboots	Botas de Trabalho do Esfolador Adepto
5719	T5_SHOES_GATHERER_HIDE	Expert's Skinner Workboots	Botas de Trabalho do Esfolador Perito
5720	T5_SHOES_GATHERER_HIDE@1	Expert's Skinner Workboots	Botas de Trabalho do Esfolador Perito
5721	T5_SHOES_GATHERER_HIDE@2	Expert's Skinner Workboots	Botas de Trabalho do Esfolador Perito
5722	T5_SHOES_GATHERER_HIDE@3	Expert's Skinner Workboots	Botas de Trabalho do Esfolador Perito
5723	T5_SHOES_GATHERER_HIDE@4	Expert's Skinner Workboots	Botas de Trabalho do Esfolador Perito
5724	T6_SHOES_GATHERER_HIDE	Master's Skinner Workboots	Botas de Trabalho do Esfolador Mestre
5725	T6_SHOES_GATHERER_HIDE@1	Master's Skinner Workboots	Botas de Trabalho do Esfolador Mestre
5726	T6_SHOES_GATHERER_HIDE@2	Master's Skinner Workboots	Botas de Trabalho do Esfolador Mestre
5727	T6_SHOES_GATHERER_HIDE@3	Master's Skinner Workboots	Botas de Trabalho do Esfolador Mestre
5728	T6_SHOES_GATHERER_HIDE@4	Master's Skinner Workboots	Botas de Trabalho do Esfolador Mestre
5729	T7_SHOES_GATHERER_HIDE	Grandmaster's Skinner Workboots	Botas de Trabalho do Esfolador Grão-mestre
5730	T7_SHOES_GATHERER_HIDE@1	Grandmaster's Skinner Workboots	Botas de Trabalho do Esfolador Grão-mestre
5731	T7_SHOES_GATHERER_HIDE@2	Grandmaster's Skinner Workboots	Botas de Trabalho do Esfolador Grão-mestre
5732	T7_SHOES_GATHERER_HIDE@3	Grandmaster's Skinner Workboots	Botas de Trabalho do Esfolador Grão-mestre
5733	T7_SHOES_GATHERER_HIDE@4	Grandmaster's Skinner Workboots	Botas de Trabalho do Esfolador Grão-mestre
5734	T8_SHOES_GATHERER_HIDE	Elder's Skinner Workboots	Botas de Trabalho do Esfolador Ancião
5735	T8_SHOES_GATHERER_HIDE@1	Elder's Skinner Workboots	Botas de Trabalho do Esfolador Ancião
5736	T8_SHOES_GATHERER_HIDE@2	Elder's Skinner Workboots	Botas de Trabalho do Esfolador Ancião
5737	T8_SHOES_GATHERER_HIDE@3	Elder's Skinner Workboots	Botas de Trabalho do Esfolador Ancião
5738	T8_SHOES_GATHERER_HIDE@4	Elder's Skinner Workboots	Botas de Trabalho do Esfolador Ancião
5739	T4_BACKPACK_GATHERER_HIDE	Adept's Skinner Backpack	Mochila do Esfolador Adepto
5740	T4_BACKPACK_GATHERER_HIDE@1	Adept's Skinner Backpack	Mochila do Esfolador Adepto
5741	T4_BACKPACK_GATHERER_HIDE@2	Adept's Skinner Backpack	Mochila do Esfolador Adepto
5742	T4_BACKPACK_GATHERER_HIDE@3	Adept's Skinner Backpack	Mochila do Esfolador Adepto
5743	T4_BACKPACK_GATHERER_HIDE@4	Adept's Skinner Backpack	Mochila do Esfolador Adepto
5744	T5_BACKPACK_GATHERER_HIDE	Expert's Skinner Backpack	Mochila do Esfolador Perito
5745	T5_BACKPACK_GATHERER_HIDE@1	Expert's Skinner Backpack	Mochila do Esfolador Perito
5746	T5_BACKPACK_GATHERER_HIDE@2	Expert's Skinner Backpack	Mochila do Esfolador Perito
5747	T5_BACKPACK_GATHERER_HIDE@3	Expert's Skinner Backpack	Mochila do Esfolador Perito
5748	T5_BACKPACK_GATHERER_HIDE@4	Expert's Skinner Backpack	Mochila do Esfolador Perito
5749	T6_BACKPACK_GATHERER_HIDE	Master's Skinner Backpack	Mochila do Esfolador Mestre
5750	T6_BACKPACK_GATHERER_HIDE@1	Master's Skinner Backpack	Mochila do Esfolador Mestre
5751	T6_BACKPACK_GATHERER_HIDE@2	Master's Skinner Backpack	Mochila do Esfolador Mestre
5752	T6_BACKPACK_GATHERER_HIDE@3	Master's Skinner Backpack	Mochila do Esfolador Mestre
5753	T6_BACKPACK_GATHERER_HIDE@4	Master's Skinner Backpack	Mochila do Esfolador Mestre
5754	T7_BACKPACK_GATHERER_HIDE	Grandmaster's Skinner Backpack	Mochila do Esfolador Grão-mestre
5755	T7_BACKPACK_GATHERER_HIDE@1	Grandmaster's Skinner Backpack	Mochila do Esfolador Grão-mestre
5756	T7_BACKPACK_GATHERER_HIDE@2	Grandmaster's Skinner Backpack	Mochila do Esfolador Grão-mestre
5757	T7_BACKPACK_GATHERER_HIDE@3	Grandmaster's Skinner Backpack	Mochila do Esfolador Grão-mestre
5758	T7_BACKPACK_GATHERER_HIDE@4	Grandmaster's Skinner Backpack	Mochila do Esfolador Grão-mestre
5759	T8_BACKPACK_GATHERER_HIDE	Elder's Skinner Backpack	Mochila do Esfolador Ancião
5760	T8_BACKPACK_GATHERER_HIDE@1	Elder's Skinner Backpack	Mochila do Esfolador Ancião
5761	T8_BACKPACK_GATHERER_HIDE@2	Elder's Skinner Backpack	Mochila do Esfolador Ancião
5762	T8_BACKPACK_GATHERER_HIDE@3	Elder's Skinner Backpack	Mochila do Esfolador Ancião
5763	T8_BACKPACK_GATHERER_HIDE@4	Elder's Skinner Backpack	Mochila do Esfolador Ancião
5764	T4_HEAD_GATHERER_ORE	Adept's Miner Cap	Chapéu do Minerador Adepto
5765	T4_HEAD_GATHERER_ORE@1	Adept's Miner Cap	Chapéu do Minerador Adepto
5766	T4_HEAD_GATHERER_ORE@2	Adept's Miner Cap	Chapéu do Minerador Adepto
5767	T4_HEAD_GATHERER_ORE@3	Adept's Miner Cap	Chapéu do Minerador Adepto
5768	T4_HEAD_GATHERER_ORE@4	Adept's Miner Cap	Chapéu do Minerador Adepto
5769	T5_HEAD_GATHERER_ORE	Expert's Miner Cap	Chapéu do Minerador Perito
5770	T5_HEAD_GATHERER_ORE@1	Expert's Miner Cap	Chapéu do Minerador Perito
5771	T5_HEAD_GATHERER_ORE@2	Expert's Miner Cap	Chapéu do Minerador Perito
5772	T5_HEAD_GATHERER_ORE@3	Expert's Miner Cap	Chapéu do Minerador Perito
5773	T5_HEAD_GATHERER_ORE@4	Expert's Miner Cap	Chapéu do Minerador Perito
5774	T6_HEAD_GATHERER_ORE	Master's Miner Cap	Chapéu do Minerador Mestre
5775	T6_HEAD_GATHERER_ORE@1	Master's Miner Cap	Chapéu do Minerador Mestre
5776	T6_HEAD_GATHERER_ORE@2	Master's Miner Cap	Chapéu do Minerador Mestre
5777	T6_HEAD_GATHERER_ORE@3	Master's Miner Cap	Chapéu do Minerador Mestre
5778	T6_HEAD_GATHERER_ORE@4	Master's Miner Cap	Chapéu do Minerador Mestre
5779	T7_HEAD_GATHERER_ORE	Grandmaster's Miner Cap	Chapéu do Minerador Grão-mestre
5780	T7_HEAD_GATHERER_ORE@1	Grandmaster's Miner Cap	Chapéu do Minerador Grão-mestre
5781	T7_HEAD_GATHERER_ORE@2	Grandmaster's Miner Cap	Chapéu do Minerador Grão-mestre
5782	T7_HEAD_GATHERER_ORE@3	Grandmaster's Miner Cap	Chapéu do Minerador Grão-mestre
5783	T7_HEAD_GATHERER_ORE@4	Grandmaster's Miner Cap	Chapéu do Minerador Grão-mestre
5784	T8_HEAD_GATHERER_ORE	Elder's Miner Cap	Chapéu do Minerador Ancião
5785	T8_HEAD_GATHERER_ORE@1	Elder's Miner Cap	Chapéu do Minerador Ancião
5786	T8_HEAD_GATHERER_ORE@2	Elder's Miner Cap	Chapéu do Minerador Ancião
5787	T8_HEAD_GATHERER_ORE@3	Elder's Miner Cap	Chapéu do Minerador Ancião
5788	T8_HEAD_GATHERER_ORE@4	Elder's Miner Cap	Chapéu do Minerador Ancião
5789	T4_ARMOR_GATHERER_ORE	Adept's Miner Garb	Traje do Minerador Adepto
5790	T4_ARMOR_GATHERER_ORE@1	Adept's Miner Garb	Traje do Minerador Adepto
5791	T4_ARMOR_GATHERER_ORE@2	Adept's Miner Garb	Traje do Minerador Adepto
5792	T4_ARMOR_GATHERER_ORE@3	Adept's Miner Garb	Traje do Minerador Adepto
5793	T4_ARMOR_GATHERER_ORE@4	Adept's Miner Garb	Traje do Minerador Adepto
5794	T5_ARMOR_GATHERER_ORE	Expert's Miner Garb	Traje do Minerador Perito
5795	T5_ARMOR_GATHERER_ORE@1	Expert's Miner Garb	Traje do Minerador Perito
5796	T5_ARMOR_GATHERER_ORE@2	Expert's Miner Garb	Traje do Minerador Perito
5797	T5_ARMOR_GATHERER_ORE@3	Expert's Miner Garb	Traje do Minerador Perito
5798	T5_ARMOR_GATHERER_ORE@4	Expert's Miner Garb	Traje do Minerador Perito
5799	T6_ARMOR_GATHERER_ORE	Master's Miner Garb	Traje do Minerador Mestre
5800	T6_ARMOR_GATHERER_ORE@1	Master's Miner Garb	Traje do Minerador Mestre
5801	T6_ARMOR_GATHERER_ORE@2	Master's Miner Garb	Traje do Minerador Mestre
5802	T6_ARMOR_GATHERER_ORE@3	Master's Miner Garb	Traje do Minerador Mestre
5803	T6_ARMOR_GATHERER_ORE@4	Master's Miner Garb	Traje do Minerador Mestre
5804	T7_ARMOR_GATHERER_ORE	Grandmaster's Miner Garb	Traje do Minerador Grão-mestre
5805	T7_ARMOR_GATHERER_ORE@1	Grandmaster's Miner Garb	Traje do Minerador Grão-mestre
5806	T7_ARMOR_GATHERER_ORE@2	Grandmaster's Miner Garb	Traje do Minerador Grão-mestre
5807	T7_ARMOR_GATHERER_ORE@3	Grandmaster's Miner Garb	Traje do Minerador Grão-mestre
5808	T7_ARMOR_GATHERER_ORE@4	Grandmaster's Miner Garb	Traje do Minerador Grão-mestre
5809	T8_ARMOR_GATHERER_ORE	Elder's Miner Garb	Traje do Minerador Ancião
5810	T8_ARMOR_GATHERER_ORE@1	Elder's Miner Garb	Traje do Minerador Ancião
5811	T8_ARMOR_GATHERER_ORE@2	Elder's Miner Garb	Traje do Minerador Ancião
5812	T8_ARMOR_GATHERER_ORE@3	Elder's Miner Garb	Traje do Minerador Ancião
5813	T8_ARMOR_GATHERER_ORE@4	Elder's Miner Garb	Traje do Minerador Ancião
5814	T4_SHOES_GATHERER_ORE	Adept's Miner Workboots	Botas de Trabalho do Minerador Adepto
5815	T4_SHOES_GATHERER_ORE@1	Adept's Miner Workboots	Botas de Trabalho do Minerador Adepto
5816	T4_SHOES_GATHERER_ORE@2	Adept's Miner Workboots	Botas de Trabalho do Minerador Adepto
5817	T4_SHOES_GATHERER_ORE@3	Adept's Miner Workboots	Botas de Trabalho do Minerador Adepto
5818	T4_SHOES_GATHERER_ORE@4	Adept's Miner Workboots	Botas de Trabalho do Minerador Adepto
5819	T5_SHOES_GATHERER_ORE	Expert's Miner Workboots	Botas de Trabalho do Minerador Perito
5820	T5_SHOES_GATHERER_ORE@1	Expert's Miner Workboots	Botas de Trabalho do Minerador Perito
5821	T5_SHOES_GATHERER_ORE@2	Expert's Miner Workboots	Botas de Trabalho do Minerador Perito
5822	T5_SHOES_GATHERER_ORE@3	Expert's Miner Workboots	Botas de Trabalho do Minerador Perito
5823	T5_SHOES_GATHERER_ORE@4	Expert's Miner Workboots	Botas de Trabalho do Minerador Perito
5824	T6_SHOES_GATHERER_ORE	Master's Miner Workboots	Botas de Trabalho do Minerador Mestre
5825	T6_SHOES_GATHERER_ORE@1	Master's Miner Workboots	Botas de Trabalho do Minerador Mestre
5826	T6_SHOES_GATHERER_ORE@2	Master's Miner Workboots	Botas de Trabalho do Minerador Mestre
5827	T6_SHOES_GATHERER_ORE@3	Master's Miner Workboots	Botas de Trabalho do Minerador Mestre
5828	T6_SHOES_GATHERER_ORE@4	Master's Miner Workboots	Botas de Trabalho do Minerador Mestre
5829	T7_SHOES_GATHERER_ORE	Grandmaster's Miner Workboots	Botas de Trabalho do Minerador Grão-mestre
5830	T7_SHOES_GATHERER_ORE@1	Grandmaster's Miner Workboots	Botas de Trabalho do Minerador Grão-mestre
5831	T7_SHOES_GATHERER_ORE@2	Grandmaster's Miner Workboots	Botas de Trabalho do Minerador Grão-mestre
5832	T7_SHOES_GATHERER_ORE@3	Grandmaster's Miner Workboots	Botas de Trabalho do Minerador Grão-mestre
5833	T7_SHOES_GATHERER_ORE@4	Grandmaster's Miner Workboots	Botas de Trabalho do Minerador Grão-mestre
5834	T8_SHOES_GATHERER_ORE	Elder's Miner Workboots	Botas de Trabalho do Minerador Ancião
5835	T8_SHOES_GATHERER_ORE@1	Elder's Miner Workboots	Botas de Trabalho do Minerador Ancião
5836	T8_SHOES_GATHERER_ORE@2	Elder's Miner Workboots	Botas de Trabalho do Minerador Ancião
5837	T8_SHOES_GATHERER_ORE@3	Elder's Miner Workboots	Botas de Trabalho do Minerador Ancião
5838	T8_SHOES_GATHERER_ORE@4	Elder's Miner Workboots	Botas de Trabalho do Minerador Ancião
5839	T4_BACKPACK_GATHERER_ORE	Adept's Miner Backpack	Mochila do Minerador Adepto
5840	T4_BACKPACK_GATHERER_ORE@1	Adept's Miner Backpack	Mochila do Minerador Adepto
5841	T4_BACKPACK_GATHERER_ORE@2	Adept's Miner Backpack	Mochila do Minerador Adepto
5842	T4_BACKPACK_GATHERER_ORE@3	Adept's Miner Backpack	Mochila do Minerador Adepto
5843	T4_BACKPACK_GATHERER_ORE@4	Adept's Miner Backpack	Mochila do Minerador Adepto
5844	T5_BACKPACK_GATHERER_ORE	Expert's Miner Backpack	Mochila do Minerador Perito
5845	T5_BACKPACK_GATHERER_ORE@1	Expert's Miner Backpack	Mochila do Minerador Perito
5846	T5_BACKPACK_GATHERER_ORE@2	Expert's Miner Backpack	Mochila do Minerador Perito
5847	T5_BACKPACK_GATHERER_ORE@3	Expert's Miner Backpack	Mochila do Minerador Perito
5848	T5_BACKPACK_GATHERER_ORE@4	Expert's Miner Backpack	Mochila do Minerador Perito
5849	T6_BACKPACK_GATHERER_ORE	Master's Miner Backpack	Mochila do Minerador Mestre
5850	T6_BACKPACK_GATHERER_ORE@1	Master's Miner Backpack	Mochila do Minerador Mestre
5851	T6_BACKPACK_GATHERER_ORE@2	Master's Miner Backpack	Mochila do Minerador Mestre
5852	T6_BACKPACK_GATHERER_ORE@3	Master's Miner Backpack	Mochila do Minerador Mestre
5853	T6_BACKPACK_GATHERER_ORE@4	Master's Miner Backpack	Mochila do Minerador Mestre
5854	T7_BACKPACK_GATHERER_ORE	Grandmaster's Miner Backpack	Mochila do Minerador Grão-mestre
5855	T7_BACKPACK_GATHERER_ORE@1	Grandmaster's Miner Backpack	Mochila do Minerador Grão-mestre
5856	T7_BACKPACK_GATHERER_ORE@2	Grandmaster's Miner Backpack	Mochila do Minerador Grão-mestre
5857	T7_BACKPACK_GATHERER_ORE@3	Grandmaster's Miner Backpack	Mochila do Minerador Grão-mestre
5858	T7_BACKPACK_GATHERER_ORE@4	Grandmaster's Miner Backpack	Mochila do Minerador Grão-mestre
5859	T8_BACKPACK_GATHERER_ORE	Elder's Miner Backpack	Mochila do Minerador Ancião
5860	T8_BACKPACK_GATHERER_ORE@1	Elder's Miner Backpack	Mochila do Minerador Ancião
5861	T8_BACKPACK_GATHERER_ORE@2	Elder's Miner Backpack	Mochila do Minerador Ancião
5862	T8_BACKPACK_GATHERER_ORE@3	Elder's Miner Backpack	Mochila do Minerador Ancião
5863	T8_BACKPACK_GATHERER_ORE@4	Elder's Miner Backpack	Mochila do Minerador Ancião
5864	T4_HEAD_GATHERER_ROCK	Adept's Quarrier Cap	Chapéu do Cavouqueiro Adepto
5865	T4_HEAD_GATHERER_ROCK@1	Adept's Quarrier Cap	Chapéu do Cavouqueiro Adepto
5866	T4_HEAD_GATHERER_ROCK@2	Adept's Quarrier Cap	Chapéu do Cavouqueiro Adepto
5867	T4_HEAD_GATHERER_ROCK@3	Adept's Quarrier Cap	Chapéu do Cavouqueiro Adepto
5868	T4_HEAD_GATHERER_ROCK@4	Adept's Quarrier Cap	Chapéu do Cavouqueiro Adepto
5869	T5_HEAD_GATHERER_ROCK	Expert's Quarrier Cap	Chapéu do Cavouqueiro Perito
5870	T5_HEAD_GATHERER_ROCK@1	Expert's Quarrier Cap	Chapéu do Cavouqueiro Perito
5871	T5_HEAD_GATHERER_ROCK@2	Expert's Quarrier Cap	Chapéu do Cavouqueiro Perito
5872	T5_HEAD_GATHERER_ROCK@3	Expert's Quarrier Cap	Chapéu do Cavouqueiro Perito
5873	T5_HEAD_GATHERER_ROCK@4	Expert's Quarrier Cap	Chapéu do Cavouqueiro Perito
5874	T6_HEAD_GATHERER_ROCK	Master's Quarrier Cap	Chapéu do Cavouqueiro Mestre
5875	T6_HEAD_GATHERER_ROCK@1	Master's Quarrier Cap	Chapéu do Cavouqueiro Mestre
5876	T6_HEAD_GATHERER_ROCK@2	Master's Quarrier Cap	Chapéu do Cavouqueiro Mestre
5877	T6_HEAD_GATHERER_ROCK@3	Master's Quarrier Cap	Chapéu do Cavouqueiro Mestre
5878	T6_HEAD_GATHERER_ROCK@4	Master's Quarrier Cap	Chapéu do Cavouqueiro Mestre
5879	T7_HEAD_GATHERER_ROCK	Grandmaster's Quarrier Cap	Chapéu do Cavouqueiro Grão-mestre
5880	T7_HEAD_GATHERER_ROCK@1	Grandmaster's Quarrier Cap	Chapéu do Cavouqueiro Grão-mestre
5881	T7_HEAD_GATHERER_ROCK@2	Grandmaster's Quarrier Cap	Chapéu do Cavouqueiro Grão-mestre
5882	T7_HEAD_GATHERER_ROCK@3	Grandmaster's Quarrier Cap	Chapéu do Cavouqueiro Grão-mestre
5883	T7_HEAD_GATHERER_ROCK@4	Grandmaster's Quarrier Cap	Chapéu do Cavouqueiro Grão-mestre
5884	T8_HEAD_GATHERER_ROCK	Elder's Quarrier Cap	Chapéu do Cavouqueiro Ancião
5885	T8_HEAD_GATHERER_ROCK@1	Elder's Quarrier Cap	Chapéu do Cavouqueiro Ancião
5886	T8_HEAD_GATHERER_ROCK@2	Elder's Quarrier Cap	Chapéu do Cavouqueiro Ancião
5887	T8_HEAD_GATHERER_ROCK@3	Elder's Quarrier Cap	Chapéu do Cavouqueiro Ancião
5888	T8_HEAD_GATHERER_ROCK@4	Elder's Quarrier Cap	Chapéu do Cavouqueiro Ancião
5889	T4_ARMOR_GATHERER_ROCK	Adept's Quarrier Garb	Traje do Cavouqueiro Adepto
5890	T4_ARMOR_GATHERER_ROCK@1	Adept's Quarrier Garb	Traje do Cavouqueiro Adepto
5891	T4_ARMOR_GATHERER_ROCK@2	Adept's Quarrier Garb	Traje do Cavouqueiro Adepto
5892	T4_ARMOR_GATHERER_ROCK@3	Adept's Quarrier Garb	Traje do Cavouqueiro Adepto
5893	T4_ARMOR_GATHERER_ROCK@4	Adept's Quarrier Garb	Traje do Cavouqueiro Adepto
5894	T5_ARMOR_GATHERER_ROCK	Expert's Quarrier Garb	Traje do Cavouqueiro Perito
5895	T5_ARMOR_GATHERER_ROCK@1	Expert's Quarrier Garb	Traje do Cavouqueiro Perito
5896	T5_ARMOR_GATHERER_ROCK@2	Expert's Quarrier Garb	Traje do Cavouqueiro Perito
5897	T5_ARMOR_GATHERER_ROCK@3	Expert's Quarrier Garb	Traje do Cavouqueiro Perito
5898	T5_ARMOR_GATHERER_ROCK@4	Expert's Quarrier Garb	Traje do Cavouqueiro Perito
5899	T6_ARMOR_GATHERER_ROCK	Master's Quarrier Garb	Traje do Cavouqueiro Mestre
5900	T6_ARMOR_GATHERER_ROCK@1	Master's Quarrier Garb	Traje do Cavouqueiro Mestre
5901	T6_ARMOR_GATHERER_ROCK@2	Master's Quarrier Garb	Traje do Cavouqueiro Mestre
5902	T6_ARMOR_GATHERER_ROCK@3	Master's Quarrier Garb	Traje do Cavouqueiro Mestre
5903	T6_ARMOR_GATHERER_ROCK@4	Master's Quarrier Garb	Traje do Cavouqueiro Mestre
5904	T7_ARMOR_GATHERER_ROCK	Grandmaster's Quarrier Garb	Traje do Cavouqueiro Grão-mestre
5905	T7_ARMOR_GATHERER_ROCK@1	Grandmaster's Quarrier Garb	Traje do Cavouqueiro Grão-mestre
5906	T7_ARMOR_GATHERER_ROCK@2	Grandmaster's Quarrier Garb	Traje do Cavouqueiro Grão-mestre
5907	T7_ARMOR_GATHERER_ROCK@3	Grandmaster's Quarrier Garb	Traje do Cavouqueiro Grão-mestre
5908	T7_ARMOR_GATHERER_ROCK@4	Grandmaster's Quarrier Garb	Traje do Cavouqueiro Grão-mestre
5909	T8_ARMOR_GATHERER_ROCK	Elder's Quarrier Garb	Traje do Cavouqueiro Ancião
5910	T8_ARMOR_GATHERER_ROCK@1	Elder's Quarrier Garb	Traje do Cavouqueiro Ancião
5911	T8_ARMOR_GATHERER_ROCK@2	Elder's Quarrier Garb	Traje do Cavouqueiro Ancião
5912	T8_ARMOR_GATHERER_ROCK@3	Elder's Quarrier Garb	Traje do Cavouqueiro Ancião
5913	T8_ARMOR_GATHERER_ROCK@4	Elder's Quarrier Garb	Traje do Cavouqueiro Ancião
5914	T4_SHOES_GATHERER_ROCK	Adept's Quarrier Workboots	Botas de Trabalho do Cavouqueiro Adepto
5915	T4_SHOES_GATHERER_ROCK@1	Adept's Quarrier Workboots	Botas de Trabalho do Cavouqueiro Adepto
5916	T4_SHOES_GATHERER_ROCK@2	Adept's Quarrier Workboots	Botas de Trabalho do Cavouqueiro Adepto
5917	T4_SHOES_GATHERER_ROCK@3	Adept's Quarrier Workboots	Botas de Trabalho do Cavouqueiro Adepto
5918	T4_SHOES_GATHERER_ROCK@4	Adept's Quarrier Workboots	Botas de Trabalho do Cavouqueiro Adepto
5919	T5_SHOES_GATHERER_ROCK	Expert's Quarrier Workboots	Botas de Trabalho do Cavouqueiro Perito
5920	T5_SHOES_GATHERER_ROCK@1	Expert's Quarrier Workboots	Botas de Trabalho do Cavouqueiro Perito
5921	T5_SHOES_GATHERER_ROCK@2	Expert's Quarrier Workboots	Botas de Trabalho do Cavouqueiro Perito
5922	T5_SHOES_GATHERER_ROCK@3	Expert's Quarrier Workboots	Botas de Trabalho do Cavouqueiro Perito
5923	T5_SHOES_GATHERER_ROCK@4	Expert's Quarrier Workboots	Botas de Trabalho do Cavouqueiro Perito
5924	T6_SHOES_GATHERER_ROCK	Master's Quarrier Workboots	Botas de Trabalho do Cavouqueiro Mestre
5925	T6_SHOES_GATHERER_ROCK@1	Master's Quarrier Workboots	Botas de Trabalho do Cavouqueiro Mestre
5926	T6_SHOES_GATHERER_ROCK@2	Master's Quarrier Workboots	Botas de Trabalho do Cavouqueiro Mestre
5927	T6_SHOES_GATHERER_ROCK@3	Master's Quarrier Workboots	Botas de Trabalho do Cavouqueiro Mestre
5928	T6_SHOES_GATHERER_ROCK@4	Master's Quarrier Workboots	Botas de Trabalho do Cavouqueiro Mestre
5929	T7_SHOES_GATHERER_ROCK	Grandmaster's Quarrier Workboots	Botas de Trabalho do Cavouqueiro Grão-mestre
5930	T7_SHOES_GATHERER_ROCK@1	Grandmaster's Quarrier Workboots	Botas de Trabalho do Cavouqueiro Grão-mestre
5931	T7_SHOES_GATHERER_ROCK@2	Grandmaster's Quarrier Workboots	Botas de Trabalho do Cavouqueiro Grão-mestre
5932	T7_SHOES_GATHERER_ROCK@3	Grandmaster's Quarrier Workboots	Botas de Trabalho do Cavouqueiro Grão-mestre
5933	T7_SHOES_GATHERER_ROCK@4	Grandmaster's Quarrier Workboots	Botas de Trabalho do Cavouqueiro Grão-mestre
5934	T8_SHOES_GATHERER_ROCK	Elder's Quarrier Workboots	Botas de Trabalho do Cavouqueiro Ancião
5935	T8_SHOES_GATHERER_ROCK@1	Elder's Quarrier Workboots	Botas de Trabalho do Cavouqueiro Ancião
5936	T8_SHOES_GATHERER_ROCK@2	Elder's Quarrier Workboots	Botas de Trabalho do Cavouqueiro Ancião
5937	T8_SHOES_GATHERER_ROCK@3	Elder's Quarrier Workboots	Botas de Trabalho do Cavouqueiro Ancião
5938	T8_SHOES_GATHERER_ROCK@4	Elder's Quarrier Workboots	Botas de Trabalho do Cavouqueiro Ancião
5939	T4_BACKPACK_GATHERER_ROCK	Adept's Quarrier Backpack	Mochila do Cavouqueiro Adepto
5940	T4_BACKPACK_GATHERER_ROCK@1	Adept's Quarrier Backpack	Mochila do Cavouqueiro Adepto
5941	T4_BACKPACK_GATHERER_ROCK@2	Adept's Quarrier Backpack	Mochila do Cavouqueiro Adepto
5942	T4_BACKPACK_GATHERER_ROCK@3	Adept's Quarrier Backpack	Mochila do Cavouqueiro Adepto
5943	T4_BACKPACK_GATHERER_ROCK@4	Adept's Quarrier Backpack	Mochila do Cavouqueiro Adepto
5944	T5_BACKPACK_GATHERER_ROCK	Expert's Quarrier Backpack	Mochila do Cavouqueiro Perito
5945	T5_BACKPACK_GATHERER_ROCK@1	Expert's Quarrier Backpack	Mochila do Cavouqueiro Perito
5946	T5_BACKPACK_GATHERER_ROCK@2	Expert's Quarrier Backpack	Mochila do Cavouqueiro Perito
5947	T5_BACKPACK_GATHERER_ROCK@3	Expert's Quarrier Backpack	Mochila do Cavouqueiro Perito
5948	T5_BACKPACK_GATHERER_ROCK@4	Expert's Quarrier Backpack	Mochila do Cavouqueiro Perito
5949	T6_BACKPACK_GATHERER_ROCK	Master's Quarrier Backpack	Mochila do Cavouqueiro Mestre
5950	T6_BACKPACK_GATHERER_ROCK@1	Master's Quarrier Backpack	Mochila do Cavouqueiro Mestre
5951	T6_BACKPACK_GATHERER_ROCK@2	Master's Quarrier Backpack	Mochila do Cavouqueiro Mestre
5952	T6_BACKPACK_GATHERER_ROCK@3	Master's Quarrier Backpack	Mochila do Cavouqueiro Mestre
5953	T6_BACKPACK_GATHERER_ROCK@4	Master's Quarrier Backpack	Mochila do Cavouqueiro Mestre
5954	T7_BACKPACK_GATHERER_ROCK	Grandmaster's Quarrier Backpack	Mochila do Cavouqueiro Grão-mestre
5955	T7_BACKPACK_GATHERER_ROCK@1	Grandmaster's Quarrier Backpack	Mochila do Cavouqueiro Grão-mestre
5956	T7_BACKPACK_GATHERER_ROCK@2	Grandmaster's Quarrier Backpack	Mochila do Cavouqueiro Grão-mestre
5957	T7_BACKPACK_GATHERER_ROCK@3	Grandmaster's Quarrier Backpack	Mochila do Cavouqueiro Grão-mestre
5958	T7_BACKPACK_GATHERER_ROCK@4	Grandmaster's Quarrier Backpack	Mochila do Cavouqueiro Grão-mestre
5959	T8_BACKPACK_GATHERER_ROCK	Elder's Quarrier Backpack	Mochila do Cavouqueiro Ancião
5960	T8_BACKPACK_GATHERER_ROCK@1	Elder's Quarrier Backpack	Mochila do Cavouqueiro Ancião
5961	T8_BACKPACK_GATHERER_ROCK@2	Elder's Quarrier Backpack	Mochila do Cavouqueiro Ancião
5962	T8_BACKPACK_GATHERER_ROCK@3	Elder's Quarrier Backpack	Mochila do Cavouqueiro Ancião
5963	T8_BACKPACK_GATHERER_ROCK@4	Elder's Quarrier Backpack	Mochila do Cavouqueiro Ancião
5964	T4_HEAD_GATHERER_WOOD	Adept's Lumberjack Cap	Chapéu do Lenhador Adepto
5965	T4_HEAD_GATHERER_WOOD@1	Adept's Lumberjack Cap	Chapéu do Lenhador Adepto
5966	T4_HEAD_GATHERER_WOOD@2	Adept's Lumberjack Cap	Chapéu do Lenhador Adepto
5967	T4_HEAD_GATHERER_WOOD@3	Adept's Lumberjack Cap	Chapéu do Lenhador Adepto
5968	T4_HEAD_GATHERER_WOOD@4	Adept's Lumberjack Cap	Chapéu do Lenhador Adepto
5969	T5_HEAD_GATHERER_WOOD	Expert's Lumberjack Cap	Chapéu do Lenhador Perito
5970	T5_HEAD_GATHERER_WOOD@1	Expert's Lumberjack Cap	Chapéu do Lenhador Perito
5971	T5_HEAD_GATHERER_WOOD@2	Expert's Lumberjack Cap	Chapéu do Lenhador Perito
5972	T5_HEAD_GATHERER_WOOD@3	Expert's Lumberjack Cap	Chapéu do Lenhador Perito
5973	T5_HEAD_GATHERER_WOOD@4	Expert's Lumberjack Cap	Chapéu do Lenhador Perito
5974	T6_HEAD_GATHERER_WOOD	Master's Lumberjack Cap	Chapéu do Lenhador Mestre
5975	T6_HEAD_GATHERER_WOOD@1	Master's Lumberjack Cap	Chapéu do Lenhador Mestre
5976	T6_HEAD_GATHERER_WOOD@2	Master's Lumberjack Cap	Chapéu do Lenhador Mestre
5977	T6_HEAD_GATHERER_WOOD@3	Master's Lumberjack Cap	Chapéu do Lenhador Mestre
5978	T6_HEAD_GATHERER_WOOD@4	Master's Lumberjack Cap	Chapéu do Lenhador Mestre
5979	T7_HEAD_GATHERER_WOOD	Grandmaster's Lumberjack Cap	Chapéu do Lenhador Grão-mestre
5980	T7_HEAD_GATHERER_WOOD@1	Grandmaster's Lumberjack Cap	Chapéu do Lenhador Grão-mestre
5981	T7_HEAD_GATHERER_WOOD@2	Grandmaster's Lumberjack Cap	Chapéu do Lenhador Grão-mestre
5982	T7_HEAD_GATHERER_WOOD@3	Grandmaster's Lumberjack Cap	Chapéu do Lenhador Grão-mestre
5983	T7_HEAD_GATHERER_WOOD@4	Grandmaster's Lumberjack Cap	Chapéu do Lenhador Grão-mestre
5984	T8_HEAD_GATHERER_WOOD	Elder's Lumberjack Cap	Chapéu do Lenhador Ancião
5985	T8_HEAD_GATHERER_WOOD@1	Elder's Lumberjack Cap	Chapéu do Lenhador Ancião
5986	T8_HEAD_GATHERER_WOOD@2	Elder's Lumberjack Cap	Chapéu do Lenhador Ancião
5987	T8_HEAD_GATHERER_WOOD@3	Elder's Lumberjack Cap	Chapéu do Lenhador Ancião
5988	T8_HEAD_GATHERER_WOOD@4	Elder's Lumberjack Cap	Chapéu do Lenhador Ancião
5989	T4_ARMOR_GATHERER_WOOD	Adept's Lumberjack Garb	Traje do Lenhador Adepto
5990	T4_ARMOR_GATHERER_WOOD@1	Adept's Lumberjack Garb	Traje do Lenhador Adepto
5991	T4_ARMOR_GATHERER_WOOD@2	Adept's Lumberjack Garb	Traje do Lenhador Adepto
5992	T4_ARMOR_GATHERER_WOOD@3	Adept's Lumberjack Garb	Traje do Lenhador Adepto
5993	T4_ARMOR_GATHERER_WOOD@4	Adept's Lumberjack Garb	Traje do Lenhador Adepto
5994	T5_ARMOR_GATHERER_WOOD	Expert's Lumberjack Garb	Traje do Lenhador Perito
5995	T5_ARMOR_GATHERER_WOOD@1	Expert's Lumberjack Garb	Traje do Lenhador Perito
5996	T5_ARMOR_GATHERER_WOOD@2	Expert's Lumberjack Garb	Traje do Lenhador Perito
5997	T5_ARMOR_GATHERER_WOOD@3	Expert's Lumberjack Garb	Traje do Lenhador Perito
5998	T5_ARMOR_GATHERER_WOOD@4	Expert's Lumberjack Garb	Traje do Lenhador Perito
5999	T6_ARMOR_GATHERER_WOOD	Master's Lumberjack Garb	Traje do Lenhador Mestre
6000	T6_ARMOR_GATHERER_WOOD@1	Master's Lumberjack Garb	Traje do Lenhador Mestre
6001	T6_ARMOR_GATHERER_WOOD@2	Master's Lumberjack Garb	Traje do Lenhador Mestre
6002	T6_ARMOR_GATHERER_WOOD@3	Master's Lumberjack Garb	Traje do Lenhador Mestre
6003	T6_ARMOR_GATHERER_WOOD@4	Master's Lumberjack Garb	Traje do Lenhador Mestre
6004	T7_ARMOR_GATHERER_WOOD	Grandmaster's Lumberjack Garb	Traje do Lenhador Grão-mestre
6005	T7_ARMOR_GATHERER_WOOD@1	Grandmaster's Lumberjack Garb	Traje do Lenhador Grão-mestre
6006	T7_ARMOR_GATHERER_WOOD@2	Grandmaster's Lumberjack Garb	Traje do Lenhador Grão-mestre
6007	T7_ARMOR_GATHERER_WOOD@3	Grandmaster's Lumberjack Garb	Traje do Lenhador Grão-mestre
6008	T7_ARMOR_GATHERER_WOOD@4	Grandmaster's Lumberjack Garb	Traje do Lenhador Grão-mestre
6009	T8_ARMOR_GATHERER_WOOD	Elder's Lumberjack Garb	Traje do Lenhador Ancião
6010	T8_ARMOR_GATHERER_WOOD@1	Elder's Lumberjack Garb	Traje do Lenhador Ancião
6011	T8_ARMOR_GATHERER_WOOD@2	Elder's Lumberjack Garb	Traje do Lenhador Ancião
6012	T8_ARMOR_GATHERER_WOOD@3	Elder's Lumberjack Garb	Traje do Lenhador Ancião
6013	T8_ARMOR_GATHERER_WOOD@4	Elder's Lumberjack Garb	Traje do Lenhador Ancião
6014	T4_SHOES_GATHERER_WOOD	Adept's Lumberjack Workboots	Botas de Trabalho do Lenhador Adepto
6015	T4_SHOES_GATHERER_WOOD@1	Adept's Lumberjack Workboots	Botas de Trabalho do Lenhador Adepto
6016	T4_SHOES_GATHERER_WOOD@2	Adept's Lumberjack Workboots	Botas de Trabalho do Lenhador Adepto
6017	T4_SHOES_GATHERER_WOOD@3	Adept's Lumberjack Workboots	Botas de Trabalho do Lenhador Adepto
6018	T4_SHOES_GATHERER_WOOD@4	Adept's Lumberjack Workboots	Botas de Trabalho do Lenhador Adepto
6019	T5_SHOES_GATHERER_WOOD	Expert's Lumberjack Workboots	Botas de Trabalho do Lenhador Perito
6020	T5_SHOES_GATHERER_WOOD@1	Expert's Lumberjack Workboots	Botas de Trabalho do Lenhador Perito
6021	T5_SHOES_GATHERER_WOOD@2	Expert's Lumberjack Workboots	Botas de Trabalho do Lenhador Perito
6022	T5_SHOES_GATHERER_WOOD@3	Expert's Lumberjack Workboots	Botas de Trabalho do Lenhador Perito
6023	T5_SHOES_GATHERER_WOOD@4	Expert's Lumberjack Workboots	Botas de Trabalho do Lenhador Perito
6024	T6_SHOES_GATHERER_WOOD	Master's Lumberjack Workboots	Botas de Trabalho do Lenhador Mestre
6025	T6_SHOES_GATHERER_WOOD@1	Master's Lumberjack Workboots	Botas de Trabalho do Lenhador Mestre
6026	T6_SHOES_GATHERER_WOOD@2	Master's Lumberjack Workboots	Botas de Trabalho do Lenhador Mestre
6027	T6_SHOES_GATHERER_WOOD@3	Master's Lumberjack Workboots	Botas de Trabalho do Lenhador Mestre
6028	T6_SHOES_GATHERER_WOOD@4	Master's Lumberjack Workboots	Botas de Trabalho do Lenhador Mestre
6029	T7_SHOES_GATHERER_WOOD	Grandmaster's Lumberjack Workboots	Botas de Trabalho do Lenhador Grão-mestre
6030	T7_SHOES_GATHERER_WOOD@1	Grandmaster's Lumberjack Workboots	Botas de Trabalho do Lenhador Grão-mestre
6031	T7_SHOES_GATHERER_WOOD@2	Grandmaster's Lumberjack Workboots	Botas de Trabalho do Lenhador Grão-mestre
6032	T7_SHOES_GATHERER_WOOD@3	Grandmaster's Lumberjack Workboots	Botas de Trabalho do Lenhador Grão-mestre
6033	T7_SHOES_GATHERER_WOOD@4	Grandmaster's Lumberjack Workboots	Botas de Trabalho do Lenhador Grão-mestre
6034	T8_SHOES_GATHERER_WOOD	Elder's Lumberjack Workboots	Botas de Trabalho do Lenhador Ancião
6035	T8_SHOES_GATHERER_WOOD@1	Elder's Lumberjack Workboots	Botas de Trabalho do Lenhador Ancião
6036	T8_SHOES_GATHERER_WOOD@2	Elder's Lumberjack Workboots	Botas de Trabalho do Lenhador Ancião
6037	T8_SHOES_GATHERER_WOOD@3	Elder's Lumberjack Workboots	Botas de Trabalho do Lenhador Ancião
6038	T8_SHOES_GATHERER_WOOD@4	Elder's Lumberjack Workboots	Botas de Trabalho do Lenhador Ancião
6039	T4_BACKPACK_GATHERER_WOOD	Adept's Lumberjack Backpack	Mochila do Lenhador Adepto
6040	T4_BACKPACK_GATHERER_WOOD@1	Adept's Lumberjack Backpack	Mochila do Lenhador Adepto
6041	T4_BACKPACK_GATHERER_WOOD@2	Adept's Lumberjack Backpack	Mochila do Lenhador Adepto
6042	T4_BACKPACK_GATHERER_WOOD@3	Adept's Lumberjack Backpack	Mochila do Lenhador Adepto
6043	T4_BACKPACK_GATHERER_WOOD@4	Adept's Lumberjack Backpack	Mochila do Lenhador Adepto
6044	T5_BACKPACK_GATHERER_WOOD	Expert's Lumberjack Backpack	Mochila do Lenhador Perito
6045	T5_BACKPACK_GATHERER_WOOD@1	Expert's Lumberjack Backpack	Mochila do Lenhador Perito
6046	T5_BACKPACK_GATHERER_WOOD@2	Expert's Lumberjack Backpack	Mochila do Lenhador Perito
6047	T5_BACKPACK_GATHERER_WOOD@3	Expert's Lumberjack Backpack	Mochila do Lenhador Perito
6048	T5_BACKPACK_GATHERER_WOOD@4	Expert's Lumberjack Backpack	Mochila do Lenhador Perito
6049	T6_BACKPACK_GATHERER_WOOD	Master's Lumberjack Backpack	Mochila do Lenhador Mestre
6050	T6_BACKPACK_GATHERER_WOOD@1	Master's Lumberjack Backpack	Mochila do Lenhador Mestre
6051	T6_BACKPACK_GATHERER_WOOD@2	Master's Lumberjack Backpack	Mochila do Lenhador Mestre
6052	T6_BACKPACK_GATHERER_WOOD@3	Master's Lumberjack Backpack	Mochila do Lenhador Mestre
6053	T6_BACKPACK_GATHERER_WOOD@4	Master's Lumberjack Backpack	Mochila do Lenhador Mestre
6054	T7_BACKPACK_GATHERER_WOOD	Grandmaster's Lumberjack Backpack	Mochila do Lenhador Grão-mestre
6055	T7_BACKPACK_GATHERER_WOOD@1	Grandmaster's Lumberjack Backpack	Mochila do Lenhador Grão-mestre
6056	T7_BACKPACK_GATHERER_WOOD@2	Grandmaster's Lumberjack Backpack	Mochila do Lenhador Grão-mestre
6057	T7_BACKPACK_GATHERER_WOOD@3	Grandmaster's Lumberjack Backpack	Mochila do Lenhador Grão-mestre
6058	T7_BACKPACK_GATHERER_WOOD@4	Grandmaster's Lumberjack Backpack	Mochila do Lenhador Grão-mestre
6059	T8_BACKPACK_GATHERER_WOOD	Elder's Lumberjack Backpack	Mochila do Lenhador Ancião
6060	T8_BACKPACK_GATHERER_WOOD@1	Elder's Lumberjack Backpack	Mochila do Lenhador Ancião
6061	T8_BACKPACK_GATHERER_WOOD@2	Elder's Lumberjack Backpack	Mochila do Lenhador Ancião
6062	T8_BACKPACK_GATHERER_WOOD@3	Elder's Lumberjack Backpack	Mochila do Lenhador Ancião
6063	T8_BACKPACK_GATHERER_WOOD@4	Elder's Lumberjack Backpack	Mochila do Lenhador Ancião
6064	T4_HEAD_GATHERER_FISH	Adept's Fisherman Cap	Chapéu do Pescador Adepto
6065	T4_HEAD_GATHERER_FISH@1	Adept's Fisherman Cap	Chapéu do Pescador Adepto
6066	T4_HEAD_GATHERER_FISH@2	Adept's Fisherman Cap	Chapéu do Pescador Adepto
6067	T4_HEAD_GATHERER_FISH@3	Adept's Fisherman Cap	Chapéu do Pescador Adepto
6068	T4_HEAD_GATHERER_FISH@4	Adept's Fisherman Cap	Chapéu do Pescador Adepto
6069	T5_HEAD_GATHERER_FISH	Expert's Fisherman Cap	Chapéu do Pescador Perito
6070	T5_HEAD_GATHERER_FISH@1	Expert's Fisherman Cap	Chapéu do Pescador Perito
6071	T5_HEAD_GATHERER_FISH@2	Expert's Fisherman Cap	Chapéu do Pescador Perito
6072	T5_HEAD_GATHERER_FISH@3	Expert's Fisherman Cap	Chapéu do Pescador Perito
6073	T5_HEAD_GATHERER_FISH@4	Expert's Fisherman Cap	Chapéu do Pescador Perito
6074	T6_HEAD_GATHERER_FISH	Master's Fisherman Cap	Chapéu do Pescador Mestre
6075	T6_HEAD_GATHERER_FISH@1	Master's Fisherman Cap	Chapéu do Pescador Mestre
6076	T6_HEAD_GATHERER_FISH@2	Master's Fisherman Cap	Chapéu do Pescador Mestre
6077	T6_HEAD_GATHERER_FISH@3	Master's Fisherman Cap	Chapéu do Pescador Mestre
6078	T6_HEAD_GATHERER_FISH@4	Master's Fisherman Cap	Chapéu do Pescador Mestre
6079	T7_HEAD_GATHERER_FISH	Grandmaster's Fisherman Cap	Chapéu do Pescador Grão-mestre
6080	T7_HEAD_GATHERER_FISH@1	Grandmaster's Fisherman Cap	Chapéu do Pescador Grão-mestre
6081	T7_HEAD_GATHERER_FISH@2	Grandmaster's Fisherman Cap	Chapéu do Pescador Grão-mestre
6082	T7_HEAD_GATHERER_FISH@3	Grandmaster's Fisherman Cap	Chapéu do Pescador Grão-mestre
6083	T7_HEAD_GATHERER_FISH@4	Grandmaster's Fisherman Cap	Chapéu do Pescador Grão-mestre
6084	T8_HEAD_GATHERER_FISH	Elder's Fisherman Cap	Chapéu do Pescador Ancião
6085	T8_HEAD_GATHERER_FISH@1	Elder's Fisherman Cap	Chapéu do Pescador Ancião
6086	T8_HEAD_GATHERER_FISH@2	Elder's Fisherman Cap	Chapéu do Pescador Ancião
6087	T8_HEAD_GATHERER_FISH@3	Elder's Fisherman Cap	Chapéu do Pescador Ancião
6088	T8_HEAD_GATHERER_FISH@4	Elder's Fisherman Cap	Chapéu do Pescador Ancião
6089	T4_ARMOR_GATHERER_FISH	Adept's Fisherman Garb	Traje do Pescador Adepto
6090	T4_ARMOR_GATHERER_FISH@1	Adept's Fisherman Garb	Traje do Pescador Adepto
6091	T4_ARMOR_GATHERER_FISH@2	Adept's Fisherman Garb	Traje do Pescador Adepto
6092	T4_ARMOR_GATHERER_FISH@3	Adept's Fisherman Garb	Traje do Pescador Adepto
6093	T4_ARMOR_GATHERER_FISH@4	Adept's Fisherman Garb	Traje do Pescador Adepto
6094	T5_ARMOR_GATHERER_FISH	Expert's Fisherman Garb	Traje do Pescador Perito
6095	T5_ARMOR_GATHERER_FISH@1	Expert's Fisherman Garb	Traje do Pescador Perito
6096	T5_ARMOR_GATHERER_FISH@2	Expert's Fisherman Garb	Traje do Pescador Perito
6097	T5_ARMOR_GATHERER_FISH@3	Expert's Fisherman Garb	Traje do Pescador Perito
6098	T5_ARMOR_GATHERER_FISH@4	Expert's Fisherman Garb	Traje do Pescador Perito
6099	T6_ARMOR_GATHERER_FISH	Master's Fisherman Garb	Traje do Pescador Mestre
6100	T6_ARMOR_GATHERER_FISH@1	Master's Fisherman Garb	Traje do Pescador Mestre
6101	T6_ARMOR_GATHERER_FISH@2	Master's Fisherman Garb	Traje do Pescador Mestre
6102	T6_ARMOR_GATHERER_FISH@3	Master's Fisherman Garb	Traje do Pescador Mestre
6103	T6_ARMOR_GATHERER_FISH@4	Master's Fisherman Garb	Traje do Pescador Mestre
6104	T7_ARMOR_GATHERER_FISH	Grandmaster's Fisherman Garb	Traje do Pescador Grão-mestre
6105	T7_ARMOR_GATHERER_FISH@1	Grandmaster's Fisherman Garb	Traje do Pescador Grão-mestre
6106	T7_ARMOR_GATHERER_FISH@2	Grandmaster's Fisherman Garb	Traje do Pescador Grão-mestre
6107	T7_ARMOR_GATHERER_FISH@3	Grandmaster's Fisherman Garb	Traje do Pescador Grão-mestre
6108	T7_ARMOR_GATHERER_FISH@4	Grandmaster's Fisherman Garb	Traje do Pescador Grão-mestre
6109	T8_ARMOR_GATHERER_FISH	Elder's Fisherman Garb	Traje do Pescador Ancião
6110	T8_ARMOR_GATHERER_FISH@1	Elder's Fisherman Garb	Traje do Pescador Ancião
6111	T8_ARMOR_GATHERER_FISH@2	Elder's Fisherman Garb	Traje do Pescador Ancião
6112	T8_ARMOR_GATHERER_FISH@3	Elder's Fisherman Garb	Traje do Pescador Ancião
6113	T8_ARMOR_GATHERER_FISH@4	Elder's Fisherman Garb	Traje do Pescador Ancião
6114	T4_SHOES_GATHERER_FISH	Adept's Fisherman Workboots	Botas do Pescador Adepto
6115	T4_SHOES_GATHERER_FISH@1	Adept's Fisherman Workboots	Botas do Pescador Adepto
6116	T4_SHOES_GATHERER_FISH@2	Adept's Fisherman Workboots	Botas do Pescador Adepto
6117	T4_SHOES_GATHERER_FISH@3	Adept's Fisherman Workboots	Botas do Pescador Adepto
6118	T4_SHOES_GATHERER_FISH@4	Adept's Fisherman Workboots	Botas do Pescador Adepto
6119	T5_SHOES_GATHERER_FISH	Expert's Fisherman Workboots	Botas do Pescador Perito
6120	T5_SHOES_GATHERER_FISH@1	Expert's Fisherman Workboots	Botas do Pescador Perito
6121	T5_SHOES_GATHERER_FISH@2	Expert's Fisherman Workboots	Botas do Pescador Perito
6122	T5_SHOES_GATHERER_FISH@3	Expert's Fisherman Workboots	Botas do Pescador Perito
6123	T5_SHOES_GATHERER_FISH@4	Expert's Fisherman Workboots	Botas do Pescador Perito
6124	T6_SHOES_GATHERER_FISH	Master's Fisherman Workboots	Botas do Pescador Mestre
6125	T6_SHOES_GATHERER_FISH@1	Master's Fisherman Workboots	Botas do Pescador Mestre
6126	T6_SHOES_GATHERER_FISH@2	Master's Fisherman Workboots	Botas do Pescador Mestre
6127	T6_SHOES_GATHERER_FISH@3	Master's Fisherman Workboots	Botas do Pescador Mestre
6128	T6_SHOES_GATHERER_FISH@4	Master's Fisherman Workboots	Botas do Pescador Mestre
6129	T7_SHOES_GATHERER_FISH	Grandmaster's Fisherman Workboots	Botas do Pescador Grão-mestre
6130	T7_SHOES_GATHERER_FISH@1	Grandmaster's Fisherman Workboots	Botas do Pescador Grão-mestre
6131	T7_SHOES_GATHERER_FISH@2	Grandmaster's Fisherman Workboots	Botas do Pescador Grão-mestre
6132	T7_SHOES_GATHERER_FISH@3	Grandmaster's Fisherman Workboots	Botas do Pescador Grão-mestre
6133	T7_SHOES_GATHERER_FISH@4	Grandmaster's Fisherman Workboots	Botas do Pescador Grão-mestre
6134	T8_SHOES_GATHERER_FISH	Elder's Fisherman Workboots	Botas do Pescador Ancião
6135	T8_SHOES_GATHERER_FISH@1	Elder's Fisherman Workboots	Botas do Pescador Ancião
6136	T8_SHOES_GATHERER_FISH@2	Elder's Fisherman Workboots	Botas do Pescador Ancião
6137	T8_SHOES_GATHERER_FISH@3	Elder's Fisherman Workboots	Botas do Pescador Ancião
6138	T8_SHOES_GATHERER_FISH@4	Elder's Fisherman Workboots	Botas do Pescador Ancião
6139	T4_BACKPACK_GATHERER_FISH	Adept's Fisherman Backpack	Mochila do Pescador Adepto
6140	T4_BACKPACK_GATHERER_FISH@1	Adept's Fisherman Backpack	Mochila do Pescador Adepto
6141	T4_BACKPACK_GATHERER_FISH@2	Adept's Fisherman Backpack	Mochila do Pescador Adepto
6142	T4_BACKPACK_GATHERER_FISH@3	Adept's Fisherman Backpack	Mochila do Pescador Adepto
6143	T4_BACKPACK_GATHERER_FISH@4	Adept's Fisherman Backpack	Mochila do Pescador Adepto
6144	T5_BACKPACK_GATHERER_FISH	Expert's Fisherman Backpack	Mochila do Pescador Perito
6145	T5_BACKPACK_GATHERER_FISH@1	Expert's Fisherman Backpack	Mochila do Pescador Perito
6146	T5_BACKPACK_GATHERER_FISH@2	Expert's Fisherman Backpack	Mochila do Pescador Perito
6147	T5_BACKPACK_GATHERER_FISH@3	Expert's Fisherman Backpack	Mochila do Pescador Perito
6148	T5_BACKPACK_GATHERER_FISH@4	Expert's Fisherman Backpack	Mochila do Pescador Perito
6149	T6_BACKPACK_GATHERER_FISH	Master's Fisherman Backpack	Mochila do Pescador Mestre
6150	T6_BACKPACK_GATHERER_FISH@1	Master's Fisherman Backpack	Mochila do Pescador Mestre
6151	T6_BACKPACK_GATHERER_FISH@2	Master's Fisherman Backpack	Mochila do Pescador Mestre
6152	T6_BACKPACK_GATHERER_FISH@3	Master's Fisherman Backpack	Mochila do Pescador Mestre
6153	T6_BACKPACK_GATHERER_FISH@4	Master's Fisherman Backpack	Mochila do Pescador Mestre
6154	T7_BACKPACK_GATHERER_FISH	Grandmaster's Fisherman Backpack	Mochila do Pescador Grão-mestre
6155	T7_BACKPACK_GATHERER_FISH@1	Grandmaster's Fisherman Backpack	Mochila do Pescador Grão-mestre
6156	T7_BACKPACK_GATHERER_FISH@2	Grandmaster's Fisherman Backpack	Mochila do Pescador Grão-mestre
6157	T7_BACKPACK_GATHERER_FISH@3	Grandmaster's Fisherman Backpack	Mochila do Pescador Grão-mestre
6158	T7_BACKPACK_GATHERER_FISH@4	Grandmaster's Fisherman Backpack	Mochila do Pescador Grão-mestre
6159	T8_BACKPACK_GATHERER_FISH	Elder's Fisherman Backpack	Mochila do Pescador Ancião
6160	T8_BACKPACK_GATHERER_FISH@1	Elder's Fisherman Backpack	Mochila do Pescador Ancião
6161	T8_BACKPACK_GATHERER_FISH@2	Elder's Fisherman Backpack	Mochila do Pescador Ancião
6162	T8_BACKPACK_GATHERER_FISH@3	Elder's Fisherman Backpack	Mochila do Pescador Ancião
6163	T8_BACKPACK_GATHERER_FISH@4	Elder's Fisherman Backpack	Mochila do Pescador Ancião
6164	T2_JOURNAL_WOOD	Novice Lumberjack's Journal (Partially Full)	Diário do Lenhador Novato (Parcialmente Cheio)
6165	T3_JOURNAL_WOOD	Journeyman Lumberjack's Journal (Partially Full)	Diário do Lenhador Iniciante (Parcialmente Cheio)
6166	T4_JOURNAL_WOOD	Adept Lumberjack's Journal (Partially Full)	Diário do Lenhador Adepto (Parcialmente Cheio)
6167	T5_JOURNAL_WOOD	Expert Lumberjack's Journal (Partially Full)	Diário do Lenhador Perito (Parcialmente Cheio)
6168	T6_JOURNAL_WOOD	Master Lumberjack's Journal (Partially Full)	Diário do Lenhador Mestre (Parcialmente Cheio)
6169	T7_JOURNAL_WOOD	Grandmaster Lumberjack's Journal (Partially Full)	Diário do Lenhador Grão-mestre (Parcialmente Cheio)
6170	T8_JOURNAL_WOOD	Elder Lumberjack's Journal (Partially Full)	Diário do Lenhador Ancião (Parcialmente Cheio)
6171	T2_JOURNAL_STONE	Novice Stonecutter's Journal (Partially Full)	Diário do Canteiro Novato (Parcialmente Cheio)
6172	T3_JOURNAL_STONE	Journeyman Stonecutter's Journal (Partially Full)	Diário do Canteiro Iniciante (Parcialmente Cheio)
6173	T4_JOURNAL_STONE	Adept Stonecutter's Journal (Partially Full)	Diário do Canteiro Adepto (Parcialmente Cheio)
6174	T5_JOURNAL_STONE	Expert Stonecutter's Journal (Partially Full)	Diário do Canteiro Perito (Parcialmente Cheio)
6175	T6_JOURNAL_STONE	Master Stonecutter's Journal (Partially Full)	Diário do Canteiro Mestre (Parcialmente Cheio)
6176	T7_JOURNAL_STONE	Grandmaster Stonecutter's Journal (Partially Full)	Diário do Canteiro Grão-mestre (Parcialmente Cheio)
6177	T8_JOURNAL_STONE	Elder Stonecutter's Journal (Partially Full)	Diário do Canteiro Ancião (Parcialmente Cheio)
6178	T2_JOURNAL_ORE	Novice Prospector's Journal (Partially Full)	Diário do Prospector Novato (Parcialmente Cheio)
6179	T3_JOURNAL_ORE	Journeyman Prospector's Journal (Partially Full)	Diário do Prospector Iniciante (Parcialmente Cheio)
6180	T4_JOURNAL_ORE	Adept Prospector's Journal (Partially Full)	Diário do Prospector Adepto (Parcialmente Cheio)
6181	T5_JOURNAL_ORE	Expert Prospector's Journal (Partially Full)	Diário do Prospector Perito (Parcialmente Cheio)
6182	T6_JOURNAL_ORE	Master Prospector's Journal (Partially Full)	Diário do Prospector Mestre (Parcialmente Cheio)
6183	T7_JOURNAL_ORE	Grandmaster Prospector's Journal (Partially Full)	Diário do Prospector Grão-mestre (Parcialmente Cheio)
6184	T8_JOURNAL_ORE	Elder Prospector's Journal (Partially Full)	Diário do Prospector Ancião (Parcialmente Cheio)
6185	T2_JOURNAL_FIBER	Novice Cropper's Journal (Partially Full)	Diário do Lavrador Novato (Parcialmente Cheio)
6186	T3_JOURNAL_FIBER	Journeyman Cropper's Journal (Partially Full)	Diário do Lavrador Iniciante (Parcialmente Cheio)
6187	T4_JOURNAL_FIBER	Adept Cropper's Journal (Partially Full)	Diário do Lavrador Adepto (Parcialmente Cheio)
6188	T5_JOURNAL_FIBER	Expert Cropper's Journal (Partially Full)	Diário do Lavrador Perito (Parcialmente Cheio)
6189	T6_JOURNAL_FIBER	Master Cropper's Journal (Partially Full)	Diário do Lavrador Mestre (Parcialmente Cheio)
6190	T7_JOURNAL_FIBER	Grandmaster Cropper's Journal (Partially Full)	Diário do Lavrador Grão-mestre (Parcialmente Cheio)
6191	T8_JOURNAL_FIBER	Elder Cropper's Journal (Partially Full)	Diário do Lavrador Ancião (Parcialmente Cheio)
6192	T2_JOURNAL_HIDE	Novice Gamekeeper's Journal (Partially Full)	Diário do Guarda-caça Novato (Parcialmente Cheio)
6193	T3_JOURNAL_HIDE	Journeyman Gamekeeper's Journal (Partially Full)	Diário do Guarda-caça Iniciante (Parcialmente Cheio)
6194	T4_JOURNAL_HIDE	Adept Gamekeeper's Journal (Partially Full)	Diário do Guarda-caça Adepto (Parcialmente Cheio)
6195	T5_JOURNAL_HIDE	Expert Gamekeeper's Journal (Partially Full)	Diário do Guarda-caça Perito (Parcialmente Cheio)
6196	T6_JOURNAL_HIDE	Master Gamekeeper's Journal (Partially Full)	Diário do Guarda-caça Mestre (Parcialmente Cheio)
6197	T7_JOURNAL_HIDE	Grandmaster Gamekeeper's Journal (Partially Full)	Diário do Guarda-caça Grão-mestre (Parcialmente Cheio)
6198	T8_JOURNAL_HIDE	Elder Gamekeeper's Journal (Partially Full)	Diário do Guarda-caça Ancião (Parcialmente Cheio)
6199	T2_JOURNAL_WARRIOR	Novice Blacksmith's Journal (Partially Full)	Diário do Ferreiro Novato (Parcialmente Cheio)
6200	T3_JOURNAL_WARRIOR	Journeyman Blacksmith's Journal (Partially Full)	Diário do Ferreiro Iniciante (Parcialmente Cheio)
6201	T4_JOURNAL_WARRIOR	Adept Blacksmith's Journal (Partially Full)	Diário do Ferreiro Adepto (Parcialmente Cheio)
6202	T5_JOURNAL_WARRIOR	Expert Blacksmith's Journal (Partially Full)	Diário do Ferreiro Perito (Parcialmente Cheio)
6203	T6_JOURNAL_WARRIOR	Master Blacksmith's Journal (Partially Full)	Diário do Ferreiro Mestre (Parcialmente Cheio)
6204	T7_JOURNAL_WARRIOR	Grandmaster Blacksmith's Journal (Partially Full)	Diário do Ferreiro Grão-mestre (Parcialmente Cheio)
6205	T8_JOURNAL_WARRIOR	Elder Blacksmith's Journal (Partially Full)	Diário do Ferreiro Ancião (Parcialmente Cheio)
6206	T2_JOURNAL_HUNTER	Novice Fletcher's Journal (Partially Full)	Diário do Flecheiro Novato (Parcialmente Cheio)
6207	T3_JOURNAL_HUNTER	Journeyman Fletcher's Journal (Partially Full)	Diário do Flecheiro Iniciante (Parcialmente Cheio)
6208	T4_JOURNAL_HUNTER	Adept Fletcher's Journal (Partially Full)	Diário do Flecheiro Adepto (Parcialmente Cheio)
6209	T5_JOURNAL_HUNTER	Expert Fletcher's Journal (Partially Full)	Diário do Flecheiro Perito (Parcialmente Cheio)
6210	T6_JOURNAL_HUNTER	Master Fletcher's Journal (Partially Full)	Diário do Flecheiro Mestre (Parcialmente Cheio)
6211	T7_JOURNAL_HUNTER	Grandmaster Fletcher's Journal (Partially Full)	Diário do Flecheiro Grão-mestre (Parcialmente Cheio)
6212	T8_JOURNAL_HUNTER	Elder Fletcher's Journal (Partially Full)	Diário do Flecheiro Ancião (Parcialmente Cheio)
6213	T2_JOURNAL_MAGE	Novice Imbuer's Journal (Partially Full)	Diário do Imbuidor Novato (Parcialmente Cheio)
6214	T3_JOURNAL_MAGE	Journeyman Imbuer's Journal (Partially Full)	Diário do Imbuidor Iniciante (Parcialmente Cheio)
6215	T4_JOURNAL_MAGE	Adept Imbuer's Journal (Partially Full)	Diário do Imbuidor Adepto (Parcialmente Cheio)
6216	T5_JOURNAL_MAGE	Expert Imbuer's Journal (Partially Full)	Diário do Imbuidor Perito (Parcialmente Cheio)
6217	T6_JOURNAL_MAGE	Master Imbuer's Journal (Partially Full)	Diário do Imbuidor Mestre (Parcialmente Cheio)
6218	T7_JOURNAL_MAGE	Grandmaster Imbuer's Journal (Partially Full)	Diário do Imbuidor Grão-mestre (Parcialmente Cheio)
6219	T8_JOURNAL_MAGE	Elder Imbuer's Journal (Partially Full)	Diário do Imbuidor Ancião (Parcialmente Cheio)
6220	T2_JOURNAL_TOOLMAKER	Novice Tinker's Journal (Partially Full)	Diário do Funileiro Novato (Parcialmente Cheio)
6221	T3_JOURNAL_TOOLMAKER	Journeyman Tinker's Journal (Partially Full)	Diário do Funileiro Iniciante (Parcialmente Cheio)
6222	T4_JOURNAL_TOOLMAKER	Adept Tinker's Journal (Partially Full)	Diário do Funileiro Adepto (Parcialmente Cheio)
6223	T5_JOURNAL_TOOLMAKER	Expert Tinker's Journal (Partially Full)	Diário do Funileiro Perito (Parcialmente Cheio)
6224	T6_JOURNAL_TOOLMAKER	Master Tinker's Journal (Partially Full)	Diário do Funileiro Mestre (Parcialmente Cheio)
6225	T7_JOURNAL_TOOLMAKER	Grandmaster Tinker's Journal (Partially Full)	Diário do Funileiro Grão-mestre (Parcialmente Cheio)
6226	T8_JOURNAL_TOOLMAKER	Elder Tinker's Journal (Partially Full)	Diário do Funileiro Ancião (Parcialmente Cheio)
6227	T2_JOURNAL_MERCENARY	Novice Mercenary's Journal (Partially Full)	Diário do Mercenário Novato (Parcialmente Cheio)
6228	T3_JOURNAL_MERCENARY	Journeyman Mercenary's Journal (Partially Full)	Diário do Mercenário Iniciante (Parcialmente Cheio)
6229	T4_JOURNAL_MERCENARY	Adept Mercenary's Journal (Partially Full)	Diário do Mercenário Adepto (Parcialmente Cheio)
6230	T5_JOURNAL_MERCENARY	Expert Mercenary's Journal (Partially Full)	Diário do Mercenário Perito (Parcialmente Cheio)
6231	T6_JOURNAL_MERCENARY	Master Mercenary's Journal (Partially Full)	Diário do Mercenário Mestre (Parcialmente Cheio)
6232	T7_JOURNAL_MERCENARY	Grandmaster Mercenary's Journal (Partially Full)	Diário do Mercenário Grão-mestre (Parcialmente Cheio)
6233	T8_JOURNAL_MERCENARY	Elder Mercenary's Journal (Partially Full)	Diário do Mercenário Ancião (Parcialmente Cheio)
6234	T2_JOURNAL_TROPHY_GENERAL	Novice's Generalist Trophy Journal (Partially Full)	Diário de Troféus do Generalista Novato (Parcialmente Cheio)
6235	T3_JOURNAL_TROPHY_GENERAL	Journeyman's Generalist Trophy Journal (Partially Full)	Diário de Troféus do Generalista Iniciante (Parcialmente Cheio)
6236	T4_JOURNAL_TROPHY_GENERAL	Adept's Generalist Trophy Journal (Partially Full)	Diário de Troféus do Generalista Adepto (Parcialmente Cheio)
6237	T5_JOURNAL_TROPHY_GENERAL	Expert's Generalist Trophy Journal (Partially Full)	Diário de Troféus do Generalista Perito (Parcialmente Cheio)
6238	T6_JOURNAL_TROPHY_GENERAL	Master's Generalist Trophy Journal (Partially Full)	Diário de Troféus do Generalista Mestre (Parcialmente Cheio)
6239	T7_JOURNAL_TROPHY_GENERAL	Grandmaster's Generalist Trophy Journal (Partially Full)	Diário de Troféus do Generalista Grão-mestre (Parcialmente Cheio)
6240	T8_JOURNAL_TROPHY_GENERAL	Elder's Generalist Trophy Journal (Partially Full)	Diário de Troféus do Generalista Ancião (Parcialmente Cheio)
6241	T2_JOURNAL_TROPHY_MERCENARY	Novice Mercenary's Trophy Journal (Partially Full)	Diário de Troféus do Mercenário Novato (Parcialmente Cheio)
6242	T3_JOURNAL_TROPHY_MERCENARY	Journeyman Mercenary's Trophy Journal (Partially Full)	Diário de Troféus do Mercenário Iniciante (Parcialmente Cheio)
6243	T4_JOURNAL_TROPHY_MERCENARY	Adept Mercenary's Trophy Journal (Partially Full)	Diário de Troféus do Mercenário Adepto (Parcialmente Cheio)
6244	T5_JOURNAL_TROPHY_MERCENARY	Expert Mercenary's Trophy Journal (Partially Full)	Diário de Troféus do Mercenário Perito (Parcialmente Cheio)
6245	T6_JOURNAL_TROPHY_MERCENARY	Master Mercenary's Trophy Journal (Partially Full)	Diário de Troféus do Mercenário Mestre (Parcialmente Cheio)
6246	T7_JOURNAL_TROPHY_MERCENARY	Grandmaster Mercenary's Trophy Journal (Partially Full)	Diário de Troféus do Mercenário Grão-mestre (Parcialmente Cheio)
6247	T8_JOURNAL_TROPHY_MERCENARY	Elder Mercenary's Trophy Journal (Partially Full)	Diário de Troféus do Mercenário Ancião (Parcialmente Cheio)
6248	T2_JOURNAL_TROPHY_HIDE	Novice Gamekeeper's Trophy Journal (Partially Full)	Diário de Troféus do Guarda-caça Novato (Parcialmente Cheio)
6249	T3_JOURNAL_TROPHY_HIDE	Journeyman Gamekeeper's Trophy Journal (Partially Full)	Diário de Troféus do Guarda-caça Iniciante (Parcialmente Cheio)
6250	T4_JOURNAL_TROPHY_HIDE	Adept Gamekeeper's Trophy Journal (Partially Full)	Diário de Troféus do Guarda-caça Adepto (Parcialmente Cheio)
6251	T5_JOURNAL_TROPHY_HIDE	Expert Gamekeeper's Trophy Journal (Partially Full)	Diário de Troféus do Guarda-caça Perito (Parcialmente Cheio)
6252	T6_JOURNAL_TROPHY_HIDE	Master Gamekeeper's Trophy Journal (Partially Full)	Diário de Troféus do Guarda-caça Mestre (Parcialmente Cheio)
6253	T7_JOURNAL_TROPHY_HIDE	Grandmaster Gamekeeper's Trophy Journal (Partially Full)	Diário de Troféus do Guarda-caça Grão-mestre (Parcialmente Cheio)
6254	T8_JOURNAL_TROPHY_HIDE	Elder Gamekeeper's Trophy Journal (Partially Full)	Diário de Troféus do Guarda-caça Ancião (Parcialmente Cheio)
6255	T2_JOURNAL_TROPHY_WOOD	Novice Lumberjack's Trophy Journal (Partially Full)	Diário de Troféus do Lenhador Novato (Parcialmente Cheio)
6256	T3_JOURNAL_TROPHY_WOOD	Journeyman Lumberjack's Trophy Journal (Partially Full)	Diário de Troféus do Lenhador Iniciante (Parcialmente Cheio)
6257	T4_JOURNAL_TROPHY_WOOD	Adept Lumberjack's Trophy Journal (Partially Full)	Diário de Troféus do Lenhador Adepto (Parcialmente Cheio)
6258	T5_JOURNAL_TROPHY_WOOD	Expert Lumberjack's Trophy Journal (Partially Full)	Diário de Troféus do Lenhador Perito (Parcialmente Cheio)
6259	T6_JOURNAL_TROPHY_WOOD	Master Lumberjack's Trophy Journal (Partially Full)	Diário de Troféus do Lenhador Mestre (Parcialmente Cheio)
6260	T7_JOURNAL_TROPHY_WOOD	Grandmaster Lumberjack's Trophy Journal (Partially Full)	Diário de Troféus do Lenhador Grão-mestre (Parcialmente Cheio)
6261	T8_JOURNAL_TROPHY_WOOD	Elder Lumberjack's Trophy Journal (Partially Full)	Diário de Troféus do Lenhador Ancião (Parcialmente Cheio)
6262	T2_JOURNAL_TROPHY_STONE	Novice Stonecutter's Trophy Journal (Partially Full)	Diário de Troféus do Canteiro Novato (Parcialmente Cheio)
6263	T3_JOURNAL_TROPHY_STONE	Journeyman Stonecutter's Trophy Journal (Partially Full)	Diário de Troféus do Canteiro Iniciante (Parcialmente Cheio)
6264	T4_JOURNAL_TROPHY_STONE	Adept Stonecutter's Trophy Journal (Partially Full)	Diário de Troféus do Canteiro Adepto (Parcialmente Cheio)
6265	T5_JOURNAL_TROPHY_STONE	Expert Stonecutter's Trophy Journal (Partially Full)	Diário de Troféus do Canteiro Perito (Parcialmente Cheio)
6266	T6_JOURNAL_TROPHY_STONE	Master Stonecutter's Trophy Journal (Partially Full)	Diário de Troféus do Canteiro Mestre (Parcialmente Cheio)
6267	T7_JOURNAL_TROPHY_STONE	Grandmaster Stonecutter's Trophy Journal (Partially Full)	Diário de Troféus do Canteiro Grão-mestre (Parcialmente Cheio)
6268	T8_JOURNAL_TROPHY_STONE	Elder Stonecutter's Trophy Journal (Partially Full)	Diário de Troféus do Canteiro Ancião (Parcialmente Cheio)
6269	T2_JOURNAL_TROPHY_ORE	Novice Prospector's Trophy Journal (Partially Full)	Diário de Troféus do Prospector Novato (Parcialmente Cheio)
6270	T3_JOURNAL_TROPHY_ORE	Journeyman Prospector's Trophy Journal (Partially Full)	Diário de Troféus do Prospector Iniciante (Parcialmente Cheio)
6271	T4_JOURNAL_TROPHY_ORE	Adept Prospector's Trophy Journal (Partially Full)	Diário de Troféus do Prospector Adepto (Parcialmente Cheio)
6272	T5_JOURNAL_TROPHY_ORE	Expert Prospector's Trophy Journal (Partially Full)	Diário de Troféus do Prospector Perito (Parcialmente Cheio)
6273	T6_JOURNAL_TROPHY_ORE	Master Prospector's Trophy Journal (Partially Full)	Diário de Troféus do Prospector Mestre (Parcialmente Cheio)
6274	T7_JOURNAL_TROPHY_ORE	Grandmaster Prospector's Trophy Journal (Partially Full)	Diário de Troféus do Prospector Grão-mestre (Parcialmente Cheio)
6275	T8_JOURNAL_TROPHY_ORE	Elder Prospector's Trophy Journal (Partially Full)	Diário de Troféus do Prospector Ancião (Parcialmente Cheio)
6276	T2_JOURNAL_TROPHY_FIBER	Novice Cropper's Trophy Journal (Partially Full)	Diário de Troféus do Lavrador Novato (Parcialmente Cheio)
6277	T3_JOURNAL_TROPHY_FIBER	Journeyman Cropper's Trophy Journal (Partially Full)	Diário de Troféus do Lavrador Iniciante (Parcialmente Cheio)
6278	T4_JOURNAL_TROPHY_FIBER	Adept Cropper's Trophy Journal (Partially Full)	Diário de Troféus do Lavrador Adepto (Parcialmente Cheio)
6279	T5_JOURNAL_TROPHY_FIBER	Expert Cropper's Trophy Journal (Partially Full)	Diário de Troféus do Lavrador Perito (Parcialmente Cheio)
6280	T6_JOURNAL_TROPHY_FIBER	Master Cropper's Trophy Journal (Partially Full)	Diário de Troféus do Lavrador Mestre (Parcialmente Cheio)
6281	T7_JOURNAL_TROPHY_FIBER	Grandmaster Cropper's Trophy Journal (Partially Full)	Diário de Troféus do Lavrador Grão-mestre (Parcialmente Cheio)
6282	T8_JOURNAL_TROPHY_FIBER	Elder Cropper's Trophy Journal (Partially Full)	Diário de Troféus do Lavrador Ancião (Parcialmente Cheio)
6283	T2_JOURNAL_TROPHY_FISHING	Novice Fisherman's Trophy Journal (Partially Full)	Diário de Troféus do Pescador Novato (Parcialmente Cheio)
6284	T3_JOURNAL_TROPHY_FISHING	Journeyman Fisherman's Trophy Journal (Partially Full)	Diário de Troféus do Pescador Iniciante (Parcialmente Cheio)
6285	T4_JOURNAL_TROPHY_FISHING	Adept Fisherman's Trophy Journal (Partially Full)	Diário de Troféus do Pescador Adepto (Parcialmente Cheio)
6286	T5_JOURNAL_TROPHY_FISHING	Expert Fisherman's Trophy Journal (Partially Full)	Diário de Troféus do Pescador Perito (Parcialmente Cheio)
6287	T6_JOURNAL_TROPHY_FISHING	Master Fisherman's Trophy Journal (Partially Full)	Diário de Troféus do Pescador Mestre (Parcialmente Cheio)
6288	T7_JOURNAL_TROPHY_FISHING	Grandmaster Fisherman's Trophy Journal (Partially Full)	Diário de Troféus do Pescador Grão-mestre (Parcialmente Cheio)
6289	T8_JOURNAL_TROPHY_FISHING	Elder Fisherman's Trophy Journal (Partially Full)	Diário de Troféus do Pescador Ancião (Parcialmente Cheio)
6290	T2_JOURNAL_FISHING	Novice Fisherman's Journal (Partially Full)	Diário do Pescador Novato (Parcialmente cheio)
6291	T3_JOURNAL_FISHING	Journeyman Fisherman's Journal (Partially Full)	Diário do Pescador Iniciante (Parcialmente cheio)
6292	T4_JOURNAL_FISHING	Adept Fisherman's Journal (Partially Full)	Diário do Pescador Adepto (Parcialmente cheio)
6293	T5_JOURNAL_FISHING	Expert Fisherman's Journal (Partially Full)	Diário do Pescador Perito (Parcialmente cheio)
6294	T6_JOURNAL_FISHING	Master Fisherman's Journal (Partially Full)	Diário do Pescador Mestre (Parcialmente cheio)
6295	T7_JOURNAL_FISHING	Grandmaster Fisherman's Journal (Partially Full)	Diário do Pescador Grão-mestre (Parcialmente cheio)
6296	T8_JOURNAL_FISHING	Elder Fisherman's Journal (Partially Full)	Diário do Pescador Ancião (Parcialmente cheio)
6297	T2_LABOURER_CONTRACT_WOOD	Novice Lumberjack Contract	Contrato de Lenhador Novato
6298	T3_LABOURER_CONTRACT_WOOD	Journeyman Lumberjack Contract	Contrato de Lenhador Iniciante
6299	T4_LABOURER_CONTRACT_WOOD	Adept Lumberjack Contract	Contrato de Lenhador Adepto
6300	T5_LABOURER_CONTRACT_WOOD	Expert Lumberjack Contract	Contrato de Lenhador Perito
6301	T6_LABOURER_CONTRACT_WOOD	Master Lumberjack Contract	Contrato de Lenhador Mestre
6302	T7_LABOURER_CONTRACT_WOOD	Grandmaster Lumberjack Contract	Contrato de Lenhador Grão-mestre
6303	T8_LABOURER_CONTRACT_WOOD	Elder Lumberjack Contract	Contrato de Lenhador Ancião
6304	T2_LABOURER_CONTRACT_STONE	Novice Stonecutter Contract	Contrato de Canteiro Novato
6305	T3_LABOURER_CONTRACT_STONE	Journeyman Stonecutter Contract	Contrato de Canteiro Iniciante
6306	T4_LABOURER_CONTRACT_STONE	Adept Stonecutter Contract	Contrato de Canteiro Adepto
6307	T5_LABOURER_CONTRACT_STONE	Expert Stonecutter Contract	Contrato de Canteiro Perito
6308	T6_LABOURER_CONTRACT_STONE	Master Stonecutter Contract	Contrato de Canteiro Mestre
6309	T7_LABOURER_CONTRACT_STONE	Grandmaster Stonecutter Contract	Contrato de Canteiro Grão-mestre
6310	T8_LABOURER_CONTRACT_STONE	Elder Stonecutter Contract	Contrato de Canteiro Ancião
6311	T2_LABOURER_CONTRACT_FIBER	Novice Cropper Contract	Contrato de Lavrador Novato
6312	T3_LABOURER_CONTRACT_FIBER	Journeyman Cropper Contract	Contrato de Lavrador Iniciante
6313	T4_LABOURER_CONTRACT_FIBER	Adept Cropper Contract	Contrato de Lavrador Adepto
6314	T5_LABOURER_CONTRACT_FIBER	Expert Cropper Contract	Contrato de Lavrador Perito
6315	T6_LABOURER_CONTRACT_FIBER	Master Cropper Contract	Contrato de Lavrador Mestre
6316	T7_LABOURER_CONTRACT_FIBER	Grandmaster Cropper Contract	Contrato de Lavrador Grão-mestre
6317	T8_LABOURER_CONTRACT_FIBER	Elder Cropper Contract	Contrato de Lavrador Ancião
6318	T2_LABOURER_CONTRACT_HIDE	Novice Gamekeeper Contract	Contrato de Guarda-caça Novato
6319	T3_LABOURER_CONTRACT_HIDE	Journeyman Gamekeeper Contract	Contrato de Guarda-caça Iniciante
6320	T4_LABOURER_CONTRACT_HIDE	Adept Gamekeeper Contract	Contrato de Guarda-caça Adepto
6321	T5_LABOURER_CONTRACT_HIDE	Expert Gamekeeper Contract	Contrato de Guarda-caça Perito
6322	T6_LABOURER_CONTRACT_HIDE	Master Gamekeeper Contract	Contrato de Guarda-caça Mestre
6323	T7_LABOURER_CONTRACT_HIDE	Grandmaster Gamekeeper Contract	Contrato de Guarda-caça Grão-mestre
6324	T8_LABOURER_CONTRACT_HIDE	Elder Gamekeeper Contract	Contrato de Guarda-caça Ancião
6325	T2_LABOURER_CONTRACT_ORE	Novice Prospector Contract	Contrato de Prospector Novato
6326	T3_LABOURER_CONTRACT_ORE	Journeyman Prospector Contract	Contrato de Prospector Iniciante
6327	T4_LABOURER_CONTRACT_ORE	Adept Prospector Contract	Contrato de Prospector Adepto
6328	T5_LABOURER_CONTRACT_ORE	Expert Prospector Contract	Contrato de Prospector Perito
6329	T6_LABOURER_CONTRACT_ORE	Master Prospector Contract	Contrato de Prospector Mestre
6330	T7_LABOURER_CONTRACT_ORE	Grandmaster Prospector Contract	Contrato de Prospector Grão-mestre
6331	T8_LABOURER_CONTRACT_ORE	Elder Prospector Contract	Contrato de Prospector Ancião
6332	T2_LABOURER_CONTRACT_MERCENARY	Novice Mercenary Contract	Contrato de Mercenário Novato
6333	T3_LABOURER_CONTRACT_MERCENARY	Journeyman Mercenary Contract	Contrato de Mercenário Iniciante
6334	T4_LABOURER_CONTRACT_MERCENARY	Adept Mercenary Contract	Contrato de Mercenário Adepto
6335	T5_LABOURER_CONTRACT_MERCENARY	Expert Mercenary Contract	Contrato de Mercenário Perito
6336	T6_LABOURER_CONTRACT_MERCENARY	Master Mercenary Contract	Contrato de Mercenário Mestre
6337	T7_LABOURER_CONTRACT_MERCENARY	Grandmaster Mercenary Contract	Contrato de Mercenário Grão-mestre
6338	T8_LABOURER_CONTRACT_MERCENARY	Elder Mercenary Contract	Contrato de Mercenário Ancião
6339	T2_LABOURER_CONTRACT_FISHERMAN	Novice Fisherman Contract	Contrato de Pescador Novato
6340	T3_LABOURER_CONTRACT_FISHERMAN	Journeyman Fisherman Contract	Contrato de Pescador Iniciante
6341	T4_LABOURER_CONTRACT_FISHERMAN	Adept Fisherman Contract	Contrato de Pescador Adepto
6342	T5_LABOURER_CONTRACT_FISHERMAN	Expert Fisherman Contract	Contrato de Pescador Perito
6343	T6_LABOURER_CONTRACT_FISHERMAN	Master Fisherman Contract	Contrato de Pescador Mestre
6344	T7_LABOURER_CONTRACT_FISHERMAN	Grandmaster Fisherman Contract	Contrato de Pescador Grão-mestre
6345	T8_LABOURER_CONTRACT_FISHERMAN	Elder Fisherman Contract	Contrato de Pescador Ancião
6346	T2_LABOURER_CONTRACT_HUNTER	Novice Fletcher Contract	Contrato de Flecheiro Novato
6347	T3_LABOURER_CONTRACT_HUNTER	Journeyman Fletcher Contract	Contrato de Flecheiro Iniciante
6348	T4_LABOURER_CONTRACT_HUNTER	Adept Fletcher Contract	Contrato de Flecheiro Adepto
6349	T5_LABOURER_CONTRACT_HUNTER	Expert Fletcher Contract	Contrato de Flecheiro Perito
6350	T6_LABOURER_CONTRACT_HUNTER	Master Fletcher Contract	Contrato de Flecheiro Mestre
6351	T7_LABOURER_CONTRACT_HUNTER	Grandmaster Fletcher Contract	Contrato de Flecheiro Grão-mestre
6352	T8_LABOURER_CONTRACT_HUNTER	Elder Fletcher Contract	Contrato de Flecheiro Ancião
6353	T2_LABOURER_CONTRACT_MAGE	Novice Imbuer Contract	Contrato de Imbuidor Novato
6354	T3_LABOURER_CONTRACT_MAGE	Journeyman Imbuer Contract	Contrato de Imbuidor Iniciante
6355	T4_LABOURER_CONTRACT_MAGE	Adept Imbuer Contract	Contrato de Imbuidor Adepto
6356	T5_LABOURER_CONTRACT_MAGE	Expert Imbuer Contract	Contrato de Imbuidor Perito
6357	T6_LABOURER_CONTRACT_MAGE	Master Imbuer Contract	Contrato de Imbuidor Mestre
6358	T7_LABOURER_CONTRACT_MAGE	Grandmaster Imbuer Contract	Contrato de Imbuidor Grão-mestre
6359	T8_LABOURER_CONTRACT_MAGE	Elder Imbuer Contract	Contrato de Imbuidor Ancião
6360	T2_LABOURER_CONTRACT_WARRIOR	Novice Blacksmith Contract	Contrato de Ferreiro Novato
6361	T3_LABOURER_CONTRACT_WARRIOR	Journeyman Blacksmith Contract	Contrato de Ferreiro Iniciante
6362	T4_LABOURER_CONTRACT_WARRIOR	Adept Blacksmith Contract	Contrato de Ferreiro Adepto
6363	T5_LABOURER_CONTRACT_WARRIOR	Expert Blacksmith Contract	Contrato de Ferreiro Perito
6364	T6_LABOURER_CONTRACT_WARRIOR	Master Blacksmith Contract	Contrato de Ferreiro Mestre
6365	T7_LABOURER_CONTRACT_WARRIOR	Grandmaster Blacksmith Contract	Contrato de Ferreiro Grão-mestre
6366	T8_LABOURER_CONTRACT_WARRIOR	Elder Blacksmith Contract	Contrato de Ferreiro Ancião
6367	T2_LABOURER_CONTRACT_TOOLMAKER	Novice Tinker Contract	Contrato de Funileiro Novato
6368	T3_LABOURER_CONTRACT_TOOLMAKER	Journeyman Tinker Contract	Contrato de Funileiro Iniciante
6369	T4_LABOURER_CONTRACT_TOOLMAKER	Adept Tinker Contract	Contrato de Funileiro Adepto
6370	T5_LABOURER_CONTRACT_TOOLMAKER	Expert Tinker Contract	Contrato de Funileiro Perito
6371	T6_LABOURER_CONTRACT_TOOLMAKER	Master Tinker Contract	Contrato de Funileiro Mestre
6372	T7_LABOURER_CONTRACT_TOOLMAKER	Grandmaster Tinker Contract	Contrato de Funileiro Grão-mestre
6373	T8_LABOURER_CONTRACT_TOOLMAKER	Elder Tinker Contract	Contrato de Funileiro Ancião
6374	T2_2H_BOW	Novice's Bow	Arco do Novato
6375	T3_2H_BOW	Journeyman's Bow	Arco do Iniciante
6376	T4_2H_BOW	Adept's Bow	Arco do Adepto
6377	T4_2H_BOW@1	Adept's Bow	Arco do Adepto
6378	T4_2H_BOW@2	Adept's Bow	Arco do Adepto
6379	T4_2H_BOW@3	Adept's Bow	Arco do Adepto
6380	T4_2H_BOW@4	Adept's Bow	Arco do Adepto
6381	T5_2H_BOW	Expert's Bow	Arco do Perito
6382	T5_2H_BOW@1	Expert's Bow	Arco do Perito
6383	T5_2H_BOW@2	Expert's Bow	Arco do Perito
6384	T5_2H_BOW@3	Expert's Bow	Arco do Perito
6385	T5_2H_BOW@4	Expert's Bow	Arco do Perito
6386	T6_2H_BOW	Master's Bow	Arco do Mestre
6387	T6_2H_BOW@1	Master's Bow	Arco do Mestre
6388	T6_2H_BOW@2	Master's Bow	Arco do Mestre
6389	T6_2H_BOW@3	Master's Bow	Arco do Mestre
6390	T6_2H_BOW@4	Master's Bow	Arco do Mestre
6391	T7_2H_BOW	Grandmaster's Bow	Arco do Grão-mestre
6392	T7_2H_BOW@1	Grandmaster's Bow	Arco do Grão-mestre
6393	T7_2H_BOW@2	Grandmaster's Bow	Arco do Grão-mestre
6394	T7_2H_BOW@3	Grandmaster's Bow	Arco do Grão-mestre
6395	T7_2H_BOW@4	Grandmaster's Bow	Arco do Grão-mestre
6396	T8_2H_BOW	Elder's Bow	Arco do Ancião
6397	T8_2H_BOW@1	Elder's Bow	Arco do Ancião
6398	T8_2H_BOW@2	Elder's Bow	Arco do Ancião
6399	T8_2H_BOW@3	Elder's Bow	Arco do Ancião
6400	T8_2H_BOW@4	Elder's Bow	Arco do Ancião
6401	T4_2H_WARBOW	Adept's Warbow	Arco de Guerra do Adepto
6402	T4_2H_WARBOW@1	Adept's Warbow	Arco de Guerra do Adepto
6403	T4_2H_WARBOW@2	Adept's Warbow	Arco de Guerra do Adepto
6404	T4_2H_WARBOW@3	Adept's Warbow	Arco de Guerra do Adepto
6405	T4_2H_WARBOW@4	Adept's Warbow	Arco de Guerra do Adepto
6406	T5_2H_WARBOW	Expert's Warbow	Arco de Guerra do Perito
6407	T5_2H_WARBOW@1	Expert's Warbow	Arco de Guerra do Perito
6408	T5_2H_WARBOW@2	Expert's Warbow	Arco de Guerra do Perito
6409	T5_2H_WARBOW@3	Expert's Warbow	Arco de Guerra do Perito
6410	T5_2H_WARBOW@4	Expert's Warbow	Arco de Guerra do Perito
6411	T6_2H_WARBOW	Master's Warbow	Arco de Guerra do Mestre
6412	T6_2H_WARBOW@1	Master's Warbow	Arco de Guerra do Mestre
6413	T6_2H_WARBOW@2	Master's Warbow	Arco de Guerra do Mestre
6414	T6_2H_WARBOW@3	Master's Warbow	Arco de Guerra do Mestre
6415	T6_2H_WARBOW@4	Master's Warbow	Arco de Guerra do Mestre
6416	T7_2H_WARBOW	Grandmaster's Warbow	Arco de Guerra do Grão-mestre
6417	T7_2H_WARBOW@1	Grandmaster's Warbow	Arco de Guerra do Grão-mestre
6418	T7_2H_WARBOW@2	Grandmaster's Warbow	Arco de Guerra do Grão-mestre
6419	T7_2H_WARBOW@3	Grandmaster's Warbow	Arco de Guerra do Grão-mestre
6420	T7_2H_WARBOW@4	Grandmaster's Warbow	Arco de Guerra do Grão-mestre
6421	T8_2H_WARBOW	Elder's Warbow	Arco de Guerra do Ancião
6422	T8_2H_WARBOW@1	Elder's Warbow	Arco de Guerra do Ancião
6423	T8_2H_WARBOW@2	Elder's Warbow	Arco de Guerra do Ancião
6424	T8_2H_WARBOW@3	Elder's Warbow	Arco de Guerra do Ancião
6425	T8_2H_WARBOW@4	Elder's Warbow	Arco de Guerra do Ancião
6426	T4_2H_LONGBOW	Adept's Longbow	Arco Longo do Adepto
6427	T4_2H_LONGBOW@1	Adept's Longbow	Arco Longo do Adepto
6428	T4_2H_LONGBOW@2	Adept's Longbow	Arco Longo do Adepto
6429	T4_2H_LONGBOW@3	Adept's Longbow	Arco Longo do Adepto
6430	T4_2H_LONGBOW@4	Adept's Longbow	Arco Longo do Adepto
6431	T5_2H_LONGBOW	Expert's Longbow	Arco Longo do Perito
6432	T5_2H_LONGBOW@1	Expert's Longbow	Arco Longo do Perito
6433	T5_2H_LONGBOW@2	Expert's Longbow	Arco Longo do Perito
6434	T5_2H_LONGBOW@3	Expert's Longbow	Arco Longo do Perito
6435	T5_2H_LONGBOW@4	Expert's Longbow	Arco Longo do Perito
6436	T6_2H_LONGBOW	Master's Longbow	Arco Longo do Mestre
6437	T6_2H_LONGBOW@1	Master's Longbow	Arco Longo do Mestre
6438	T6_2H_LONGBOW@2	Master's Longbow	Arco Longo do Mestre
6439	T6_2H_LONGBOW@3	Master's Longbow	Arco Longo do Mestre
6440	T6_2H_LONGBOW@4	Master's Longbow	Arco Longo do Mestre
6441	T7_2H_LONGBOW	Grandmaster's Longbow	Arco Longo do Grão-mestre
6442	T7_2H_LONGBOW@1	Grandmaster's Longbow	Arco Longo do Grão-mestre
6443	T7_2H_LONGBOW@2	Grandmaster's Longbow	Arco Longo do Grão-mestre
6444	T7_2H_LONGBOW@3	Grandmaster's Longbow	Arco Longo do Grão-mestre
6445	T7_2H_LONGBOW@4	Grandmaster's Longbow	Arco Longo do Grão-mestre
6446	T8_2H_LONGBOW	Elder's Longbow	Arco Longo do Ancião
6447	T8_2H_LONGBOW@1	Elder's Longbow	Arco Longo do Ancião
6448	T8_2H_LONGBOW@2	Elder's Longbow	Arco Longo do Ancião
6449	T8_2H_LONGBOW@3	Elder's Longbow	Arco Longo do Ancião
6450	T8_2H_LONGBOW@4	Elder's Longbow	Arco Longo do Ancião
6451	T4_2H_LONGBOW_UNDEAD	Adept's Whispering Bow	Arco Sussurrante do Adepto
6452	T4_2H_LONGBOW_UNDEAD@1	Adept's Whispering Bow	Arco Sussurrante do Adepto
6453	T4_2H_LONGBOW_UNDEAD@2	Adept's Whispering Bow	Arco Sussurrante do Adepto
6454	T4_2H_LONGBOW_UNDEAD@3	Adept's Whispering Bow	Arco Sussurrante do Adepto
6455	T4_2H_LONGBOW_UNDEAD@4	Adept's Whispering Bow	Arco Sussurrante do Adepto
6456	T5_2H_LONGBOW_UNDEAD	Expert's Whispering Bow	Arco Sussurrante do Perito
6457	T5_2H_LONGBOW_UNDEAD@1	Expert's Whispering Bow	Arco Sussurrante do Perito
6458	T5_2H_LONGBOW_UNDEAD@2	Expert's Whispering Bow	Arco Sussurrante do Perito
6459	T5_2H_LONGBOW_UNDEAD@3	Expert's Whispering Bow	Arco Sussurrante do Perito
6460	T5_2H_LONGBOW_UNDEAD@4	Expert's Whispering Bow	Arco Sussurrante do Perito
6461	T6_2H_LONGBOW_UNDEAD	Master's Whispering Bow	Arco Sussurrante do Mestre
6462	T6_2H_LONGBOW_UNDEAD@1	Master's Whispering Bow	Arco Sussurrante do Mestre
6463	T6_2H_LONGBOW_UNDEAD@2	Master's Whispering Bow	Arco Sussurrante do Mestre
6464	T6_2H_LONGBOW_UNDEAD@3	Master's Whispering Bow	Arco Sussurrante do Mestre
6465	T6_2H_LONGBOW_UNDEAD@4	Master's Whispering Bow	Arco Sussurrante do Mestre
6466	T7_2H_LONGBOW_UNDEAD	Grandmaster's Whispering Bow	Arco Sussurrante do Grão-mestre
6467	T7_2H_LONGBOW_UNDEAD@1	Grandmaster's Whispering Bow	Arco Sussurrante do Grão-mestre
6468	T7_2H_LONGBOW_UNDEAD@2	Grandmaster's Whispering Bow	Arco Sussurrante do Grão-mestre
6469	T7_2H_LONGBOW_UNDEAD@3	Grandmaster's Whispering Bow	Arco Sussurrante do Grão-mestre
6470	T7_2H_LONGBOW_UNDEAD@4	Grandmaster's Whispering Bow	Arco Sussurrante do Grão-mestre
6471	T8_2H_LONGBOW_UNDEAD	Elder's Whispering Bow	Arco Sussurrante do Ancião
6472	T8_2H_LONGBOW_UNDEAD@1	Elder's Whispering Bow	Arco Sussurrante do Ancião
6473	T8_2H_LONGBOW_UNDEAD@2	Elder's Whispering Bow	Arco Sussurrante do Ancião
6474	T8_2H_LONGBOW_UNDEAD@3	Elder's Whispering Bow	Arco Sussurrante do Ancião
6475	T8_2H_LONGBOW_UNDEAD@4	Elder's Whispering Bow	Arco Sussurrante do Ancião
6476	T4_2H_BOW_HELL	Adept's Wailing Bow	Arco Plangente do Adepto
6477	T4_2H_BOW_HELL@1	Adept's Wailing Bow	Arco Plangente do Adepto
6478	T4_2H_BOW_HELL@2	Adept's Wailing Bow	Arco Plangente do Adepto
6479	T4_2H_BOW_HELL@3	Adept's Wailing Bow	Arco Plangente do Adepto
6480	T4_2H_BOW_HELL@4	Adept's Wailing Bow	Arco Plangente do Adepto
6481	T5_2H_BOW_HELL	Expert's Wailing Bow	Arco Plangente do Perito
6482	T5_2H_BOW_HELL@1	Expert's Wailing Bow	Arco Plangente do Perito
6483	T5_2H_BOW_HELL@2	Expert's Wailing Bow	Arco Plangente do Perito
6484	T5_2H_BOW_HELL@3	Expert's Wailing Bow	Arco Plangente do Perito
6485	T5_2H_BOW_HELL@4	Expert's Wailing Bow	Arco Plangente do Perito
6486	T6_2H_BOW_HELL	Master's Wailing Bow	Arco Plangente do Mestre
6487	T6_2H_BOW_HELL@1	Master's Wailing Bow	Arco Plangente do Mestre
6488	T6_2H_BOW_HELL@2	Master's Wailing Bow	Arco Plangente do Mestre
6489	T6_2H_BOW_HELL@3	Master's Wailing Bow	Arco Plangente do Mestre
6490	T6_2H_BOW_HELL@4	Master's Wailing Bow	Arco Plangente do Mestre
6491	T7_2H_BOW_HELL	Grandmaster's Wailing Bow	Arco Plangente do Grão-mestre
6492	T7_2H_BOW_HELL@1	Grandmaster's Wailing Bow	Arco Plangente do Grão-mestre
6493	T7_2H_BOW_HELL@2	Grandmaster's Wailing Bow	Arco Plangente do Grão-mestre
6494	T7_2H_BOW_HELL@3	Grandmaster's Wailing Bow	Arco Plangente do Grão-mestre
6495	T7_2H_BOW_HELL@4	Grandmaster's Wailing Bow	Arco Plangente do Grão-mestre
6496	T8_2H_BOW_HELL	Elder's Wailing Bow	Arco Plangente do Ancião
6497	T8_2H_BOW_HELL@1	Elder's Wailing Bow	Arco Plangente do Ancião
6498	T8_2H_BOW_HELL@2	Elder's Wailing Bow	Arco Plangente do Ancião
6499	T8_2H_BOW_HELL@3	Elder's Wailing Bow	Arco Plangente do Ancião
6500	T8_2H_BOW_HELL@4	Elder's Wailing Bow	Arco Plangente do Ancião
6501	T4_2H_BOW_KEEPER	Adept's Bow of Badon	Arco Badônico do Adepto
6502	T4_2H_BOW_KEEPER@1	Adept's Bow of Badon	Arco Badônico do Adepto
6503	T4_2H_BOW_KEEPER@2	Adept's Bow of Badon	Arco Badônico do Adepto
6504	T4_2H_BOW_KEEPER@3	Adept's Bow of Badon	Arco Badônico do Adepto
6505	T4_2H_BOW_KEEPER@4	Adept's Bow of Badon	Arco Badônico do Adepto
6506	T5_2H_BOW_KEEPER	Expert's Bow of Badon	Arco Badônico do Perito
6507	T5_2H_BOW_KEEPER@1	Expert's Bow of Badon	Arco Badônico do Perito
6508	T5_2H_BOW_KEEPER@2	Expert's Bow of Badon	Arco Badônico do Perito
6509	T5_2H_BOW_KEEPER@3	Expert's Bow of Badon	Arco Badônico do Perito
6510	T5_2H_BOW_KEEPER@4	Expert's Bow of Badon	Arco Badônico do Perito
6511	T6_2H_BOW_KEEPER	Master's Bow of Badon	Arco Badônico do Mestre
6512	T6_2H_BOW_KEEPER@1	Master's Bow of Badon	Arco Badônico do Mestre
6513	T6_2H_BOW_KEEPER@2	Master's Bow of Badon	Arco Badônico do Mestre
6514	T6_2H_BOW_KEEPER@3	Master's Bow of Badon	Arco Badônico do Mestre
6515	T6_2H_BOW_KEEPER@4	Master's Bow of Badon	Arco Badônico do Mestre
6516	T7_2H_BOW_KEEPER	Grandmaster's Bow of Badon	Arco Badônico do Grão-mestre
6517	T7_2H_BOW_KEEPER@1	Grandmaster's Bow of Badon	Arco Badônico do Grão-mestre
6518	T7_2H_BOW_KEEPER@2	Grandmaster's Bow of Badon	Arco Badônico do Grão-mestre
6519	T7_2H_BOW_KEEPER@3	Grandmaster's Bow of Badon	Arco Badônico do Grão-mestre
6520	T7_2H_BOW_KEEPER@4	Grandmaster's Bow of Badon	Arco Badônico do Grão-mestre
6521	T8_2H_BOW_KEEPER	Elder's Bow of Badon	Arco Badônico do Ancião
6522	T8_2H_BOW_KEEPER@1	Elder's Bow of Badon	Arco Badônico do Ancião
6523	T8_2H_BOW_KEEPER@2	Elder's Bow of Badon	Arco Badônico do Ancião
6524	T8_2H_BOW_KEEPER@3	Elder's Bow of Badon	Arco Badônico do Ancião
6525	T8_2H_BOW_KEEPER@4	Elder's Bow of Badon	Arco Badônico do Ancião
6526	T4_2H_BOW_AVALON	Adept's Mistpiercer	Fura-bruma do Adepto
6527	T4_2H_BOW_AVALON@1	Adept's Mistpiercer	Fura-bruma do Adepto
6528	T4_2H_BOW_AVALON@2	Adept's Mistpiercer	Fura-bruma do Adepto
6529	T4_2H_BOW_AVALON@3	Adept's Mistpiercer	Fura-bruma do Adepto
6530	T4_2H_BOW_AVALON@4	Adept's Mistpiercer	Fura-bruma do Adepto
6531	T5_2H_BOW_AVALON	Expert's Mistpiercer	Fura-bruma do Perito
6532	T5_2H_BOW_AVALON@1	Expert's Mistpiercer	Fura-bruma do Perito
6533	T5_2H_BOW_AVALON@2	Expert's Mistpiercer	Fura-bruma do Perito
6534	T5_2H_BOW_AVALON@3	Expert's Mistpiercer	Fura-bruma do Perito
6535	T5_2H_BOW_AVALON@4	Expert's Mistpiercer	Fura-bruma do Perito
6536	T6_2H_BOW_AVALON	Master's Mistpiercer	Fura-bruma do Mestre
6537	T6_2H_BOW_AVALON@1	Master's Mistpiercer	Fura-bruma do Mestre
6538	T6_2H_BOW_AVALON@2	Master's Mistpiercer	Fura-bruma do Mestre
6539	T6_2H_BOW_AVALON@3	Master's Mistpiercer	Fura-bruma do Mestre
6540	T6_2H_BOW_AVALON@4	Master's Mistpiercer	Fura-bruma do Mestre
6541	T7_2H_BOW_AVALON	Grandmaster's Mistpiercer	Fura-bruma do Grão-mestre
6542	T7_2H_BOW_AVALON@1	Grandmaster's Mistpiercer	Fura-bruma do Grão-mestre
6543	T7_2H_BOW_AVALON@2	Grandmaster's Mistpiercer	Fura-bruma do Grão-mestre
6544	T7_2H_BOW_AVALON@3	Grandmaster's Mistpiercer	Fura-bruma do Grão-mestre
6545	T7_2H_BOW_AVALON@4	Grandmaster's Mistpiercer	Fura-bruma do Grão-mestre
6546	T8_2H_BOW_AVALON	Elder's Mistpiercer	Fura-bruma do Ancião
6547	T8_2H_BOW_AVALON@1	Elder's Mistpiercer	Fura-bruma do Ancião
6548	T8_2H_BOW_AVALON@2	Elder's Mistpiercer	Fura-bruma do Ancião
6549	T8_2H_BOW_AVALON@3	Elder's Mistpiercer	Fura-bruma do Ancião
6550	T8_2H_BOW_AVALON@4	Elder's Mistpiercer	Fura-bruma do Ancião
6551	T4_2H_BOW_CRYSTAL	Adept's Skystrider Bow	Arco do Andarilho Celeste do Adepto
6552	T4_2H_BOW_CRYSTAL@1	Adept's Skystrider Bow	Arco do Andarilho Celeste do Adepto
6553	T4_2H_BOW_CRYSTAL@2	Adept's Skystrider Bow	Arco do Andarilho Celeste do Adepto
6554	T4_2H_BOW_CRYSTAL@3	Adept's Skystrider Bow	Arco do Andarilho Celeste do Adepto
6555	T4_2H_BOW_CRYSTAL@4	Adept's Skystrider Bow	Arco do Andarilho Celeste do Adepto
6556	T5_2H_BOW_CRYSTAL	Expert's Skystrider Bow	Arco do Andarilho Celeste do Perito
6557	T5_2H_BOW_CRYSTAL@1	Expert's Skystrider Bow	Arco do Andarilho Celeste do Perito
6558	T5_2H_BOW_CRYSTAL@2	Expert's Skystrider Bow	Arco do Andarilho Celeste do Perito
6559	T5_2H_BOW_CRYSTAL@3	Expert's Skystrider Bow	Arco do Andarilho Celeste do Perito
6560	T5_2H_BOW_CRYSTAL@4	Expert's Skystrider Bow	Arco do Andarilho Celeste do Perito
6561	T6_2H_BOW_CRYSTAL	Master's Skystrider Bow	Arco do Andarilho Celeste do Mestre
6562	T6_2H_BOW_CRYSTAL@1	Master's Skystrider Bow	Arco do Andarilho Celeste do Mestre
6563	T6_2H_BOW_CRYSTAL@2	Master's Skystrider Bow	Arco do Andarilho Celeste do Mestre
6564	T6_2H_BOW_CRYSTAL@3	Master's Skystrider Bow	Arco do Andarilho Celeste do Mestre
6565	T6_2H_BOW_CRYSTAL@4	Master's Skystrider Bow	Arco do Andarilho Celeste do Mestre
6566	T7_2H_BOW_CRYSTAL	Grandmaster's Skystrider Bow	Arco do Andarilho Celeste do Grão-mestre
6567	T7_2H_BOW_CRYSTAL@1	Grandmaster's Skystrider Bow	Arco do Andarilho Celeste do Grão-mestre
6568	T7_2H_BOW_CRYSTAL@2	Grandmaster's Skystrider Bow	Arco do Andarilho Celeste do Grão-mestre
6569	T7_2H_BOW_CRYSTAL@3	Grandmaster's Skystrider Bow	Arco do Andarilho Celeste do Grão-mestre
6570	T7_2H_BOW_CRYSTAL@4	Grandmaster's Skystrider Bow	Arco do Andarilho Celeste do Grão-mestre
6571	T8_2H_BOW_CRYSTAL	Elder's Skystrider Bow	Arco do Andarilho Celeste do Ancião
6572	T8_2H_BOW_CRYSTAL@1	Elder's Skystrider Bow	Arco do Andarilho Celeste do Ancião
6573	T8_2H_BOW_CRYSTAL@2	Elder's Skystrider Bow	Arco do Andarilho Celeste do Ancião
6574	T8_2H_BOW_CRYSTAL@3	Elder's Skystrider Bow	Arco do Andarilho Celeste do Ancião
6575	T8_2H_BOW_CRYSTAL@4	Elder's Skystrider Bow	Arco do Andarilho Celeste do Ancião
6576	T3_2H_CROSSBOW	Journeyman's Crossbow	Besta do Iniciante
6577	T4_2H_CROSSBOW	Adept's Crossbow	Besta do Adepto
6578	T4_2H_CROSSBOW@1	Adept's Crossbow	Besta do Adepto
6579	T4_2H_CROSSBOW@2	Adept's Crossbow	Besta do Adepto
6580	T4_2H_CROSSBOW@3	Adept's Crossbow	Besta do Adepto
6581	T4_2H_CROSSBOW@4	Adept's Crossbow	Besta do Adepto
6582	T5_2H_CROSSBOW	Expert's Crossbow	Besta do Perito
6583	T5_2H_CROSSBOW@1	Expert's Crossbow	Besta do Perito
6584	T5_2H_CROSSBOW@2	Expert's Crossbow	Besta do Perito
6585	T5_2H_CROSSBOW@3	Expert's Crossbow	Besta do Perito
6586	T5_2H_CROSSBOW@4	Expert's Crossbow	Besta do Perito
6587	T6_2H_CROSSBOW	Master's Crossbow	Besta do Mestre
6588	T6_2H_CROSSBOW@1	Master's Crossbow	Besta do Mestre
6589	T6_2H_CROSSBOW@2	Master's Crossbow	Besta do Mestre
6590	T6_2H_CROSSBOW@3	Master's Crossbow	Besta do Mestre
6591	T6_2H_CROSSBOW@4	Master's Crossbow	Besta do Mestre
6592	T7_2H_CROSSBOW	Grandmaster's Crossbow	Besta do Grão-mestre
6593	T7_2H_CROSSBOW@1	Grandmaster's Crossbow	Besta do Grão-mestre
6594	T7_2H_CROSSBOW@2	Grandmaster's Crossbow	Besta do Grão-mestre
6595	T7_2H_CROSSBOW@3	Grandmaster's Crossbow	Besta do Grão-mestre
6596	T7_2H_CROSSBOW@4	Grandmaster's Crossbow	Besta do Grão-mestre
6597	T8_2H_CROSSBOW	Elder's Crossbow	Besta do Ancião
6598	T8_2H_CROSSBOW@1	Elder's Crossbow	Besta do Ancião
6599	T8_2H_CROSSBOW@2	Elder's Crossbow	Besta do Ancião
6600	T8_2H_CROSSBOW@3	Elder's Crossbow	Besta do Ancião
6601	T8_2H_CROSSBOW@4	Elder's Crossbow	Besta do Ancião
6602	T4_2H_CROSSBOWLARGE	Adept's Heavy Crossbow	Besta Pesada do Adepto
6603	T4_2H_CROSSBOWLARGE@1	Adept's Heavy Crossbow	Besta Pesada do Adepto
6604	T4_2H_CROSSBOWLARGE@2	Adept's Heavy Crossbow	Besta Pesada do Adepto
6605	T4_2H_CROSSBOWLARGE@3	Adept's Heavy Crossbow	Besta Pesada do Adepto
6606	T4_2H_CROSSBOWLARGE@4	Adept's Heavy Crossbow	Besta Pesada do Adepto
6607	T5_2H_CROSSBOWLARGE	Expert's Heavy Crossbow	Besta Pesada do Perito
6608	T5_2H_CROSSBOWLARGE@1	Expert's Heavy Crossbow	Besta Pesada do Perito
6609	T5_2H_CROSSBOWLARGE@2	Expert's Heavy Crossbow	Besta Pesada do Perito
6610	T5_2H_CROSSBOWLARGE@3	Expert's Heavy Crossbow	Besta Pesada do Perito
6611	T5_2H_CROSSBOWLARGE@4	Expert's Heavy Crossbow	Besta Pesada do Perito
6612	T6_2H_CROSSBOWLARGE	Master's Heavy Crossbow	Besta Pesada do Mestre
6613	T6_2H_CROSSBOWLARGE@1	Master's Heavy Crossbow	Besta Pesada do Mestre
6614	T6_2H_CROSSBOWLARGE@2	Master's Heavy Crossbow	Besta Pesada do Mestre
6615	T6_2H_CROSSBOWLARGE@3	Master's Heavy Crossbow	Besta Pesada do Mestre
6616	T6_2H_CROSSBOWLARGE@4	Master's Heavy Crossbow	Besta Pesada do Mestre
6617	T7_2H_CROSSBOWLARGE	Grandmaster's Heavy Crossbow	Besta Pesada do Grão-mestre
6618	T7_2H_CROSSBOWLARGE@1	Grandmaster's Heavy Crossbow	Besta Pesada do Grão-mestre
6619	T7_2H_CROSSBOWLARGE@2	Grandmaster's Heavy Crossbow	Besta Pesada do Grão-mestre
6620	T7_2H_CROSSBOWLARGE@3	Grandmaster's Heavy Crossbow	Besta Pesada do Grão-mestre
6621	T7_2H_CROSSBOWLARGE@4	Grandmaster's Heavy Crossbow	Besta Pesada do Grão-mestre
6622	T8_2H_CROSSBOWLARGE	Elder's Heavy Crossbow	Besta Pesada do Ancião
6623	T8_2H_CROSSBOWLARGE@1	Elder's Heavy Crossbow	Besta Pesada do Ancião
6624	T8_2H_CROSSBOWLARGE@2	Elder's Heavy Crossbow	Besta Pesada do Ancião
6625	T8_2H_CROSSBOWLARGE@3	Elder's Heavy Crossbow	Besta Pesada do Ancião
6626	T8_2H_CROSSBOWLARGE@4	Elder's Heavy Crossbow	Besta Pesada do Ancião
6627	T4_MAIN_1HCROSSBOW	Adept's Light Crossbow	Besta Leve do Adepto
6628	T4_MAIN_1HCROSSBOW@1	Adept's Light Crossbow	Besta Leve do Adepto
6629	T4_MAIN_1HCROSSBOW@2	Adept's Light Crossbow	Besta Leve do Adepto
6630	T4_MAIN_1HCROSSBOW@3	Adept's Light Crossbow	Besta Leve do Adepto
6631	T4_MAIN_1HCROSSBOW@4	Adept's Light Crossbow	Besta Leve do Adepto
6632	T5_MAIN_1HCROSSBOW	Expert's Light Crossbow	Besta Leve do Perito
6633	T5_MAIN_1HCROSSBOW@1	Expert's Light Crossbow	Besta Leve do Perito
6634	T5_MAIN_1HCROSSBOW@2	Expert's Light Crossbow	Besta Leve do Perito
6635	T5_MAIN_1HCROSSBOW@3	Expert's Light Crossbow	Besta Leve do Perito
6636	T5_MAIN_1HCROSSBOW@4	Expert's Light Crossbow	Besta Leve do Perito
6637	T6_MAIN_1HCROSSBOW	Master's Light Crossbow	Besta Leve do Mestre
6638	T6_MAIN_1HCROSSBOW@1	Master's Light Crossbow	Besta Leve do Mestre
6639	T6_MAIN_1HCROSSBOW@2	Master's Light Crossbow	Besta Leve do Mestre
6640	T6_MAIN_1HCROSSBOW@3	Master's Light Crossbow	Besta Leve do Mestre
6641	T6_MAIN_1HCROSSBOW@4	Master's Light Crossbow	Besta Leve do Mestre
6642	T7_MAIN_1HCROSSBOW	Grandmaster's Light Crossbow	Besta Leve do Grão-mestre
6643	T7_MAIN_1HCROSSBOW@1	Grandmaster's Light Crossbow	Besta Leve do Grão-mestre
6644	T7_MAIN_1HCROSSBOW@2	Grandmaster's Light Crossbow	Besta Leve do Grão-mestre
6645	T7_MAIN_1HCROSSBOW@3	Grandmaster's Light Crossbow	Besta Leve do Grão-mestre
6646	T7_MAIN_1HCROSSBOW@4	Grandmaster's Light Crossbow	Besta Leve do Grão-mestre
6647	T8_MAIN_1HCROSSBOW	Elder's Light Crossbow	Besta Leve do Ancião
6648	T8_MAIN_1HCROSSBOW@1	Elder's Light Crossbow	Besta Leve do Ancião
6649	T8_MAIN_1HCROSSBOW@2	Elder's Light Crossbow	Besta Leve do Ancião
6650	T8_MAIN_1HCROSSBOW@3	Elder's Light Crossbow	Besta Leve do Ancião
6651	T8_MAIN_1HCROSSBOW@4	Elder's Light Crossbow	Besta Leve do Ancião
6652	T4_2H_REPEATINGCROSSBOW_UNDEAD	Adept's Weeping Repeater	Repetidor Lamentoso do Adepto
6653	T4_2H_REPEATINGCROSSBOW_UNDEAD@1	Adept's Weeping Repeater	Repetidor Lamentoso do Adepto
6654	T4_2H_REPEATINGCROSSBOW_UNDEAD@2	Adept's Weeping Repeater	Repetidor Lamentoso do Adepto
6655	T4_2H_REPEATINGCROSSBOW_UNDEAD@3	Adept's Weeping Repeater	Repetidor Lamentoso do Adepto
6656	T4_2H_REPEATINGCROSSBOW_UNDEAD@4	Adept's Weeping Repeater	Repetidor Lamentoso do Adepto
6657	T5_2H_REPEATINGCROSSBOW_UNDEAD	Expert's Weeping Repeater	Repetidor Lamentoso do Perito
6658	T5_2H_REPEATINGCROSSBOW_UNDEAD@1	Expert's Weeping Repeater	Repetidor Lamentoso do Perito
6659	T5_2H_REPEATINGCROSSBOW_UNDEAD@2	Expert's Weeping Repeater	Repetidor Lamentoso do Perito
6660	T5_2H_REPEATINGCROSSBOW_UNDEAD@3	Expert's Weeping Repeater	Repetidor Lamentoso do Perito
6661	T5_2H_REPEATINGCROSSBOW_UNDEAD@4	Expert's Weeping Repeater	Repetidor Lamentoso do Perito
6662	T6_2H_REPEATINGCROSSBOW_UNDEAD	Master's Weeping Repeater	Repetidor Lamentoso do Mestre
6663	T6_2H_REPEATINGCROSSBOW_UNDEAD@1	Master's Weeping Repeater	Repetidor Lamentoso do Mestre
6664	T6_2H_REPEATINGCROSSBOW_UNDEAD@2	Master's Weeping Repeater	Repetidor Lamentoso do Mestre
6665	T6_2H_REPEATINGCROSSBOW_UNDEAD@3	Master's Weeping Repeater	Repetidor Lamentoso do Mestre
6666	T6_2H_REPEATINGCROSSBOW_UNDEAD@4	Master's Weeping Repeater	Repetidor Lamentoso do Mestre
6667	T7_2H_REPEATINGCROSSBOW_UNDEAD	Grandmaster's Weeping Repeater	Repetidor Lamentoso do Grão-mestre
6668	T7_2H_REPEATINGCROSSBOW_UNDEAD@1	Grandmaster's Weeping Repeater	Repetidor Lamentoso do Grão-mestre
6669	T7_2H_REPEATINGCROSSBOW_UNDEAD@2	Grandmaster's Weeping Repeater	Repetidor Lamentoso do Grão-mestre
6670	T7_2H_REPEATINGCROSSBOW_UNDEAD@3	Grandmaster's Weeping Repeater	Repetidor Lamentoso do Grão-mestre
6671	T7_2H_REPEATINGCROSSBOW_UNDEAD@4	Grandmaster's Weeping Repeater	Repetidor Lamentoso do Grão-mestre
6672	T8_2H_REPEATINGCROSSBOW_UNDEAD	Elder's Weeping Repeater	Repetidor Lamentoso do Ancião
6673	T8_2H_REPEATINGCROSSBOW_UNDEAD@1	Elder's Weeping Repeater	Repetidor Lamentoso do Ancião
6674	T8_2H_REPEATINGCROSSBOW_UNDEAD@2	Elder's Weeping Repeater	Repetidor Lamentoso do Ancião
6675	T8_2H_REPEATINGCROSSBOW_UNDEAD@3	Elder's Weeping Repeater	Repetidor Lamentoso do Ancião
6676	T8_2H_REPEATINGCROSSBOW_UNDEAD@4	Elder's Weeping Repeater	Repetidor Lamentoso do Ancião
6677	T4_2H_DUALCROSSBOW_HELL	Adept's Boltcasters	Lança-virotes do Adepto
6678	T4_2H_DUALCROSSBOW_HELL@1	Adept's Boltcasters	Lança-virotes do Adepto
6679	T4_2H_DUALCROSSBOW_HELL@2	Adept's Boltcasters	Lança-virotes do Adepto
6680	T4_2H_DUALCROSSBOW_HELL@3	Adept's Boltcasters	Lança-virotes do Adepto
6681	T4_2H_DUALCROSSBOW_HELL@4	Adept's Boltcasters	Lança-virotes do Adepto
6682	T5_2H_DUALCROSSBOW_HELL	Expert's Boltcasters	Lança-virotes do Perito
6683	T5_2H_DUALCROSSBOW_HELL@1	Expert's Boltcasters	Lança-virotes do Perito
6684	T5_2H_DUALCROSSBOW_HELL@2	Expert's Boltcasters	Lança-virotes do Perito
6685	T5_2H_DUALCROSSBOW_HELL@3	Expert's Boltcasters	Lança-virotes do Perito
6686	T5_2H_DUALCROSSBOW_HELL@4	Expert's Boltcasters	Lança-virotes do Perito
6687	T6_2H_DUALCROSSBOW_HELL	Master's Boltcasters	Lança-virotes do Mestre
6688	T6_2H_DUALCROSSBOW_HELL@1	Master's Boltcasters	Lança-virotes do Mestre
6689	T6_2H_DUALCROSSBOW_HELL@2	Master's Boltcasters	Lança-virotes do Mestre
6690	T6_2H_DUALCROSSBOW_HELL@3	Master's Boltcasters	Lança-virotes do Mestre
6691	T6_2H_DUALCROSSBOW_HELL@4	Master's Boltcasters	Lança-virotes do Mestre
6692	T7_2H_DUALCROSSBOW_HELL	Grandmaster's Boltcasters	Lança-virotes do Grão-mestre
6693	T7_2H_DUALCROSSBOW_HELL@1	Grandmaster's Boltcasters	Lança-virotes do Grão-mestre
6694	T7_2H_DUALCROSSBOW_HELL@2	Grandmaster's Boltcasters	Lança-virotes do Grão-mestre
6695	T7_2H_DUALCROSSBOW_HELL@3	Grandmaster's Boltcasters	Lança-virotes do Grão-mestre
6696	T7_2H_DUALCROSSBOW_HELL@4	Grandmaster's Boltcasters	Lança-virotes do Grão-mestre
6697	T8_2H_DUALCROSSBOW_HELL	Elder's Boltcasters	Lança-virotes do Ancião
6698	T8_2H_DUALCROSSBOW_HELL@1	Elder's Boltcasters	Lança-virotes do Ancião
6699	T8_2H_DUALCROSSBOW_HELL@2	Elder's Boltcasters	Lança-virotes do Ancião
6700	T8_2H_DUALCROSSBOW_HELL@3	Elder's Boltcasters	Lança-virotes do Ancião
6701	T8_2H_DUALCROSSBOW_HELL@4	Elder's Boltcasters	Lança-virotes do Ancião
6702	T4_2H_CROSSBOWLARGE_MORGANA	Adept's Siegebow	Arco de Cerco do Adepto
6703	T4_2H_CROSSBOWLARGE_MORGANA@1	Adept's Siegebow	Arco de Cerco do Adepto
6704	T4_2H_CROSSBOWLARGE_MORGANA@2	Adept's Siegebow	Arco de Cerco do Adepto
6705	T4_2H_CROSSBOWLARGE_MORGANA@3	Adept's Siegebow	Arco de Cerco do Adepto
6706	T4_2H_CROSSBOWLARGE_MORGANA@4	Adept's Siegebow	Arco de Cerco do Adepto
6707	T5_2H_CROSSBOWLARGE_MORGANA	Expert's Siegebow	Arco de Cerco do Perito
6708	T5_2H_CROSSBOWLARGE_MORGANA@1	Expert's Siegebow	Arco de Cerco do Perito
6709	T5_2H_CROSSBOWLARGE_MORGANA@2	Expert's Siegebow	Arco de Cerco do Perito
6710	T5_2H_CROSSBOWLARGE_MORGANA@3	Expert's Siegebow	Arco de Cerco do Perito
6711	T5_2H_CROSSBOWLARGE_MORGANA@4	Expert's Siegebow	Arco de Cerco do Perito
6712	T6_2H_CROSSBOWLARGE_MORGANA	Master's Siegebow	Arco de Cerco do Mestre
6713	T6_2H_CROSSBOWLARGE_MORGANA@1	Master's Siegebow	Arco de Cerco do Mestre
6714	T6_2H_CROSSBOWLARGE_MORGANA@2	Master's Siegebow	Arco de Cerco do Mestre
6715	T6_2H_CROSSBOWLARGE_MORGANA@3	Master's Siegebow	Arco de Cerco do Mestre
6716	T6_2H_CROSSBOWLARGE_MORGANA@4	Master's Siegebow	Arco de Cerco do Mestre
6717	T7_2H_CROSSBOWLARGE_MORGANA	Grandmaster's Siegebow	Arco de Cerco do Grão-mestre
6718	T7_2H_CROSSBOWLARGE_MORGANA@1	Grandmaster's Siegebow	Arco de Cerco do Grão-mestre
6719	T7_2H_CROSSBOWLARGE_MORGANA@2	Grandmaster's Siegebow	Arco de Cerco do Grão-mestre
6720	T7_2H_CROSSBOWLARGE_MORGANA@3	Grandmaster's Siegebow	Arco de Cerco do Grão-mestre
6721	T7_2H_CROSSBOWLARGE_MORGANA@4	Grandmaster's Siegebow	Arco de Cerco do Grão-mestre
6722	T8_2H_CROSSBOWLARGE_MORGANA	Elder's Siegebow	Arco de Cerco do Ancião
6723	T8_2H_CROSSBOWLARGE_MORGANA@1	Elder's Siegebow	Arco de Cerco do Ancião
6724	T8_2H_CROSSBOWLARGE_MORGANA@2	Elder's Siegebow	Arco de Cerco do Ancião
6725	T8_2H_CROSSBOWLARGE_MORGANA@3	Elder's Siegebow	Arco de Cerco do Ancião
6726	T8_2H_CROSSBOWLARGE_MORGANA@4	Elder's Siegebow	Arco de Cerco do Ancião
6727	T4_2H_CROSSBOW_CANNON_AVALON	Adept's Energy Shaper	Modelador de Energia do Adepto
6728	T4_2H_CROSSBOW_CANNON_AVALON@1	Adept's Energy Shaper	Modelador de Energia do Adepto
6729	T4_2H_CROSSBOW_CANNON_AVALON@2	Adept's Energy Shaper	Modelador de Energia do Adepto
6730	T4_2H_CROSSBOW_CANNON_AVALON@3	Adept's Energy Shaper	Modelador de Energia do Adepto
6731	T4_2H_CROSSBOW_CANNON_AVALON@4	Adept's Energy Shaper	Modelador de Energia do Adepto
6732	T5_2H_CROSSBOW_CANNON_AVALON	Expert's Energy Shaper	Modelador de Energia do Perito
6733	T5_2H_CROSSBOW_CANNON_AVALON@1	Expert's Energy Shaper	Modelador de Energia do Perito
6734	T5_2H_CROSSBOW_CANNON_AVALON@2	Expert's Energy Shaper	Modelador de Energia do Perito
6735	T5_2H_CROSSBOW_CANNON_AVALON@3	Expert's Energy Shaper	Modelador de Energia do Perito
6736	T5_2H_CROSSBOW_CANNON_AVALON@4	Expert's Energy Shaper	Modelador de Energia do Perito
6737	T6_2H_CROSSBOW_CANNON_AVALON	Master's Energy Shaper	Modelador de Energia do Mestre
6738	T6_2H_CROSSBOW_CANNON_AVALON@1	Master's Energy Shaper	Modelador de Energia do Mestre
6739	T6_2H_CROSSBOW_CANNON_AVALON@2	Master's Energy Shaper	Modelador de Energia do Mestre
6740	T6_2H_CROSSBOW_CANNON_AVALON@3	Master's Energy Shaper	Modelador de Energia do Mestre
6741	T6_2H_CROSSBOW_CANNON_AVALON@4	Master's Energy Shaper	Modelador de Energia do Mestre
6742	T7_2H_CROSSBOW_CANNON_AVALON	Grandmaster's Energy Shaper	Modelador de Energia do Grão-mestre
6743	T7_2H_CROSSBOW_CANNON_AVALON@1	Grandmaster's Energy Shaper	Modelador de Energia do Grão-mestre
6744	T7_2H_CROSSBOW_CANNON_AVALON@2	Grandmaster's Energy Shaper	Modelador de Energia do Grão-mestre
6745	T7_2H_CROSSBOW_CANNON_AVALON@3	Grandmaster's Energy Shaper	Modelador de Energia do Grão-mestre
6746	T7_2H_CROSSBOW_CANNON_AVALON@4	Grandmaster's Energy Shaper	Modelador de Energia do Grão-mestre
6747	T8_2H_CROSSBOW_CANNON_AVALON	Elder's Energy Shaper	Modelador de Energia do Ancião
6748	T8_2H_CROSSBOW_CANNON_AVALON@1	Elder's Energy Shaper	Modelador de Energia do Ancião
6749	T8_2H_CROSSBOW_CANNON_AVALON@2	Elder's Energy Shaper	Modelador de Energia do Ancião
6750	T8_2H_CROSSBOW_CANNON_AVALON@3	Elder's Energy Shaper	Modelador de Energia do Ancião
6751	T8_2H_CROSSBOW_CANNON_AVALON@4	Elder's Energy Shaper	Modelador de Energia do Ancião
6752	T4_2H_DUALCROSSBOW_CRYSTAL	Adept's Arclight Blasters	Detonadores Reluzentes do Adepto
6753	T4_2H_DUALCROSSBOW_CRYSTAL@1	Adept's Arclight Blasters	Detonadores Reluzentes do Adepto
6754	T4_2H_DUALCROSSBOW_CRYSTAL@2	Adept's Arclight Blasters	Detonadores Reluzentes do Adepto
6755	T4_2H_DUALCROSSBOW_CRYSTAL@3	Adept's Arclight Blasters	Detonadores Reluzentes do Adepto
6756	T4_2H_DUALCROSSBOW_CRYSTAL@4	Adept's Arclight Blasters	Detonadores Reluzentes do Adepto
6757	T5_2H_DUALCROSSBOW_CRYSTAL	Expert's Arclight Blasters	Detonadores Reluzentes do Perito
6758	T5_2H_DUALCROSSBOW_CRYSTAL@1	Expert's Arclight Blasters	Detonadores Reluzentes do Perito
6759	T5_2H_DUALCROSSBOW_CRYSTAL@2	Expert's Arclight Blasters	Detonadores Reluzentes do Perito
6760	T5_2H_DUALCROSSBOW_CRYSTAL@3	Expert's Arclight Blasters	Detonadores Reluzentes do Perito
6761	T5_2H_DUALCROSSBOW_CRYSTAL@4	Expert's Arclight Blasters	Detonadores Reluzentes do Perito
6762	T6_2H_DUALCROSSBOW_CRYSTAL	Master's Arclight Blasters	Detonadores Reluzentes do Mestre
6763	T6_2H_DUALCROSSBOW_CRYSTAL@1	Master's Arclight Blasters	Detonadores Reluzentes do Mestre
6764	T6_2H_DUALCROSSBOW_CRYSTAL@2	Master's Arclight Blasters	Detonadores Reluzentes do Mestre
6765	T6_2H_DUALCROSSBOW_CRYSTAL@3	Master's Arclight Blasters	Detonadores Reluzentes do Mestre
6766	T6_2H_DUALCROSSBOW_CRYSTAL@4	Master's Arclight Blasters	Detonadores Reluzentes do Mestre
6767	T7_2H_DUALCROSSBOW_CRYSTAL	Grandmaster's Arclight Blasters	Detonadores Reluzentes do Grão-mestre
6768	T7_2H_DUALCROSSBOW_CRYSTAL@1	Grandmaster's Arclight Blasters	Detonadores Reluzentes do Grão-mestre
6769	T7_2H_DUALCROSSBOW_CRYSTAL@2	Grandmaster's Arclight Blasters	Detonadores Reluzentes do Grão-mestre
6770	T7_2H_DUALCROSSBOW_CRYSTAL@3	Grandmaster's Arclight Blasters	Detonadores Reluzentes do Grão-mestre
6771	T7_2H_DUALCROSSBOW_CRYSTAL@4	Grandmaster's Arclight Blasters	Detonadores Reluzentes do Grão-mestre
6772	T8_2H_DUALCROSSBOW_CRYSTAL	Elder's Arclight Blasters	Detonadores Reluzentes do Ancião
6773	T8_2H_DUALCROSSBOW_CRYSTAL@1	Elder's Arclight Blasters	Detonadores Reluzentes do Ancião
6774	T8_2H_DUALCROSSBOW_CRYSTAL@2	Elder's Arclight Blasters	Detonadores Reluzentes do Ancião
6775	T8_2H_DUALCROSSBOW_CRYSTAL@3	Elder's Arclight Blasters	Detonadores Reluzentes do Ancião
6776	T8_2H_DUALCROSSBOW_CRYSTAL@4	Elder's Arclight Blasters	Detonadores Reluzentes do Ancião
6777	T3_MAIN_CURSEDSTAFF	Journeyman's Cursed Staff	Cajado Amaldiçoado do Iniciante
6778	T4_MAIN_CURSEDSTAFF	Adept's Cursed Staff	Cajado Amaldiçoado do Adepto
6779	T4_MAIN_CURSEDSTAFF@1	Adept's Cursed Staff	Cajado Amaldiçoado do Adepto
6780	T4_MAIN_CURSEDSTAFF@2	Adept's Cursed Staff	Cajado Amaldiçoado do Adepto
6781	T4_MAIN_CURSEDSTAFF@3	Adept's Cursed Staff	Cajado Amaldiçoado do Adepto
6782	T4_MAIN_CURSEDSTAFF@4	Adept's Cursed Staff	Cajado Amaldiçoado do Adepto
6783	T5_MAIN_CURSEDSTAFF	Expert's Cursed Staff	Cajado Amaldiçoado do Perito
6784	T5_MAIN_CURSEDSTAFF@1	Expert's Cursed Staff	Cajado Amaldiçoado do Perito
6785	T5_MAIN_CURSEDSTAFF@2	Expert's Cursed Staff	Cajado Amaldiçoado do Perito
6786	T5_MAIN_CURSEDSTAFF@3	Expert's Cursed Staff	Cajado Amaldiçoado do Perito
6787	T5_MAIN_CURSEDSTAFF@4	Expert's Cursed Staff	Cajado Amaldiçoado do Perito
6788	T6_MAIN_CURSEDSTAFF	Master's Cursed Staff	Cajado Amaldiçoado do Mestre
6789	T6_MAIN_CURSEDSTAFF@1	Master's Cursed Staff	Cajado Amaldiçoado do Mestre
6790	T6_MAIN_CURSEDSTAFF@2	Master's Cursed Staff	Cajado Amaldiçoado do Mestre
6791	T6_MAIN_CURSEDSTAFF@3	Master's Cursed Staff	Cajado Amaldiçoado do Mestre
6792	T6_MAIN_CURSEDSTAFF@4	Master's Cursed Staff	Cajado Amaldiçoado do Mestre
6793	T7_MAIN_CURSEDSTAFF	Grandmaster's Cursed Staff	Cajado Amaldiçoado do Grão-mestre
6794	T7_MAIN_CURSEDSTAFF@1	Grandmaster's Cursed Staff	Cajado Amaldiçoado do Grão-mestre
6795	T7_MAIN_CURSEDSTAFF@2	Grandmaster's Cursed Staff	Cajado Amaldiçoado do Grão-mestre
6796	T7_MAIN_CURSEDSTAFF@3	Grandmaster's Cursed Staff	Cajado Amaldiçoado do Grão-mestre
6797	T7_MAIN_CURSEDSTAFF@4	Grandmaster's Cursed Staff	Cajado Amaldiçoado do Grão-mestre
6798	T8_MAIN_CURSEDSTAFF	Elder's Cursed Staff	Cajado Amaldiçoado do Ancião
6799	T8_MAIN_CURSEDSTAFF@1	Elder's Cursed Staff	Cajado Amaldiçoado do Ancião
6800	T8_MAIN_CURSEDSTAFF@2	Elder's Cursed Staff	Cajado Amaldiçoado do Ancião
6801	T8_MAIN_CURSEDSTAFF@3	Elder's Cursed Staff	Cajado Amaldiçoado do Ancião
6802	T8_MAIN_CURSEDSTAFF@4	Elder's Cursed Staff	Cajado Amaldiçoado do Ancião
6803	T4_2H_CURSEDSTAFF	Adept's Great Cursed Staff	Cajado Amaldiçoado Elevado do Adepto
6804	T4_2H_CURSEDSTAFF@1	Adept's Great Cursed Staff	Cajado Amaldiçoado Elevado do Adepto
6805	T4_2H_CURSEDSTAFF@2	Adept's Great Cursed Staff	Cajado Amaldiçoado Elevado do Adepto
6806	T4_2H_CURSEDSTAFF@3	Adept's Great Cursed Staff	Cajado Amaldiçoado Elevado do Adepto
6807	T4_2H_CURSEDSTAFF@4	Adept's Great Cursed Staff	Cajado Amaldiçoado Elevado do Adepto
6808	T5_2H_CURSEDSTAFF	Expert's Great Cursed Staff	Cajado Amaldiçoado Elevado do Perito
6809	T5_2H_CURSEDSTAFF@1	Expert's Great Cursed Staff	Cajado Amaldiçoado Elevado do Perito
6810	T5_2H_CURSEDSTAFF@2	Expert's Great Cursed Staff	Cajado Amaldiçoado Elevado do Perito
6811	T5_2H_CURSEDSTAFF@3	Expert's Great Cursed Staff	Cajado Amaldiçoado Elevado do Perito
6812	T5_2H_CURSEDSTAFF@4	Expert's Great Cursed Staff	Cajado Amaldiçoado Elevado do Perito
6813	T6_2H_CURSEDSTAFF	Master's Great Cursed Staff	Cajado Amaldiçoado Elevado do Mestre
6814	T6_2H_CURSEDSTAFF@1	Master's Great Cursed Staff	Cajado Amaldiçoado Elevado do Mestre
6815	T6_2H_CURSEDSTAFF@2	Master's Great Cursed Staff	Cajado Amaldiçoado Elevado do Mestre
6816	T6_2H_CURSEDSTAFF@3	Master's Great Cursed Staff	Cajado Amaldiçoado Elevado do Mestre
6817	T6_2H_CURSEDSTAFF@4	Master's Great Cursed Staff	Cajado Amaldiçoado Elevado do Mestre
6818	T7_2H_CURSEDSTAFF	Grandmaster's Great Cursed Staff	Cajado Amaldiçoado Elevado do Grão-mestre
6819	T7_2H_CURSEDSTAFF@1	Grandmaster's Great Cursed Staff	Cajado Amaldiçoado Elevado do Grão-mestre
6820	T7_2H_CURSEDSTAFF@2	Grandmaster's Great Cursed Staff	Cajado Amaldiçoado Elevado do Grão-mestre
6821	T7_2H_CURSEDSTAFF@3	Grandmaster's Great Cursed Staff	Cajado Amaldiçoado Elevado do Grão-mestre
6822	T7_2H_CURSEDSTAFF@4	Grandmaster's Great Cursed Staff	Cajado Amaldiçoado Elevado do Grão-mestre
6823	T8_2H_CURSEDSTAFF	Elder's Great Cursed Staff	Cajado Amaldiçoado Elevado do Ancião
6824	T8_2H_CURSEDSTAFF@1	Elder's Great Cursed Staff	Cajado Amaldiçoado Elevado do Ancião
6825	T8_2H_CURSEDSTAFF@2	Elder's Great Cursed Staff	Cajado Amaldiçoado Elevado do Ancião
6826	T8_2H_CURSEDSTAFF@3	Elder's Great Cursed Staff	Cajado Amaldiçoado Elevado do Ancião
6827	T8_2H_CURSEDSTAFF@4	Elder's Great Cursed Staff	Cajado Amaldiçoado Elevado do Ancião
6828	T4_2H_DEMONICSTAFF	Adept's Demonic Staff	Cajado Demoníaco do Adepto
6829	T4_2H_DEMONICSTAFF@1	Adept's Demonic Staff	Cajado Demoníaco do Adepto
6830	T4_2H_DEMONICSTAFF@2	Adept's Demonic Staff	Cajado Demoníaco do Adepto
6831	T4_2H_DEMONICSTAFF@3	Adept's Demonic Staff	Cajado Demoníaco do Adepto
6832	T4_2H_DEMONICSTAFF@4	Adept's Demonic Staff	Cajado Demoníaco do Adepto
6833	T5_2H_DEMONICSTAFF	Expert's Demonic Staff	Cajado Demoníaco do Perito
6834	T5_2H_DEMONICSTAFF@1	Expert's Demonic Staff	Cajado Demoníaco do Perito
6835	T5_2H_DEMONICSTAFF@2	Expert's Demonic Staff	Cajado Demoníaco do Perito
6836	T5_2H_DEMONICSTAFF@3	Expert's Demonic Staff	Cajado Demoníaco do Perito
6837	T5_2H_DEMONICSTAFF@4	Expert's Demonic Staff	Cajado Demoníaco do Perito
6838	T6_2H_DEMONICSTAFF	Master's Demonic Staff	Cajado Demoníaco do Mestre
6839	T6_2H_DEMONICSTAFF@1	Master's Demonic Staff	Cajado Demoníaco do Mestre
6840	T6_2H_DEMONICSTAFF@2	Master's Demonic Staff	Cajado Demoníaco do Mestre
6841	T6_2H_DEMONICSTAFF@3	Master's Demonic Staff	Cajado Demoníaco do Mestre
6842	T6_2H_DEMONICSTAFF@4	Master's Demonic Staff	Cajado Demoníaco do Mestre
6843	T7_2H_DEMONICSTAFF	Grandmaster's Demonic Staff	Cajado Demoníaco do Grão-mestre
6844	T7_2H_DEMONICSTAFF@1	Grandmaster's Demonic Staff	Cajado Demoníaco do Grão-mestre
6845	T7_2H_DEMONICSTAFF@2	Grandmaster's Demonic Staff	Cajado Demoníaco do Grão-mestre
6846	T7_2H_DEMONICSTAFF@3	Grandmaster's Demonic Staff	Cajado Demoníaco do Grão-mestre
6847	T7_2H_DEMONICSTAFF@4	Grandmaster's Demonic Staff	Cajado Demoníaco do Grão-mestre
6848	T8_2H_DEMONICSTAFF	Elder's Demonic Staff	Cajado Demoníaco do Ancião
6849	T8_2H_DEMONICSTAFF@1	Elder's Demonic Staff	Cajado Demoníaco do Ancião
6850	T8_2H_DEMONICSTAFF@2	Elder's Demonic Staff	Cajado Demoníaco do Ancião
6851	T8_2H_DEMONICSTAFF@3	Elder's Demonic Staff	Cajado Demoníaco do Ancião
6852	T8_2H_DEMONICSTAFF@4	Elder's Demonic Staff	Cajado Demoníaco do Ancião
6853	T4_MAIN_CURSEDSTAFF_UNDEAD	Adept's Lifecurse Staff	Cajado Execrado do Adepto
6854	T4_MAIN_CURSEDSTAFF_UNDEAD@1	Adept's Lifecurse Staff	Cajado Execrado do Adepto
6855	T4_MAIN_CURSEDSTAFF_UNDEAD@2	Adept's Lifecurse Staff	Cajado Execrado do Adepto
6856	T4_MAIN_CURSEDSTAFF_UNDEAD@3	Adept's Lifecurse Staff	Cajado Execrado do Adepto
6857	T4_MAIN_CURSEDSTAFF_UNDEAD@4	Adept's Lifecurse Staff	Cajado Execrado do Adepto
6858	T5_MAIN_CURSEDSTAFF_UNDEAD	Expert's Lifecurse Staff	Cajado Execrado do Perito
6859	T5_MAIN_CURSEDSTAFF_UNDEAD@1	Expert's Lifecurse Staff	Cajado Execrado do Perito
6860	T5_MAIN_CURSEDSTAFF_UNDEAD@2	Expert's Lifecurse Staff	Cajado Execrado do Perito
6861	T5_MAIN_CURSEDSTAFF_UNDEAD@3	Expert's Lifecurse Staff	Cajado Execrado do Perito
6862	T5_MAIN_CURSEDSTAFF_UNDEAD@4	Expert's Lifecurse Staff	Cajado Execrado do Perito
6863	T6_MAIN_CURSEDSTAFF_UNDEAD	Master's Lifecurse Staff	Cajado Execrado do Mestre
6864	T6_MAIN_CURSEDSTAFF_UNDEAD@1	Master's Lifecurse Staff	Cajado Execrado do Mestre
6865	T6_MAIN_CURSEDSTAFF_UNDEAD@2	Master's Lifecurse Staff	Cajado Execrado do Mestre
6866	T6_MAIN_CURSEDSTAFF_UNDEAD@3	Master's Lifecurse Staff	Cajado Execrado do Mestre
6867	T6_MAIN_CURSEDSTAFF_UNDEAD@4	Master's Lifecurse Staff	Cajado Execrado do Mestre
6868	T7_MAIN_CURSEDSTAFF_UNDEAD	Grandmaster's Lifecurse Staff	Cajado Execrado do Grão-mestre
6869	T7_MAIN_CURSEDSTAFF_UNDEAD@1	Grandmaster's Lifecurse Staff	Cajado Execrado do Grão-mestre
6870	T7_MAIN_CURSEDSTAFF_UNDEAD@2	Grandmaster's Lifecurse Staff	Cajado Execrado do Grão-mestre
6871	T7_MAIN_CURSEDSTAFF_UNDEAD@3	Grandmaster's Lifecurse Staff	Cajado Execrado do Grão-mestre
6872	T7_MAIN_CURSEDSTAFF_UNDEAD@4	Grandmaster's Lifecurse Staff	Cajado Execrado do Grão-mestre
6873	T8_MAIN_CURSEDSTAFF_UNDEAD	Elder's Lifecurse Staff	Cajado Execrado do Ancião
6874	T8_MAIN_CURSEDSTAFF_UNDEAD@1	Elder's Lifecurse Staff	Cajado Execrado do Ancião
6875	T8_MAIN_CURSEDSTAFF_UNDEAD@2	Elder's Lifecurse Staff	Cajado Execrado do Ancião
6876	T8_MAIN_CURSEDSTAFF_UNDEAD@3	Elder's Lifecurse Staff	Cajado Execrado do Ancião
6877	T8_MAIN_CURSEDSTAFF_UNDEAD@4	Elder's Lifecurse Staff	Cajado Execrado do Ancião
6878	T4_2H_SKULLORB_HELL	Adept's Cursed Skull	Caveira Amaldiçoada do Adepto
6879	T4_2H_SKULLORB_HELL@1	Adept's Cursed Skull	Caveira Amaldiçoada do Adepto
6880	T4_2H_SKULLORB_HELL@2	Adept's Cursed Skull	Caveira Amaldiçoada do Adepto
6881	T4_2H_SKULLORB_HELL@3	Adept's Cursed Skull	Caveira Amaldiçoada do Adepto
6882	T4_2H_SKULLORB_HELL@4	Adept's Cursed Skull	Caveira Amaldiçoada do Adepto
6883	T5_2H_SKULLORB_HELL	Expert's Cursed Skull	Caveira Amaldiçoada do Perito
6884	T5_2H_SKULLORB_HELL@1	Expert's Cursed Skull	Caveira Amaldiçoada do Perito
6885	T5_2H_SKULLORB_HELL@2	Expert's Cursed Skull	Caveira Amaldiçoada do Perito
6886	T5_2H_SKULLORB_HELL@3	Expert's Cursed Skull	Caveira Amaldiçoada do Perito
6887	T5_2H_SKULLORB_HELL@4	Expert's Cursed Skull	Caveira Amaldiçoada do Perito
6888	T6_2H_SKULLORB_HELL	Master's Cursed Skull	Caveira Amaldiçoada do Mestre
6889	T6_2H_SKULLORB_HELL@1	Master's Cursed Skull	Caveira Amaldiçoada do Mestre
6890	T6_2H_SKULLORB_HELL@2	Master's Cursed Skull	Caveira Amaldiçoada do Mestre
6891	T6_2H_SKULLORB_HELL@3	Master's Cursed Skull	Caveira Amaldiçoada do Mestre
6892	T6_2H_SKULLORB_HELL@4	Master's Cursed Skull	Caveira Amaldiçoada do Mestre
6893	T7_2H_SKULLORB_HELL	Grandmaster's Cursed Skull	Caveira Amaldiçoada do Grão-mestre
6894	T7_2H_SKULLORB_HELL@1	Grandmaster's Cursed Skull	Caveira Amaldiçoada do Grão-mestre
6895	T7_2H_SKULLORB_HELL@2	Grandmaster's Cursed Skull	Caveira Amaldiçoada do Grão-mestre
6896	T7_2H_SKULLORB_HELL@3	Grandmaster's Cursed Skull	Caveira Amaldiçoada do Grão-mestre
6897	T7_2H_SKULLORB_HELL@4	Grandmaster's Cursed Skull	Caveira Amaldiçoada do Grão-mestre
6898	T8_2H_SKULLORB_HELL	Elder's Cursed Skull	Caveira Amaldiçoada do Ancião
6899	T8_2H_SKULLORB_HELL@1	Elder's Cursed Skull	Caveira Amaldiçoada do Ancião
6900	T8_2H_SKULLORB_HELL@2	Elder's Cursed Skull	Caveira Amaldiçoada do Ancião
6901	T8_2H_SKULLORB_HELL@3	Elder's Cursed Skull	Caveira Amaldiçoada do Ancião
6902	T8_2H_SKULLORB_HELL@4	Elder's Cursed Skull	Caveira Amaldiçoada do Ancião
6903	T4_2H_CURSEDSTAFF_MORGANA	Adept's Damnation Staff	Cajado da Danação do Adepto
6904	T4_2H_CURSEDSTAFF_MORGANA@1	Adept's Damnation Staff	Cajado da Danação do Adepto
6905	T4_2H_CURSEDSTAFF_MORGANA@2	Adept's Damnation Staff	Cajado da Danação do Adepto
6906	T4_2H_CURSEDSTAFF_MORGANA@3	Adept's Damnation Staff	Cajado da Danação do Adepto
6907	T4_2H_CURSEDSTAFF_MORGANA@4	Adept's Damnation Staff	Cajado da Danação do Adepto
6908	T5_2H_CURSEDSTAFF_MORGANA	Expert's Damnation Staff	Cajado da Danação do Perito
6909	T5_2H_CURSEDSTAFF_MORGANA@1	Expert's Damnation Staff	Cajado da Danação do Perito
6910	T5_2H_CURSEDSTAFF_MORGANA@2	Expert's Damnation Staff	Cajado da Danação do Perito
6911	T5_2H_CURSEDSTAFF_MORGANA@3	Expert's Damnation Staff	Cajado da Danação do Perito
6912	T5_2H_CURSEDSTAFF_MORGANA@4	Expert's Damnation Staff	Cajado da Danação do Perito
6913	T6_2H_CURSEDSTAFF_MORGANA	Master's Damnation Staff	Cajado da Danação do Mestre
6914	T6_2H_CURSEDSTAFF_MORGANA@1	Master's Damnation Staff	Cajado da Danação do Mestre
6915	T6_2H_CURSEDSTAFF_MORGANA@2	Master's Damnation Staff	Cajado da Danação do Mestre
6916	T6_2H_CURSEDSTAFF_MORGANA@3	Master's Damnation Staff	Cajado da Danação do Mestre
6917	T6_2H_CURSEDSTAFF_MORGANA@4	Master's Damnation Staff	Cajado da Danação do Mestre
6918	T7_2H_CURSEDSTAFF_MORGANA	Grandmaster's Damnation Staff	Cajado da Danação do Grão-mestre
6919	T7_2H_CURSEDSTAFF_MORGANA@1	Grandmaster's Damnation Staff	Cajado da Danação do Grão-mestre
6920	T7_2H_CURSEDSTAFF_MORGANA@2	Grandmaster's Damnation Staff	Cajado da Danação do Grão-mestre
6921	T7_2H_CURSEDSTAFF_MORGANA@3	Grandmaster's Damnation Staff	Cajado da Danação do Grão-mestre
6922	T7_2H_CURSEDSTAFF_MORGANA@4	Grandmaster's Damnation Staff	Cajado da Danação do Grão-mestre
6923	T8_2H_CURSEDSTAFF_MORGANA	Elder's Damnation Staff	Cajado da Danação do Ancião
6924	T8_2H_CURSEDSTAFF_MORGANA@1	Elder's Damnation Staff	Cajado da Danação do Ancião
6925	T8_2H_CURSEDSTAFF_MORGANA@2	Elder's Damnation Staff	Cajado da Danação do Ancião
6926	T8_2H_CURSEDSTAFF_MORGANA@3	Elder's Damnation Staff	Cajado da Danação do Ancião
6927	T8_2H_CURSEDSTAFF_MORGANA@4	Elder's Damnation Staff	Cajado da Danação do Ancião
6928	T4_MAIN_CURSEDSTAFF_AVALON	Adept's Shadowcaller	Chama-sombra do Adepto
6929	T4_MAIN_CURSEDSTAFF_AVALON@1	Adept's Shadowcaller	Chama-sombra do Adepto
6930	T4_MAIN_CURSEDSTAFF_AVALON@2	Adept's Shadowcaller	Chama-sombra do Adepto
6931	T4_MAIN_CURSEDSTAFF_AVALON@3	Adept's Shadowcaller	Chama-sombra do Adepto
6932	T4_MAIN_CURSEDSTAFF_AVALON@4	Adept's Shadowcaller	Chama-sombra do Adepto
6933	T5_MAIN_CURSEDSTAFF_AVALON	Expert's Shadowcaller	Chama-sombra do Perito
6934	T5_MAIN_CURSEDSTAFF_AVALON@1	Expert's Shadowcaller	Chama-sombra do Perito
6935	T5_MAIN_CURSEDSTAFF_AVALON@2	Expert's Shadowcaller	Chama-sombra do Perito
6936	T5_MAIN_CURSEDSTAFF_AVALON@3	Expert's Shadowcaller	Chama-sombra do Perito
6937	T5_MAIN_CURSEDSTAFF_AVALON@4	Expert's Shadowcaller	Chama-sombra do Perito
6938	T6_MAIN_CURSEDSTAFF_AVALON	Master's Shadowcaller	Chama-sombra do Mestre
6939	T6_MAIN_CURSEDSTAFF_AVALON@1	Master's Shadowcaller	Chama-sombra do Mestre
6940	T6_MAIN_CURSEDSTAFF_AVALON@2	Master's Shadowcaller	Chama-sombra do Mestre
6941	T6_MAIN_CURSEDSTAFF_AVALON@3	Master's Shadowcaller	Chama-sombra do Mestre
6942	T6_MAIN_CURSEDSTAFF_AVALON@4	Master's Shadowcaller	Chama-sombra do Mestre
6943	T7_MAIN_CURSEDSTAFF_AVALON	Grandmaster's Shadowcaller	Chama-sombra do Grão-mestre
6944	T7_MAIN_CURSEDSTAFF_AVALON@1	Grandmaster's Shadowcaller	Chama-sombra do Grão-mestre
6945	T7_MAIN_CURSEDSTAFF_AVALON@2	Grandmaster's Shadowcaller	Chama-sombra do Grão-mestre
6946	T7_MAIN_CURSEDSTAFF_AVALON@3	Grandmaster's Shadowcaller	Chama-sombra do Grão-mestre
6947	T7_MAIN_CURSEDSTAFF_AVALON@4	Grandmaster's Shadowcaller	Chama-sombra do Grão-mestre
6948	T8_MAIN_CURSEDSTAFF_AVALON	Elder's Shadowcaller	Chama-sombra do Ancião
6949	T8_MAIN_CURSEDSTAFF_AVALON@1	Elder's Shadowcaller	Chama-sombra do Ancião
6950	T8_MAIN_CURSEDSTAFF_AVALON@2	Elder's Shadowcaller	Chama-sombra do Ancião
6951	T8_MAIN_CURSEDSTAFF_AVALON@3	Elder's Shadowcaller	Chama-sombra do Ancião
6952	T8_MAIN_CURSEDSTAFF_AVALON@4	Elder's Shadowcaller	Chama-sombra do Ancião
6953	T4_MAIN_CURSEDSTAFF_CRYSTAL	Adept's Rotcaller Staff	Cajado Pútrido do Adepto
6954	T4_MAIN_CURSEDSTAFF_CRYSTAL@1	Adept's Rotcaller Staff	Cajado Pútrido do Adepto
6955	T4_MAIN_CURSEDSTAFF_CRYSTAL@2	Adept's Rotcaller Staff	Cajado Pútrido do Adepto
6956	T4_MAIN_CURSEDSTAFF_CRYSTAL@3	Adept's Rotcaller Staff	Cajado Pútrido do Adepto
6957	T4_MAIN_CURSEDSTAFF_CRYSTAL@4	Adept's Rotcaller Staff	Cajado Pútrido do Adepto
6958	T5_MAIN_CURSEDSTAFF_CRYSTAL	Expert's Rotcaller Staff	Cajado Pútrido do Perito
6959	T5_MAIN_CURSEDSTAFF_CRYSTAL@1	Expert's Rotcaller Staff	Cajado Pútrido do Perito
6960	T5_MAIN_CURSEDSTAFF_CRYSTAL@2	Expert's Rotcaller Staff	Cajado Pútrido do Perito
6961	T5_MAIN_CURSEDSTAFF_CRYSTAL@3	Expert's Rotcaller Staff	Cajado Pútrido do Perito
6962	T5_MAIN_CURSEDSTAFF_CRYSTAL@4	Expert's Rotcaller Staff	Cajado Pútrido do Perito
6963	T6_MAIN_CURSEDSTAFF_CRYSTAL	Master's Rotcaller Staff	Cajado Pútrido do Mestre
6964	T6_MAIN_CURSEDSTAFF_CRYSTAL@1	Master's Rotcaller Staff	Cajado Pútrido do Mestre
6965	T6_MAIN_CURSEDSTAFF_CRYSTAL@2	Master's Rotcaller Staff	Cajado Pútrido do Mestre
6966	T6_MAIN_CURSEDSTAFF_CRYSTAL@3	Master's Rotcaller Staff	Cajado Pútrido do Mestre
6967	T6_MAIN_CURSEDSTAFF_CRYSTAL@4	Master's Rotcaller Staff	Cajado Pútrido do Mestre
6968	T7_MAIN_CURSEDSTAFF_CRYSTAL	Grandmaster's Rotcaller Staff	Cajado Pútrido do Grão-mestre
6969	T7_MAIN_CURSEDSTAFF_CRYSTAL@1	Grandmaster's Rotcaller Staff	Cajado Pútrido do Grão-mestre
6970	T7_MAIN_CURSEDSTAFF_CRYSTAL@2	Grandmaster's Rotcaller Staff	Cajado Pútrido do Grão-mestre
6971	T7_MAIN_CURSEDSTAFF_CRYSTAL@3	Grandmaster's Rotcaller Staff	Cajado Pútrido do Grão-mestre
6972	T7_MAIN_CURSEDSTAFF_CRYSTAL@4	Grandmaster's Rotcaller Staff	Cajado Pútrido do Grão-mestre
6973	T8_MAIN_CURSEDSTAFF_CRYSTAL	Elder's Rotcaller Staff	Cajado Pútrido do Ancião
6974	T8_MAIN_CURSEDSTAFF_CRYSTAL@1	Elder's Rotcaller Staff	Cajado Pútrido do Ancião
6975	T8_MAIN_CURSEDSTAFF_CRYSTAL@2	Elder's Rotcaller Staff	Cajado Pútrido do Ancião
6976	T8_MAIN_CURSEDSTAFF_CRYSTAL@3	Elder's Rotcaller Staff	Cajado Pútrido do Ancião
6977	T8_MAIN_CURSEDSTAFF_CRYSTAL@4	Elder's Rotcaller Staff	Cajado Pútrido do Ancião
6978	T2_MAIN_FIRESTAFF	Novice's Fire Staff	Cajado de Fogo do Novato
6979	T3_MAIN_FIRESTAFF	Journeyman's Fire Staff	Cajado de Fogo do Iniciante
6980	T4_MAIN_FIRESTAFF	Adept's Fire Staff	Cajado de Fogo do Adepto
6981	T4_MAIN_FIRESTAFF@1	Adept's Fire Staff	Cajado de Fogo do Adepto
6982	T4_MAIN_FIRESTAFF@2	Adept's Fire Staff	Cajado de Fogo do Adepto
6983	T4_MAIN_FIRESTAFF@3	Adept's Fire Staff	Cajado de Fogo do Adepto
6984	T4_MAIN_FIRESTAFF@4	Adept's Fire Staff	Cajado de Fogo do Adepto
6985	T5_MAIN_FIRESTAFF	Expert's Fire Staff	Cajado de Fogo do Perito
6986	T5_MAIN_FIRESTAFF@1	Expert's Fire Staff	Cajado de Fogo do Perito
6987	T5_MAIN_FIRESTAFF@2	Expert's Fire Staff	Cajado de Fogo do Perito
6988	T5_MAIN_FIRESTAFF@3	Expert's Fire Staff	Cajado de Fogo do Perito
6989	T5_MAIN_FIRESTAFF@4	Expert's Fire Staff	Cajado de Fogo do Perito
6990	T6_MAIN_FIRESTAFF	Master's Fire Staff	Cajado de Fogo do Mestre
6991	T6_MAIN_FIRESTAFF@1	Master's Fire Staff	Cajado de Fogo do Mestre
6992	T6_MAIN_FIRESTAFF@2	Master's Fire Staff	Cajado de Fogo do Mestre
6993	T6_MAIN_FIRESTAFF@3	Master's Fire Staff	Cajado de Fogo do Mestre
6994	T6_MAIN_FIRESTAFF@4	Master's Fire Staff	Cajado de Fogo do Mestre
6995	T7_MAIN_FIRESTAFF	Grandmaster's Fire Staff	Cajado de Fogo do Grão-mestre
6996	T7_MAIN_FIRESTAFF@1	Grandmaster's Fire Staff	Cajado de Fogo do Grão-mestre
6997	T7_MAIN_FIRESTAFF@2	Grandmaster's Fire Staff	Cajado de Fogo do Grão-mestre
6998	T7_MAIN_FIRESTAFF@3	Grandmaster's Fire Staff	Cajado de Fogo do Grão-mestre
6999	T7_MAIN_FIRESTAFF@4	Grandmaster's Fire Staff	Cajado de Fogo do Grão-mestre
7000	T8_MAIN_FIRESTAFF	Elder's Fire Staff	Cajado de Fogo do Ancião
7001	T8_MAIN_FIRESTAFF@1	Elder's Fire Staff	Cajado de Fogo do Ancião
7002	T8_MAIN_FIRESTAFF@2	Elder's Fire Staff	Cajado de Fogo do Ancião
7003	T8_MAIN_FIRESTAFF@3	Elder's Fire Staff	Cajado de Fogo do Ancião
7004	T8_MAIN_FIRESTAFF@4	Elder's Fire Staff	Cajado de Fogo do Ancião
7005	T4_2H_FIRESTAFF	Adept's Great Fire Staff	Cajado de Fogo Elevado do Adepto
7006	T4_2H_FIRESTAFF@1	Adept's Great Fire Staff	Cajado de Fogo Elevado do Adepto
7007	T4_2H_FIRESTAFF@2	Adept's Great Fire Staff	Cajado de Fogo Elevado do Adepto
7008	T4_2H_FIRESTAFF@3	Adept's Great Fire Staff	Cajado de Fogo Elevado do Adepto
7009	T4_2H_FIRESTAFF@4	Adept's Great Fire Staff	Cajado de Fogo Elevado do Adepto
7010	T5_2H_FIRESTAFF	Expert's Great Fire Staff	Cajado de Fogo Elevado do Perito
7011	T5_2H_FIRESTAFF@1	Expert's Great Fire Staff	Cajado de Fogo Elevado do Perito
7012	T5_2H_FIRESTAFF@2	Expert's Great Fire Staff	Cajado de Fogo Elevado do Perito
7013	T5_2H_FIRESTAFF@3	Expert's Great Fire Staff	Cajado de Fogo Elevado do Perito
7014	T5_2H_FIRESTAFF@4	Expert's Great Fire Staff	Cajado de Fogo Elevado do Perito
7015	T6_2H_FIRESTAFF	Master's Great Fire Staff	Cajado de Fogo Elevado do Mestre
7016	T6_2H_FIRESTAFF@1	Master's Great Fire Staff	Cajado de Fogo Elevado do Mestre
7017	T6_2H_FIRESTAFF@2	Master's Great Fire Staff	Cajado de Fogo Elevado do Mestre
7018	T6_2H_FIRESTAFF@3	Master's Great Fire Staff	Cajado de Fogo Elevado do Mestre
7019	T6_2H_FIRESTAFF@4	Master's Great Fire Staff	Cajado de Fogo Elevado do Mestre
7020	T7_2H_FIRESTAFF	Grandmaster's Great Fire Staff	Cajado de Fogo Elevado do Grão-mestre
7021	T7_2H_FIRESTAFF@1	Grandmaster's Great Fire Staff	Cajado de Fogo Elevado do Grão-mestre
7022	T7_2H_FIRESTAFF@2	Grandmaster's Great Fire Staff	Cajado de Fogo Elevado do Grão-mestre
7023	T7_2H_FIRESTAFF@3	Grandmaster's Great Fire Staff	Cajado de Fogo Elevado do Grão-mestre
7024	T7_2H_FIRESTAFF@4	Grandmaster's Great Fire Staff	Cajado de Fogo Elevado do Grão-mestre
7025	T8_2H_FIRESTAFF	Vendetta's Wrath	Fúria de Vendetta
7026	T8_2H_FIRESTAFF@1	Vendetta's Wrath	Fúria de Vendetta
7027	T8_2H_FIRESTAFF@2	Vendetta's Wrath	Fúria de Vendetta
7028	T8_2H_FIRESTAFF@3	Vendetta's Wrath	Fúria de Vendetta
7029	T8_2H_FIRESTAFF@4	Vendetta's Wrath	Fúria de Vendetta
7030	T4_2H_INFERNOSTAFF	Adept's Infernal Staff	Cajado Infernal do Adepto
7031	T4_2H_INFERNOSTAFF@1	Adept's Infernal Staff	Cajado Infernal do Adepto
7032	T4_2H_INFERNOSTAFF@2	Adept's Infernal Staff	Cajado Infernal do Adepto
7033	T4_2H_INFERNOSTAFF@3	Adept's Infernal Staff	Cajado Infernal do Adepto
7034	T4_2H_INFERNOSTAFF@4	Adept's Infernal Staff	Cajado Infernal do Adepto
7035	T5_2H_INFERNOSTAFF	Expert's Infernal Staff	Cajado Infernal do Perito
7036	T5_2H_INFERNOSTAFF@1	Expert's Infernal Staff	Cajado Infernal do Perito
7037	T5_2H_INFERNOSTAFF@2	Expert's Infernal Staff	Cajado Infernal do Perito
7038	T5_2H_INFERNOSTAFF@3	Expert's Infernal Staff	Cajado Infernal do Perito
7039	T5_2H_INFERNOSTAFF@4	Expert's Infernal Staff	Cajado Infernal do Perito
7040	T6_2H_INFERNOSTAFF	Master's Infernal Staff	Cajado Infernal do Mestre
7041	T6_2H_INFERNOSTAFF@1	Master's Infernal Staff	Cajado Infernal do Mestre
7042	T6_2H_INFERNOSTAFF@2	Master's Infernal Staff	Cajado Infernal do Mestre
7043	T6_2H_INFERNOSTAFF@3	Master's Infernal Staff	Cajado Infernal do Mestre
7044	T6_2H_INFERNOSTAFF@4	Master's Infernal Staff	Cajado Infernal do Mestre
7045	T7_2H_INFERNOSTAFF	Grandmaster's Infernal Staff	Cajado Infernal do Grão-mestre
7046	T7_2H_INFERNOSTAFF@1	Grandmaster's Infernal Staff	Cajado Infernal do Grão-mestre
7047	T7_2H_INFERNOSTAFF@2	Grandmaster's Infernal Staff	Cajado Infernal do Grão-mestre
7048	T7_2H_INFERNOSTAFF@3	Grandmaster's Infernal Staff	Cajado Infernal do Grão-mestre
7049	T7_2H_INFERNOSTAFF@4	Grandmaster's Infernal Staff	Cajado Infernal do Grão-mestre
7050	T8_2H_INFERNOSTAFF	Elder's Infernal Staff	Cajado Infernal do Ancião
7051	T8_2H_INFERNOSTAFF@1	Elder's Infernal Staff	Cajado Infernal do Ancião
7052	T8_2H_INFERNOSTAFF@2	Elder's Infernal Staff	Cajado Infernal do Ancião
7053	T8_2H_INFERNOSTAFF@3	Elder's Infernal Staff	Cajado Infernal do Ancião
7054	T8_2H_INFERNOSTAFF@4	Elder's Infernal Staff	Cajado Infernal do Ancião
7055	T4_MAIN_FIRESTAFF_KEEPER	Adept's Wildfire Staff	Cajado Incendiário do Adepto
7056	T4_MAIN_FIRESTAFF_KEEPER@1	Adept's Wildfire Staff	Cajado Incendiário do Adepto
7057	T4_MAIN_FIRESTAFF_KEEPER@2	Adept's Wildfire Staff	Cajado Incendiário do Adepto
7058	T4_MAIN_FIRESTAFF_KEEPER@3	Adept's Wildfire Staff	Cajado Incendiário do Adepto
7059	T4_MAIN_FIRESTAFF_KEEPER@4	Adept's Wildfire Staff	Cajado Incendiário do Adepto
7060	T5_MAIN_FIRESTAFF_KEEPER	Expert's Wildfire Staff	Cajado Incendiário do Perito
7061	T5_MAIN_FIRESTAFF_KEEPER@1	Expert's Wildfire Staff	Cajado Incendiário do Perito
7062	T5_MAIN_FIRESTAFF_KEEPER@2	Expert's Wildfire Staff	Cajado Incendiário do Perito
7063	T5_MAIN_FIRESTAFF_KEEPER@3	Expert's Wildfire Staff	Cajado Incendiário do Perito
7064	T5_MAIN_FIRESTAFF_KEEPER@4	Expert's Wildfire Staff	Cajado Incendiário do Perito
7065	T6_MAIN_FIRESTAFF_KEEPER	Master's Wildfire Staff	Cajado Incendiário do Mestre
7066	T6_MAIN_FIRESTAFF_KEEPER@1	Master's Wildfire Staff	Cajado Incendiário do Mestre
7067	T6_MAIN_FIRESTAFF_KEEPER@2	Master's Wildfire Staff	Cajado Incendiário do Mestre
7068	T6_MAIN_FIRESTAFF_KEEPER@3	Master's Wildfire Staff	Cajado Incendiário do Mestre
7069	T6_MAIN_FIRESTAFF_KEEPER@4	Master's Wildfire Staff	Cajado Incendiário do Mestre
7070	T7_MAIN_FIRESTAFF_KEEPER	Grandmaster's Wildfire Staff	Cajado Incendiário do Grão-mestre
7071	T7_MAIN_FIRESTAFF_KEEPER@1	Grandmaster's Wildfire Staff	Cajado Incendiário do Grão-mestre
7072	T7_MAIN_FIRESTAFF_KEEPER@2	Grandmaster's Wildfire Staff	Cajado Incendiário do Grão-mestre
7073	T7_MAIN_FIRESTAFF_KEEPER@3	Grandmaster's Wildfire Staff	Cajado Incendiário do Grão-mestre
7074	T7_MAIN_FIRESTAFF_KEEPER@4	Grandmaster's Wildfire Staff	Cajado Incendiário do Grão-mestre
7075	T8_MAIN_FIRESTAFF_KEEPER	Elder's Wildfire Staff	Cajado Incendiário do Ancião
7076	T8_MAIN_FIRESTAFF_KEEPER@1	Elder's Wildfire Staff	Cajado Incendiário do Ancião
7077	T8_MAIN_FIRESTAFF_KEEPER@2	Elder's Wildfire Staff	Cajado Incendiário do Ancião
7078	T8_MAIN_FIRESTAFF_KEEPER@3	Elder's Wildfire Staff	Cajado Incendiário do Ancião
7079	T8_MAIN_FIRESTAFF_KEEPER@4	Elder's Wildfire Staff	Cajado Incendiário do Ancião
7080	T4_2H_FIRESTAFF_HELL	Adept's Brimstone Staff	Cajado Sulfuroso do Adepto
7081	T4_2H_FIRESTAFF_HELL@1	Adept's Brimstone Staff	Cajado Sulfuroso do Adepto
7082	T4_2H_FIRESTAFF_HELL@2	Adept's Brimstone Staff	Cajado Sulfuroso do Adepto
7083	T4_2H_FIRESTAFF_HELL@3	Adept's Brimstone Staff	Cajado Sulfuroso do Adepto
7084	T4_2H_FIRESTAFF_HELL@4	Adept's Brimstone Staff	Cajado Sulfuroso do Adepto
7085	T5_2H_FIRESTAFF_HELL	Expert's Brimstone Staff	Cajado Sulfuroso do Perito
7086	T5_2H_FIRESTAFF_HELL@1	Expert's Brimstone Staff	Cajado Sulfuroso do Perito
7087	T5_2H_FIRESTAFF_HELL@2	Expert's Brimstone Staff	Cajado Sulfuroso do Perito
7088	T5_2H_FIRESTAFF_HELL@3	Expert's Brimstone Staff	Cajado Sulfuroso do Perito
7089	T5_2H_FIRESTAFF_HELL@4	Expert's Brimstone Staff	Cajado Sulfuroso do Perito
7090	T6_2H_FIRESTAFF_HELL	Master's Brimstone Staff	Cajado Sulfuroso do Mestre
7091	T6_2H_FIRESTAFF_HELL@1	Master's Brimstone Staff	Cajado Sulfuroso do Mestre
7092	T6_2H_FIRESTAFF_HELL@2	Master's Brimstone Staff	Cajado Sulfuroso do Mestre
7093	T6_2H_FIRESTAFF_HELL@3	Master's Brimstone Staff	Cajado Sulfuroso do Mestre
7094	T6_2H_FIRESTAFF_HELL@4	Master's Brimstone Staff	Cajado Sulfuroso do Mestre
7095	T7_2H_FIRESTAFF_HELL	Grandmaster's Brimstone Staff	Cajado Sulfuroso do Grão-mestre
7096	T7_2H_FIRESTAFF_HELL@1	Grandmaster's Brimstone Staff	Cajado Sulfuroso do Grão-mestre
7097	T7_2H_FIRESTAFF_HELL@2	Grandmaster's Brimstone Staff	Cajado Sulfuroso do Grão-mestre
7098	T7_2H_FIRESTAFF_HELL@3	Grandmaster's Brimstone Staff	Cajado Sulfuroso do Grão-mestre
7099	T7_2H_FIRESTAFF_HELL@4	Grandmaster's Brimstone Staff	Cajado Sulfuroso do Grão-mestre
7100	T8_2H_FIRESTAFF_HELL	Elder's Brimstone Staff	Cajado Sulfuroso do Ancião
7101	T8_2H_FIRESTAFF_HELL@1	Elder's Brimstone Staff	Cajado Sulfuroso do Ancião
7102	T8_2H_FIRESTAFF_HELL@2	Elder's Brimstone Staff	Cajado Sulfuroso do Ancião
7103	T8_2H_FIRESTAFF_HELL@3	Elder's Brimstone Staff	Cajado Sulfuroso do Ancião
7104	T8_2H_FIRESTAFF_HELL@4	Elder's Brimstone Staff	Cajado Sulfuroso do Ancião
7105	T4_2H_INFERNOSTAFF_MORGANA	Adept's Blazing Staff	Cajado Fulgurante do Adepto
7106	T4_2H_INFERNOSTAFF_MORGANA@1	Adept's Blazing Staff	Cajado Fulgurante do Adepto
7107	T4_2H_INFERNOSTAFF_MORGANA@2	Adept's Blazing Staff	Cajado Fulgurante do Adepto
7108	T4_2H_INFERNOSTAFF_MORGANA@3	Adept's Blazing Staff	Cajado Fulgurante do Adepto
7109	T4_2H_INFERNOSTAFF_MORGANA@4	Adept's Blazing Staff	Cajado Fulgurante do Adepto
7110	T5_2H_INFERNOSTAFF_MORGANA	Expert's Blazing Staff	Cajado Fulgurante do Perito
7111	T5_2H_INFERNOSTAFF_MORGANA@1	Expert's Blazing Staff	Cajado Fulgurante do Perito
7112	T5_2H_INFERNOSTAFF_MORGANA@2	Expert's Blazing Staff	Cajado Fulgurante do Perito
7113	T5_2H_INFERNOSTAFF_MORGANA@3	Expert's Blazing Staff	Cajado Fulgurante do Perito
7114	T5_2H_INFERNOSTAFF_MORGANA@4	Expert's Blazing Staff	Cajado Fulgurante do Perito
7115	T6_2H_INFERNOSTAFF_MORGANA	Master's Blazing Staff	Cajado Fulgurante do Mestre
7116	T6_2H_INFERNOSTAFF_MORGANA@1	Master's Blazing Staff	Cajado Fulgurante do Mestre
7117	T6_2H_INFERNOSTAFF_MORGANA@2	Master's Blazing Staff	Cajado Fulgurante do Mestre
7118	T6_2H_INFERNOSTAFF_MORGANA@3	Master's Blazing Staff	Cajado Fulgurante do Mestre
7119	T6_2H_INFERNOSTAFF_MORGANA@4	Master's Blazing Staff	Cajado Fulgurante do Mestre
7120	T7_2H_INFERNOSTAFF_MORGANA	Grandmaster's Blazing Staff	Cajado Fulgurante do Grão-mestre
7121	T7_2H_INFERNOSTAFF_MORGANA@1	Grandmaster's Blazing Staff	Cajado Fulgurante do Grão-mestre
7122	T7_2H_INFERNOSTAFF_MORGANA@2	Grandmaster's Blazing Staff	Cajado Fulgurante do Grão-mestre
7123	T7_2H_INFERNOSTAFF_MORGANA@3	Grandmaster's Blazing Staff	Cajado Fulgurante do Grão-mestre
7124	T7_2H_INFERNOSTAFF_MORGANA@4	Grandmaster's Blazing Staff	Cajado Fulgurante do Grão-mestre
7125	T8_2H_INFERNOSTAFF_MORGANA	Elder's Blazing Staff	Cajado Fulgurante do Ancião
7126	T8_2H_INFERNOSTAFF_MORGANA@1	Elder's Blazing Staff	Cajado Fulgurante do Ancião
7127	T8_2H_INFERNOSTAFF_MORGANA@2	Elder's Blazing Staff	Cajado Fulgurante do Ancião
7128	T8_2H_INFERNOSTAFF_MORGANA@3	Elder's Blazing Staff	Cajado Fulgurante do Ancião
7129	T8_2H_INFERNOSTAFF_MORGANA@4	Elder's Blazing Staff	Cajado Fulgurante do Ancião
7130	T4_2H_FIRE_RINGPAIR_AVALON	Adept's Dawnsong	Canção da Alvorada do Adepto
7131	T4_2H_FIRE_RINGPAIR_AVALON@1	Adept's Dawnsong	Canção da Alvorada do Adepto
7132	T4_2H_FIRE_RINGPAIR_AVALON@2	Adept's Dawnsong	Canção da Alvorada do Adepto
7133	T4_2H_FIRE_RINGPAIR_AVALON@3	Adept's Dawnsong	Canção da Alvorada do Adepto
7134	T4_2H_FIRE_RINGPAIR_AVALON@4	Adept's Dawnsong	Canção da Alvorada do Adepto
7135	T5_2H_FIRE_RINGPAIR_AVALON	Expert's Dawnsong	Canção da Alvorada do Perito
7136	T5_2H_FIRE_RINGPAIR_AVALON@1	Expert's Dawnsong	Canção da Alvorada do Perito
7137	T5_2H_FIRE_RINGPAIR_AVALON@2	Expert's Dawnsong	Canção da Alvorada do Perito
7138	T5_2H_FIRE_RINGPAIR_AVALON@3	Expert's Dawnsong	Canção da Alvorada do Perito
7139	T5_2H_FIRE_RINGPAIR_AVALON@4	Expert's Dawnsong	Canção da Alvorada do Perito
7140	T6_2H_FIRE_RINGPAIR_AVALON	Master's Dawnsong	Canção da Alvorada do Mestre
7141	T6_2H_FIRE_RINGPAIR_AVALON@1	Master's Dawnsong	Canção da Alvorada do Mestre
7142	T6_2H_FIRE_RINGPAIR_AVALON@2	Master's Dawnsong	Canção da Alvorada do Mestre
7143	T6_2H_FIRE_RINGPAIR_AVALON@3	Master's Dawnsong	Canção da Alvorada do Mestre
7144	T6_2H_FIRE_RINGPAIR_AVALON@4	Master's Dawnsong	Canção da Alvorada do Mestre
7145	T7_2H_FIRE_RINGPAIR_AVALON	Grandmaster's Dawnsong	Canção da Alvorada do Grão-mestre
7146	T7_2H_FIRE_RINGPAIR_AVALON@1	Grandmaster's Dawnsong	Canção da Alvorada do Grão-mestre
7147	T7_2H_FIRE_RINGPAIR_AVALON@2	Grandmaster's Dawnsong	Canção da Alvorada do Grão-mestre
7148	T7_2H_FIRE_RINGPAIR_AVALON@3	Grandmaster's Dawnsong	Canção da Alvorada do Grão-mestre
7149	T7_2H_FIRE_RINGPAIR_AVALON@4	Grandmaster's Dawnsong	Canção da Alvorada do Grão-mestre
7150	T8_2H_FIRE_RINGPAIR_AVALON	Elder's Dawnsong	Canção da Alvorada do Ancião
7151	T8_2H_FIRE_RINGPAIR_AVALON@1	Elder's Dawnsong	Canção da Alvorada do Ancião
7152	T8_2H_FIRE_RINGPAIR_AVALON@2	Elder's Dawnsong	Canção da Alvorada do Ancião
7153	T8_2H_FIRE_RINGPAIR_AVALON@3	Elder's Dawnsong	Canção da Alvorada do Ancião
7154	T8_2H_FIRE_RINGPAIR_AVALON@4	Elder's Dawnsong	Canção da Alvorada do Ancião
7155	T4_MAIN_FIRESTAFF_CRYSTAL	Adept's Flamewalker Staff	Cajado do Andarilho Flamejante do Adepto
7156	T4_MAIN_FIRESTAFF_CRYSTAL@1	Adept's Flamewalker Staff	Cajado do Andarilho Flamejante do Adepto
7157	T4_MAIN_FIRESTAFF_CRYSTAL@2	Adept's Flamewalker Staff	Cajado do Andarilho Flamejante do Adepto
7158	T4_MAIN_FIRESTAFF_CRYSTAL@3	Adept's Flamewalker Staff	Cajado do Andarilho Flamejante do Adepto
7159	T4_MAIN_FIRESTAFF_CRYSTAL@4	Adept's Flamewalker Staff	Cajado do Andarilho Flamejante do Adepto
7160	T5_MAIN_FIRESTAFF_CRYSTAL	Expert's Flamewalker Staff	Cajado do Andarilho Flamejante do Perito
7161	T5_MAIN_FIRESTAFF_CRYSTAL@1	Expert's Flamewalker Staff	Cajado do Andarilho Flamejante do Perito
7162	T5_MAIN_FIRESTAFF_CRYSTAL@2	Expert's Flamewalker Staff	Cajado do Andarilho Flamejante do Perito
7163	T5_MAIN_FIRESTAFF_CRYSTAL@3	Expert's Flamewalker Staff	Cajado do Andarilho Flamejante do Perito
7164	T5_MAIN_FIRESTAFF_CRYSTAL@4	Expert's Flamewalker Staff	Cajado do Andarilho Flamejante do Perito
7165	T6_MAIN_FIRESTAFF_CRYSTAL	Master's Flamewalker Staff	Cajado do Andarilho Flamejante do Mestre
7166	T6_MAIN_FIRESTAFF_CRYSTAL@1	Master's Flamewalker Staff	Cajado do Andarilho Flamejante do Mestre
7167	T6_MAIN_FIRESTAFF_CRYSTAL@2	Master's Flamewalker Staff	Cajado do Andarilho Flamejante do Mestre
7168	T6_MAIN_FIRESTAFF_CRYSTAL@3	Master's Flamewalker Staff	Cajado do Andarilho Flamejante do Mestre
7169	T6_MAIN_FIRESTAFF_CRYSTAL@4	Master's Flamewalker Staff	Cajado do Andarilho Flamejante do Mestre
7170	T7_MAIN_FIRESTAFF_CRYSTAL	Grandmaster's Flamewalker Staff	Cajado do Andarilho Flamejante do Grão-mestre
7171	T7_MAIN_FIRESTAFF_CRYSTAL@1	Grandmaster's Flamewalker Staff	Cajado do Andarilho Flamejante do Grão-mestre
7172	T7_MAIN_FIRESTAFF_CRYSTAL@2	Grandmaster's Flamewalker Staff	Cajado do Andarilho Flamejante do Grão-mestre
7173	T7_MAIN_FIRESTAFF_CRYSTAL@3	Grandmaster's Flamewalker Staff	Cajado do Andarilho Flamejante do Grão-mestre
7174	T7_MAIN_FIRESTAFF_CRYSTAL@4	Grandmaster's Flamewalker Staff	Cajado do Andarilho Flamejante do Grão-mestre
7175	T8_MAIN_FIRESTAFF_CRYSTAL	Elder's Flamewalker Staff	Cajado do Andarilho Flamejante do Ancião
7176	T8_MAIN_FIRESTAFF_CRYSTAL@1	Elder's Flamewalker Staff	Cajado do Andarilho Flamejante do Ancião
7177	T8_MAIN_FIRESTAFF_CRYSTAL@2	Elder's Flamewalker Staff	Cajado do Andarilho Flamejante do Ancião
7178	T8_MAIN_FIRESTAFF_CRYSTAL@3	Elder's Flamewalker Staff	Cajado do Andarilho Flamejante do Ancião
7179	T8_MAIN_FIRESTAFF_CRYSTAL@4	Elder's Flamewalker Staff	Cajado do Andarilho Flamejante do Ancião
7180	T3_MAIN_FROSTSTAFF	Journeyman's Frost Staff	Cajado de Gelo do Iniciante
7181	T4_MAIN_FROSTSTAFF	Adept's Frost Staff	Cajado de Gelo do Adepto
7182	T4_MAIN_FROSTSTAFF@1	Adept's Frost Staff	Cajado de Gelo do Adepto
7183	T4_MAIN_FROSTSTAFF@2	Adept's Frost Staff	Cajado de Gelo do Adepto
7184	T4_MAIN_FROSTSTAFF@3	Adept's Frost Staff	Cajado de Gelo do Adepto
7185	T4_MAIN_FROSTSTAFF@4	Adept's Frost Staff	Cajado de Gelo do Adepto
7186	T5_MAIN_FROSTSTAFF	Expert's Frost Staff	Cajado de Gelo do Perito
7187	T5_MAIN_FROSTSTAFF@1	Expert's Frost Staff	Cajado de Gelo do Perito
7188	T5_MAIN_FROSTSTAFF@2	Expert's Frost Staff	Cajado de Gelo do Perito
7189	T5_MAIN_FROSTSTAFF@3	Expert's Frost Staff	Cajado de Gelo do Perito
7190	T5_MAIN_FROSTSTAFF@4	Expert's Frost Staff	Cajado de Gelo do Perito
7191	T6_MAIN_FROSTSTAFF	Master's Frost Staff	Cajado de Gelo do Mestre
7192	T6_MAIN_FROSTSTAFF@1	Master's Frost Staff	Cajado de Gelo do Mestre
7193	T6_MAIN_FROSTSTAFF@2	Master's Frost Staff	Cajado de Gelo do Mestre
7194	T6_MAIN_FROSTSTAFF@3	Master's Frost Staff	Cajado de Gelo do Mestre
7195	T6_MAIN_FROSTSTAFF@4	Master's Frost Staff	Cajado de Gelo do Mestre
7196	T7_MAIN_FROSTSTAFF	Grandmaster's Frost Staff	Cajado de Gelo do Grão-mestre
7197	T7_MAIN_FROSTSTAFF@1	Grandmaster's Frost Staff	Cajado de Gelo do Grão-mestre
7198	T7_MAIN_FROSTSTAFF@2	Grandmaster's Frost Staff	Cajado de Gelo do Grão-mestre
7199	T7_MAIN_FROSTSTAFF@3	Grandmaster's Frost Staff	Cajado de Gelo do Grão-mestre
7200	T7_MAIN_FROSTSTAFF@4	Grandmaster's Frost Staff	Cajado de Gelo do Grão-mestre
7201	T8_MAIN_FROSTSTAFF	Elder's Frost Staff	Cajado de Gelo do Ancião
7202	T8_MAIN_FROSTSTAFF@1	Elder's Frost Staff	Cajado de Gelo do Ancião
7203	T8_MAIN_FROSTSTAFF@2	Elder's Frost Staff	Cajado de Gelo do Ancião
7204	T8_MAIN_FROSTSTAFF@3	Elder's Frost Staff	Cajado de Gelo do Ancião
7205	T8_MAIN_FROSTSTAFF@4	Elder's Frost Staff	Cajado de Gelo do Ancião
7206	T4_2H_FROSTSTAFF	Adept's Great Frost Staff	Cajado de Gelo Elevado do Adepto
7207	T4_2H_FROSTSTAFF@1	Adept's Great Frost Staff	Cajado de Gelo Elevado do Adepto
7208	T4_2H_FROSTSTAFF@2	Adept's Great Frost Staff	Cajado de Gelo Elevado do Adepto
7209	T4_2H_FROSTSTAFF@3	Adept's Great Frost Staff	Cajado de Gelo Elevado do Adepto
7210	T4_2H_FROSTSTAFF@4	Adept's Great Frost Staff	Cajado de Gelo Elevado do Adepto
7211	T5_2H_FROSTSTAFF	Expert's Great Frost Staff	Cajado de Gelo Elevado do Perito
7212	T5_2H_FROSTSTAFF@1	Expert's Great Frost Staff	Cajado de Gelo Elevado do Perito
7213	T5_2H_FROSTSTAFF@2	Expert's Great Frost Staff	Cajado de Gelo Elevado do Perito
7214	T5_2H_FROSTSTAFF@3	Expert's Great Frost Staff	Cajado de Gelo Elevado do Perito
7215	T5_2H_FROSTSTAFF@4	Expert's Great Frost Staff	Cajado de Gelo Elevado do Perito
7216	T6_2H_FROSTSTAFF	Master's Great Frost Staff	Cajado de Gelo Elevado do Mestre
7217	T6_2H_FROSTSTAFF@1	Master's Great Frost Staff	Cajado de Gelo Elevado do Mestre
7218	T6_2H_FROSTSTAFF@2	Master's Great Frost Staff	Cajado de Gelo Elevado do Mestre
7219	T6_2H_FROSTSTAFF@3	Master's Great Frost Staff	Cajado de Gelo Elevado do Mestre
7220	T6_2H_FROSTSTAFF@4	Master's Great Frost Staff	Cajado de Gelo Elevado do Mestre
7221	T7_2H_FROSTSTAFF	Grandmaster's Great Frost Staff	Cajado de Gelo Elevado do Grão-mestre
7222	T7_2H_FROSTSTAFF@1	Grandmaster's Great Frost Staff	Cajado de Gelo Elevado do Grão-mestre
7223	T7_2H_FROSTSTAFF@2	Grandmaster's Great Frost Staff	Cajado de Gelo Elevado do Grão-mestre
7224	T7_2H_FROSTSTAFF@3	Grandmaster's Great Frost Staff	Cajado de Gelo Elevado do Grão-mestre
7225	T7_2H_FROSTSTAFF@4	Grandmaster's Great Frost Staff	Cajado de Gelo Elevado do Grão-mestre
7226	T8_2H_FROSTSTAFF	Elder's Great Frost Staff	Cajado de Gelo Elevado do Ancião
7227	T8_2H_FROSTSTAFF@1	Elder's Great Frost Staff	Cajado de Gelo Elevado do Ancião
7228	T8_2H_FROSTSTAFF@2	Elder's Great Frost Staff	Cajado de Gelo Elevado do Ancião
7229	T8_2H_FROSTSTAFF@3	Elder's Great Frost Staff	Cajado de Gelo Elevado do Ancião
7230	T8_2H_FROSTSTAFF@4	Elder's Great Frost Staff	Cajado de Gelo Elevado do Ancião
7231	T4_2H_GLACIALSTAFF	Adept's Glacial Staff	Cajado Glacial do Adepto
7232	T4_2H_GLACIALSTAFF@1	Adept's Glacial Staff	Cajado Glacial do Adepto
7233	T4_2H_GLACIALSTAFF@2	Adept's Glacial Staff	Cajado Glacial do Adepto
7234	T4_2H_GLACIALSTAFF@3	Adept's Glacial Staff	Cajado Glacial do Adepto
7235	T4_2H_GLACIALSTAFF@4	Adept's Glacial Staff	Cajado Glacial do Adepto
7236	T5_2H_GLACIALSTAFF	Expert's Glacial Staff	Cajado Glacial do Perito
7237	T5_2H_GLACIALSTAFF@1	Expert's Glacial Staff	Cajado Glacial do Perito
7238	T5_2H_GLACIALSTAFF@2	Expert's Glacial Staff	Cajado Glacial do Perito
7239	T5_2H_GLACIALSTAFF@3	Expert's Glacial Staff	Cajado Glacial do Perito
7240	T5_2H_GLACIALSTAFF@4	Expert's Glacial Staff	Cajado Glacial do Perito
7241	T6_2H_GLACIALSTAFF	Master's Glacial Staff	Cajado Glacial do Mestre
7242	T6_2H_GLACIALSTAFF@1	Master's Glacial Staff	Cajado Glacial do Mestre
7243	T6_2H_GLACIALSTAFF@2	Master's Glacial Staff	Cajado Glacial do Mestre
7244	T6_2H_GLACIALSTAFF@3	Master's Glacial Staff	Cajado Glacial do Mestre
7245	T6_2H_GLACIALSTAFF@4	Master's Glacial Staff	Cajado Glacial do Mestre
7246	T7_2H_GLACIALSTAFF	Grandmaster's Glacial Staff	Cajado Glacial do Grão-mestre
7247	T7_2H_GLACIALSTAFF@1	Grandmaster's Glacial Staff	Cajado Glacial do Grão-mestre
7248	T7_2H_GLACIALSTAFF@2	Grandmaster's Glacial Staff	Cajado Glacial do Grão-mestre
7249	T7_2H_GLACIALSTAFF@3	Grandmaster's Glacial Staff	Cajado Glacial do Grão-mestre
7250	T7_2H_GLACIALSTAFF@4	Grandmaster's Glacial Staff	Cajado Glacial do Grão-mestre
7251	T8_2H_GLACIALSTAFF	Elder's Glacial Staff	Cajado Glacial do Ancião
7252	T8_2H_GLACIALSTAFF@1	Elder's Glacial Staff	Cajado Glacial do Ancião
7253	T8_2H_GLACIALSTAFF@2	Elder's Glacial Staff	Cajado Glacial do Ancião
7254	T8_2H_GLACIALSTAFF@3	Elder's Glacial Staff	Cajado Glacial do Ancião
7255	T8_2H_GLACIALSTAFF@4	Elder's Glacial Staff	Cajado Glacial do Ancião
7256	T4_MAIN_FROSTSTAFF_KEEPER	Adept's Hoarfrost Staff	Cajado Enregelante do Adepto
7257	T4_MAIN_FROSTSTAFF_KEEPER@1	Adept's Hoarfrost Staff	Cajado Enregelante do Adepto
7258	T4_MAIN_FROSTSTAFF_KEEPER@2	Adept's Hoarfrost Staff	Cajado Enregelante do Adepto
7259	T4_MAIN_FROSTSTAFF_KEEPER@3	Adept's Hoarfrost Staff	Cajado Enregelante do Adepto
7260	T4_MAIN_FROSTSTAFF_KEEPER@4	Adept's Hoarfrost Staff	Cajado Enregelante do Adepto
7261	T5_MAIN_FROSTSTAFF_KEEPER	Expert's Hoarfrost Staff	Cajado Enregelante do Perito
7262	T5_MAIN_FROSTSTAFF_KEEPER@1	Expert's Hoarfrost Staff	Cajado Enregelante do Perito
7263	T5_MAIN_FROSTSTAFF_KEEPER@2	Expert's Hoarfrost Staff	Cajado Enregelante do Perito
7264	T5_MAIN_FROSTSTAFF_KEEPER@3	Expert's Hoarfrost Staff	Cajado Enregelante do Perito
7265	T5_MAIN_FROSTSTAFF_KEEPER@4	Expert's Hoarfrost Staff	Cajado Enregelante do Perito
7266	T6_MAIN_FROSTSTAFF_KEEPER	Master's Hoarfrost Staff	Cajado Enregelante do Mestre
7267	T6_MAIN_FROSTSTAFF_KEEPER@1	Master's Hoarfrost Staff	Cajado Enregelante do Mestre
7268	T6_MAIN_FROSTSTAFF_KEEPER@2	Master's Hoarfrost Staff	Cajado Enregelante do Mestre
7269	T6_MAIN_FROSTSTAFF_KEEPER@3	Master's Hoarfrost Staff	Cajado Enregelante do Mestre
7270	T6_MAIN_FROSTSTAFF_KEEPER@4	Master's Hoarfrost Staff	Cajado Enregelante do Mestre
7271	T7_MAIN_FROSTSTAFF_KEEPER	Grandmaster's Hoarfrost Staff	Cajado Enregelante do Grão-mestre
7272	T7_MAIN_FROSTSTAFF_KEEPER@1	Grandmaster's Hoarfrost Staff	Cajado Enregelante do Grão-mestre
7273	T7_MAIN_FROSTSTAFF_KEEPER@2	Grandmaster's Hoarfrost Staff	Cajado Enregelante do Grão-mestre
7274	T7_MAIN_FROSTSTAFF_KEEPER@3	Grandmaster's Hoarfrost Staff	Cajado Enregelante do Grão-mestre
7275	T7_MAIN_FROSTSTAFF_KEEPER@4	Grandmaster's Hoarfrost Staff	Cajado Enregelante do Grão-mestre
7276	T8_MAIN_FROSTSTAFF_KEEPER	Elder's Hoarfrost Staff	Cajado Enregelante do Ancião
7277	T8_MAIN_FROSTSTAFF_KEEPER@1	Elder's Hoarfrost Staff	Cajado Enregelante do Ancião
7278	T8_MAIN_FROSTSTAFF_KEEPER@2	Elder's Hoarfrost Staff	Cajado Enregelante do Ancião
7279	T8_MAIN_FROSTSTAFF_KEEPER@3	Elder's Hoarfrost Staff	Cajado Enregelante do Ancião
7280	T8_MAIN_FROSTSTAFF_KEEPER@4	Elder's Hoarfrost Staff	Cajado Enregelante do Ancião
7281	T4_2H_ICEGAUNTLETS_HELL	Adept's Icicle Staff	Cajado de Sincelo do Adepto
7282	T4_2H_ICEGAUNTLETS_HELL@1	Adept's Icicle Staff	Cajado de Sincelo do Adepto
7283	T4_2H_ICEGAUNTLETS_HELL@2	Adept's Icicle Staff	Cajado de Sincelo do Adepto
7284	T4_2H_ICEGAUNTLETS_HELL@3	Adept's Icicle Staff	Cajado de Sincelo do Adepto
7285	T4_2H_ICEGAUNTLETS_HELL@4	Adept's Icicle Staff	Cajado de Sincelo do Adepto
7286	T5_2H_ICEGAUNTLETS_HELL	Expert's Icicle Staff	Cajado de Sincelo do Perito
7287	T5_2H_ICEGAUNTLETS_HELL@1	Expert's Icicle Staff	Cajado de Sincelo do Perito
7288	T5_2H_ICEGAUNTLETS_HELL@2	Expert's Icicle Staff	Cajado de Sincelo do Perito
7289	T5_2H_ICEGAUNTLETS_HELL@3	Expert's Icicle Staff	Cajado de Sincelo do Perito
7290	T5_2H_ICEGAUNTLETS_HELL@4	Expert's Icicle Staff	Cajado de Sincelo do Perito
7291	T6_2H_ICEGAUNTLETS_HELL	Master's Icicle Staff	Cajado de Sincelo do Mestre
7292	T6_2H_ICEGAUNTLETS_HELL@1	Master's Icicle Staff	Cajado de Sincelo do Mestre
7293	T6_2H_ICEGAUNTLETS_HELL@2	Master's Icicle Staff	Cajado de Sincelo do Mestre
7294	T6_2H_ICEGAUNTLETS_HELL@3	Master's Icicle Staff	Cajado de Sincelo do Mestre
7295	T6_2H_ICEGAUNTLETS_HELL@4	Master's Icicle Staff	Cajado de Sincelo do Mestre
7296	T7_2H_ICEGAUNTLETS_HELL	Grandmaster's Icicle Staff	Cajado de Sincelo do Grão-mestre
7297	T7_2H_ICEGAUNTLETS_HELL@1	Grandmaster's Icicle Staff	Cajado de Sincelo do Grão-mestre
7298	T7_2H_ICEGAUNTLETS_HELL@2	Grandmaster's Icicle Staff	Cajado de Sincelo do Grão-mestre
7299	T7_2H_ICEGAUNTLETS_HELL@3	Grandmaster's Icicle Staff	Cajado de Sincelo do Grão-mestre
7300	T7_2H_ICEGAUNTLETS_HELL@4	Grandmaster's Icicle Staff	Cajado de Sincelo do Grão-mestre
7301	T8_2H_ICEGAUNTLETS_HELL	Elder's Icicle Staff	Cajado de Sincelo do Ancião
7302	T8_2H_ICEGAUNTLETS_HELL@1	Elder's Icicle Staff	Cajado de Sincelo do Ancião
7303	T8_2H_ICEGAUNTLETS_HELL@2	Elder's Icicle Staff	Cajado de Sincelo do Ancião
7304	T8_2H_ICEGAUNTLETS_HELL@3	Elder's Icicle Staff	Cajado de Sincelo do Ancião
7305	T8_2H_ICEGAUNTLETS_HELL@4	Elder's Icicle Staff	Cajado de Sincelo do Ancião
7306	T4_2H_ICECRYSTAL_UNDEAD	Adept's Permafrost Prism	Prisma Geleterno do Adepto
7307	T4_2H_ICECRYSTAL_UNDEAD@1	Adept's Permafrost Prism	Prisma Geleterno do Adepto
7308	T4_2H_ICECRYSTAL_UNDEAD@2	Adept's Permafrost Prism	Prisma Geleterno do Adepto
7309	T4_2H_ICECRYSTAL_UNDEAD@3	Adept's Permafrost Prism	Prisma Geleterno do Adepto
7310	T4_2H_ICECRYSTAL_UNDEAD@4	Adept's Permafrost Prism	Prisma Geleterno do Adepto
7311	T5_2H_ICECRYSTAL_UNDEAD	Expert's Permafrost Prism	Prisma Geleterno do Perito
7312	T5_2H_ICECRYSTAL_UNDEAD@1	Expert's Permafrost Prism	Prisma Geleterno do Perito
7313	T5_2H_ICECRYSTAL_UNDEAD@2	Expert's Permafrost Prism	Prisma Geleterno do Perito
7314	T5_2H_ICECRYSTAL_UNDEAD@3	Expert's Permafrost Prism	Prisma Geleterno do Perito
7315	T5_2H_ICECRYSTAL_UNDEAD@4	Expert's Permafrost Prism	Prisma Geleterno do Perito
7316	T6_2H_ICECRYSTAL_UNDEAD	Master's Permafrost Prism	Prisma Geleterno do Mestre
7317	T6_2H_ICECRYSTAL_UNDEAD@1	Master's Permafrost Prism	Prisma Geleterno do Mestre
7318	T6_2H_ICECRYSTAL_UNDEAD@2	Master's Permafrost Prism	Prisma Geleterno do Mestre
7319	T6_2H_ICECRYSTAL_UNDEAD@3	Master's Permafrost Prism	Prisma Geleterno do Mestre
7320	T6_2H_ICECRYSTAL_UNDEAD@4	Master's Permafrost Prism	Prisma Geleterno do Mestre
7321	T7_2H_ICECRYSTAL_UNDEAD	Grandmaster's Permafrost Prism	Prisma Geleterno do Grão-mestre
7322	T7_2H_ICECRYSTAL_UNDEAD@1	Grandmaster's Permafrost Prism	Prisma Geleterno do Grão-mestre
7323	T7_2H_ICECRYSTAL_UNDEAD@2	Grandmaster's Permafrost Prism	Prisma Geleterno do Grão-mestre
7324	T7_2H_ICECRYSTAL_UNDEAD@3	Grandmaster's Permafrost Prism	Prisma Geleterno do Grão-mestre
7325	T7_2H_ICECRYSTAL_UNDEAD@4	Grandmaster's Permafrost Prism	Prisma Geleterno do Grão-mestre
7326	T8_2H_ICECRYSTAL_UNDEAD	Elder's Permafrost Prism	Prisma Geleterno do Ancião
7327	T8_2H_ICECRYSTAL_UNDEAD@1	Elder's Permafrost Prism	Prisma Geleterno do Ancião
7328	T8_2H_ICECRYSTAL_UNDEAD@2	Elder's Permafrost Prism	Prisma Geleterno do Ancião
7329	T8_2H_ICECRYSTAL_UNDEAD@3	Elder's Permafrost Prism	Prisma Geleterno do Ancião
7330	T8_2H_ICECRYSTAL_UNDEAD@4	Elder's Permafrost Prism	Prisma Geleterno do Ancião
7331	T4_MAIN_FROSTSTAFF_AVALON	Adept's Chillhowl	Uivo Frio do Adepto
7332	T4_MAIN_FROSTSTAFF_AVALON@1	Adept's Chillhowl	Uivo Frio do Adepto
7333	T4_MAIN_FROSTSTAFF_AVALON@2	Adept's Chillhowl	Uivo Frio do Adepto
7334	T4_MAIN_FROSTSTAFF_AVALON@3	Adept's Chillhowl	Uivo Frio do Adepto
7335	T4_MAIN_FROSTSTAFF_AVALON@4	Adept's Chillhowl	Uivo Frio do Adepto
7336	T5_MAIN_FROSTSTAFF_AVALON	Expert's Chillhowl	Uivo Frio do Perito
7337	T5_MAIN_FROSTSTAFF_AVALON@1	Expert's Chillhowl	Uivo Frio do Perito
7338	T5_MAIN_FROSTSTAFF_AVALON@2	Expert's Chillhowl	Uivo Frio do Perito
7339	T5_MAIN_FROSTSTAFF_AVALON@3	Expert's Chillhowl	Uivo Frio do Perito
7340	T5_MAIN_FROSTSTAFF_AVALON@4	Expert's Chillhowl	Uivo Frio do Perito
7341	T6_MAIN_FROSTSTAFF_AVALON	Master's Chillhowl	Uivo Frio do Mestre
7342	T6_MAIN_FROSTSTAFF_AVALON@1	Master's Chillhowl	Uivo Frio do Mestre
7343	T6_MAIN_FROSTSTAFF_AVALON@2	Master's Chillhowl	Uivo Frio do Mestre
7344	T6_MAIN_FROSTSTAFF_AVALON@3	Master's Chillhowl	Uivo Frio do Mestre
7345	T6_MAIN_FROSTSTAFF_AVALON@4	Master's Chillhowl	Uivo Frio do Mestre
7346	T7_MAIN_FROSTSTAFF_AVALON	Grandmaster's Chillhowl	Uivo Frio do Grão-mestre
7347	T7_MAIN_FROSTSTAFF_AVALON@1	Grandmaster's Chillhowl	Uivo Frio do Grão-mestre
7348	T7_MAIN_FROSTSTAFF_AVALON@2	Grandmaster's Chillhowl	Uivo Frio do Grão-mestre
7349	T7_MAIN_FROSTSTAFF_AVALON@3	Grandmaster's Chillhowl	Uivo Frio do Grão-mestre
7350	T7_MAIN_FROSTSTAFF_AVALON@4	Grandmaster's Chillhowl	Uivo Frio do Grão-mestre
7351	T8_MAIN_FROSTSTAFF_AVALON	Elder's Chillhowl	Uivo Frio do Ancião
7352	T8_MAIN_FROSTSTAFF_AVALON@1	Elder's Chillhowl	Uivo Frio do Ancião
7353	T8_MAIN_FROSTSTAFF_AVALON@2	Elder's Chillhowl	Uivo Frio do Ancião
7354	T8_MAIN_FROSTSTAFF_AVALON@3	Elder's Chillhowl	Uivo Frio do Ancião
7355	T8_MAIN_FROSTSTAFF_AVALON@4	Elder's Chillhowl	Uivo Frio do Ancião
7356	T4_2H_FROSTSTAFF_CRYSTAL	Adept's Arctic Staff	Cajado Ártico do Adepto
7357	T4_2H_FROSTSTAFF_CRYSTAL@1	Adept's Arctic Staff	Cajado Ártico do Adepto
7358	T4_2H_FROSTSTAFF_CRYSTAL@2	Adept's Arctic Staff	Cajado Ártico do Adepto
7359	T4_2H_FROSTSTAFF_CRYSTAL@3	Adept's Arctic Staff	Cajado Ártico do Adepto
7360	T4_2H_FROSTSTAFF_CRYSTAL@4	Adept's Arctic Staff	Cajado Ártico do Adepto
7361	T5_2H_FROSTSTAFF_CRYSTAL	Expert's Arctic Staff	Cajado Ártico do Perito
7362	T5_2H_FROSTSTAFF_CRYSTAL@1	Expert's Arctic Staff	Cajado Ártico do Perito
7363	T5_2H_FROSTSTAFF_CRYSTAL@2	Expert's Arctic Staff	Cajado Ártico do Perito
7364	T5_2H_FROSTSTAFF_CRYSTAL@3	Expert's Arctic Staff	Cajado Ártico do Perito
7365	T5_2H_FROSTSTAFF_CRYSTAL@4	Expert's Arctic Staff	Cajado Ártico do Perito
7366	T6_2H_FROSTSTAFF_CRYSTAL	Master's Arctic Staff	Cajado Ártico do Mestre
7367	T6_2H_FROSTSTAFF_CRYSTAL@1	Master's Arctic Staff	Cajado Ártico do Mestre
7368	T6_2H_FROSTSTAFF_CRYSTAL@2	Master's Arctic Staff	Cajado Ártico do Mestre
7369	T6_2H_FROSTSTAFF_CRYSTAL@3	Master's Arctic Staff	Cajado Ártico do Mestre
7370	T6_2H_FROSTSTAFF_CRYSTAL@4	Master's Arctic Staff	Cajado Ártico do Mestre
7371	T7_2H_FROSTSTAFF_CRYSTAL	Grandmaster's Arctic Staff	Cajado Ártico do Grão-mestre
7372	T7_2H_FROSTSTAFF_CRYSTAL@1	Grandmaster's Arctic Staff	Cajado Ártico do Grão-mestre
7373	T7_2H_FROSTSTAFF_CRYSTAL@2	Grandmaster's Arctic Staff	Cajado Ártico do Grão-mestre
7374	T7_2H_FROSTSTAFF_CRYSTAL@3	Grandmaster's Arctic Staff	Cajado Ártico do Grão-mestre
7375	T7_2H_FROSTSTAFF_CRYSTAL@4	Grandmaster's Arctic Staff	Cajado Ártico do Grão-mestre
7376	T8_2H_FROSTSTAFF_CRYSTAL	Elder's Arctic Staff	Cajado Ártico do Ancião
7377	T8_2H_FROSTSTAFF_CRYSTAL@1	Elder's Arctic Staff	Cajado Ártico do Ancião
7378	T8_2H_FROSTSTAFF_CRYSTAL@2	Elder's Arctic Staff	Cajado Ártico do Ancião
7379	T8_2H_FROSTSTAFF_CRYSTAL@3	Elder's Arctic Staff	Cajado Ártico do Ancião
7380	T8_2H_FROSTSTAFF_CRYSTAL@4	Elder's Arctic Staff	Cajado Ártico do Ancião
7381	T3_MAIN_ARCANESTAFF	Journeyman's Arcane Staff	Cajado Arcano do Iniciante
7382	T4_MAIN_ARCANESTAFF	Adept's Arcane Staff	Cajado Arcano do Adepto
7383	T4_MAIN_ARCANESTAFF@1	Adept's Arcane Staff	Cajado Arcano do Adepto
7384	T4_MAIN_ARCANESTAFF@2	Adept's Arcane Staff	Cajado Arcano do Adepto
7385	T4_MAIN_ARCANESTAFF@3	Adept's Arcane Staff	Cajado Arcano do Adepto
7386	T4_MAIN_ARCANESTAFF@4	Adept's Arcane Staff	Cajado Arcano do Adepto
7387	T5_MAIN_ARCANESTAFF	Expert's Arcane Staff	Cajado Arcano do Perito
7388	T5_MAIN_ARCANESTAFF@1	Expert's Arcane Staff	Cajado Arcano do Perito
7389	T5_MAIN_ARCANESTAFF@2	Expert's Arcane Staff	Cajado Arcano do Perito
7390	T5_MAIN_ARCANESTAFF@3	Expert's Arcane Staff	Cajado Arcano do Perito
7391	T5_MAIN_ARCANESTAFF@4	Expert's Arcane Staff	Cajado Arcano do Perito
7392	T6_MAIN_ARCANESTAFF	Master's Arcane Staff	Cajado Arcano do Mestre
7393	T6_MAIN_ARCANESTAFF@1	Master's Arcane Staff	Cajado Arcano do Mestre
7394	T6_MAIN_ARCANESTAFF@2	Master's Arcane Staff	Cajado Arcano do Mestre
7395	T6_MAIN_ARCANESTAFF@3	Master's Arcane Staff	Cajado Arcano do Mestre
7396	T6_MAIN_ARCANESTAFF@4	Master's Arcane Staff	Cajado Arcano do Mestre
7397	T7_MAIN_ARCANESTAFF	Grandmaster's Arcane Staff	Cajado Arcano do Grão-mestre
7398	T7_MAIN_ARCANESTAFF@1	Grandmaster's Arcane Staff	Cajado Arcano do Grão-mestre
7399	T7_MAIN_ARCANESTAFF@2	Grandmaster's Arcane Staff	Cajado Arcano do Grão-mestre
7400	T7_MAIN_ARCANESTAFF@3	Grandmaster's Arcane Staff	Cajado Arcano do Grão-mestre
7401	T7_MAIN_ARCANESTAFF@4	Grandmaster's Arcane Staff	Cajado Arcano do Grão-mestre
7402	T8_MAIN_ARCANESTAFF	Elder's Arcane Staff	Cajado Arcano do Ancião
7403	T8_MAIN_ARCANESTAFF@1	Elder's Arcane Staff	Cajado Arcano do Ancião
7404	T8_MAIN_ARCANESTAFF@2	Elder's Arcane Staff	Cajado Arcano do Ancião
7405	T8_MAIN_ARCANESTAFF@3	Elder's Arcane Staff	Cajado Arcano do Ancião
7406	T8_MAIN_ARCANESTAFF@4	Elder's Arcane Staff	Cajado Arcano do Ancião
7407	T4_2H_ARCANESTAFF	Adept's Great Arcane Staff	Cajado Arcano Elevado do Adepto
7408	T4_2H_ARCANESTAFF@1	Adept's Great Arcane Staff	Cajado Arcano Elevado do Adepto
7409	T4_2H_ARCANESTAFF@2	Adept's Great Arcane Staff	Cajado Arcano Elevado do Adepto
7410	T4_2H_ARCANESTAFF@3	Adept's Great Arcane Staff	Cajado Arcano Elevado do Adepto
7411	T4_2H_ARCANESTAFF@4	Adept's Great Arcane Staff	Cajado Arcano Elevado do Adepto
7412	T5_2H_ARCANESTAFF	Expert's Great Arcane Staff	Cajado Arcano Elevado do Perito
7413	T5_2H_ARCANESTAFF@1	Expert's Great Arcane Staff	Cajado Arcano Elevado do Perito
7414	T5_2H_ARCANESTAFF@2	Expert's Great Arcane Staff	Cajado Arcano Elevado do Perito
7415	T5_2H_ARCANESTAFF@3	Expert's Great Arcane Staff	Cajado Arcano Elevado do Perito
7416	T5_2H_ARCANESTAFF@4	Expert's Great Arcane Staff	Cajado Arcano Elevado do Perito
7417	T6_2H_ARCANESTAFF	Master's Great Arcane Staff	Cajado Arcano Elevado do Mestre
7418	T6_2H_ARCANESTAFF@1	Master's Great Arcane Staff	Cajado Arcano Elevado do Mestre
7419	T6_2H_ARCANESTAFF@2	Master's Great Arcane Staff	Cajado Arcano Elevado do Mestre
7420	T6_2H_ARCANESTAFF@3	Master's Great Arcane Staff	Cajado Arcano Elevado do Mestre
7421	T6_2H_ARCANESTAFF@4	Master's Great Arcane Staff	Cajado Arcano Elevado do Mestre
7422	T7_2H_ARCANESTAFF	Grandmaster's Great Arcane Staff	Cajado Arcano Elevado do Grão-mestre
7423	T7_2H_ARCANESTAFF@1	Grandmaster's Great Arcane Staff	Cajado Arcano Elevado do Grão-mestre
7424	T7_2H_ARCANESTAFF@2	Grandmaster's Great Arcane Staff	Cajado Arcano Elevado do Grão-mestre
7425	T7_2H_ARCANESTAFF@3	Grandmaster's Great Arcane Staff	Cajado Arcano Elevado do Grão-mestre
7426	T7_2H_ARCANESTAFF@4	Grandmaster's Great Arcane Staff	Cajado Arcano Elevado do Grão-mestre
7427	T8_2H_ARCANESTAFF	Elder's Great Arcane Staff	Cajado Arcano Elevado do Ancião
7428	T8_2H_ARCANESTAFF@1	Elder's Great Arcane Staff	Cajado Arcano Elevado do Ancião
7429	T8_2H_ARCANESTAFF@2	Elder's Great Arcane Staff	Cajado Arcano Elevado do Ancião
7430	T8_2H_ARCANESTAFF@3	Elder's Great Arcane Staff	Cajado Arcano Elevado do Ancião
7431	T8_2H_ARCANESTAFF@4	Elder's Great Arcane Staff	Cajado Arcano Elevado do Ancião
7432	T4_2H_ENIGMATICSTAFF	Adept's Enigmatic Staff	Cajado Enigmático do Adepto
7433	T4_2H_ENIGMATICSTAFF@1	Adept's Enigmatic Staff	Cajado Enigmático do Adepto
7434	T4_2H_ENIGMATICSTAFF@2	Adept's Enigmatic Staff	Cajado Enigmático do Adepto
7435	T4_2H_ENIGMATICSTAFF@3	Adept's Enigmatic Staff	Cajado Enigmático do Adepto
7436	T4_2H_ENIGMATICSTAFF@4	Adept's Enigmatic Staff	Cajado Enigmático do Adepto
7437	T5_2H_ENIGMATICSTAFF	Expert's Enigmatic Staff	Cajado Enigmático do Perito
7438	T5_2H_ENIGMATICSTAFF@1	Expert's Enigmatic Staff	Cajado Enigmático do Perito
7439	T5_2H_ENIGMATICSTAFF@2	Expert's Enigmatic Staff	Cajado Enigmático do Perito
7440	T5_2H_ENIGMATICSTAFF@3	Expert's Enigmatic Staff	Cajado Enigmático do Perito
7441	T5_2H_ENIGMATICSTAFF@4	Expert's Enigmatic Staff	Cajado Enigmático do Perito
7442	T6_2H_ENIGMATICSTAFF	Master's Enigmatic Staff	Cajado Enigmático do Mestre
7443	T6_2H_ENIGMATICSTAFF@1	Master's Enigmatic Staff	Cajado Enigmático do Mestre
7444	T6_2H_ENIGMATICSTAFF@2	Master's Enigmatic Staff	Cajado Enigmático do Mestre
7445	T6_2H_ENIGMATICSTAFF@3	Master's Enigmatic Staff	Cajado Enigmático do Mestre
7446	T6_2H_ENIGMATICSTAFF@4	Master's Enigmatic Staff	Cajado Enigmático do Mestre
7447	T7_2H_ENIGMATICSTAFF	Grandmaster's Enigmatic Staff	Cajado Enigmático do Grão-mestre
7448	T7_2H_ENIGMATICSTAFF@1	Grandmaster's Enigmatic Staff	Cajado Enigmático do Grão-mestre
7449	T7_2H_ENIGMATICSTAFF@2	Grandmaster's Enigmatic Staff	Cajado Enigmático do Grão-mestre
7450	T7_2H_ENIGMATICSTAFF@3	Grandmaster's Enigmatic Staff	Cajado Enigmático do Grão-mestre
7451	T7_2H_ENIGMATICSTAFF@4	Grandmaster's Enigmatic Staff	Cajado Enigmático do Grão-mestre
7452	T8_2H_ENIGMATICSTAFF	Elder's Enigmatic Staff	Cajado Enigmático do Ancião
7453	T8_2H_ENIGMATICSTAFF@1	Elder's Enigmatic Staff	Cajado Enigmático do Ancião
7454	T8_2H_ENIGMATICSTAFF@2	Elder's Enigmatic Staff	Cajado Enigmático do Ancião
7455	T8_2H_ENIGMATICSTAFF@3	Elder's Enigmatic Staff	Cajado Enigmático do Ancião
7456	T8_2H_ENIGMATICSTAFF@4	Elder's Enigmatic Staff	Cajado Enigmático do Ancião
7457	T4_MAIN_ARCANESTAFF_UNDEAD	Adept's Witchwork Staff	Cajado Feiticeiro do Adepto
7458	T4_MAIN_ARCANESTAFF_UNDEAD@1	Adept's Witchwork Staff	Cajado Feiticeiro do Adepto
7459	T4_MAIN_ARCANESTAFF_UNDEAD@2	Adept's Witchwork Staff	Cajado Feiticeiro do Adepto
7460	T4_MAIN_ARCANESTAFF_UNDEAD@3	Adept's Witchwork Staff	Cajado Feiticeiro do Adepto
7461	T4_MAIN_ARCANESTAFF_UNDEAD@4	Adept's Witchwork Staff	Cajado Feiticeiro do Adepto
7462	T5_MAIN_ARCANESTAFF_UNDEAD	Expert's Witchwork Staff	Cajado Feiticeiro do Perito
7463	T5_MAIN_ARCANESTAFF_UNDEAD@1	Expert's Witchwork Staff	Cajado Feiticeiro do Perito
7464	T5_MAIN_ARCANESTAFF_UNDEAD@2	Expert's Witchwork Staff	Cajado Feiticeiro do Perito
7465	T5_MAIN_ARCANESTAFF_UNDEAD@3	Expert's Witchwork Staff	Cajado Feiticeiro do Perito
7466	T5_MAIN_ARCANESTAFF_UNDEAD@4	Expert's Witchwork Staff	Cajado Feiticeiro do Perito
7467	T6_MAIN_ARCANESTAFF_UNDEAD	Master's Witchwork Staff	Cajado Feiticeiro do Mestre
7468	T6_MAIN_ARCANESTAFF_UNDEAD@1	Master's Witchwork Staff	Cajado Feiticeiro do Mestre
7469	T6_MAIN_ARCANESTAFF_UNDEAD@2	Master's Witchwork Staff	Cajado Feiticeiro do Mestre
7470	T6_MAIN_ARCANESTAFF_UNDEAD@3	Master's Witchwork Staff	Cajado Feiticeiro do Mestre
7471	T6_MAIN_ARCANESTAFF_UNDEAD@4	Master's Witchwork Staff	Cajado Feiticeiro do Mestre
7472	T7_MAIN_ARCANESTAFF_UNDEAD	Grandmaster's Witchwork Staff	Cajado Feiticeiro do Grão-mestre
7473	T7_MAIN_ARCANESTAFF_UNDEAD@1	Grandmaster's Witchwork Staff	Cajado Feiticeiro do Grão-mestre
7474	T7_MAIN_ARCANESTAFF_UNDEAD@2	Grandmaster's Witchwork Staff	Cajado Feiticeiro do Grão-mestre
7475	T7_MAIN_ARCANESTAFF_UNDEAD@3	Grandmaster's Witchwork Staff	Cajado Feiticeiro do Grão-mestre
7476	T7_MAIN_ARCANESTAFF_UNDEAD@4	Grandmaster's Witchwork Staff	Cajado Feiticeiro do Grão-mestre
7477	T8_MAIN_ARCANESTAFF_UNDEAD	Elder's Witchwork Staff	Cajado Feiticeiro do Ancião
7478	T8_MAIN_ARCANESTAFF_UNDEAD@1	Elder's Witchwork Staff	Cajado Feiticeiro do Ancião
7479	T8_MAIN_ARCANESTAFF_UNDEAD@2	Elder's Witchwork Staff	Cajado Feiticeiro do Ancião
7480	T8_MAIN_ARCANESTAFF_UNDEAD@3	Elder's Witchwork Staff	Cajado Feiticeiro do Ancião
7481	T8_MAIN_ARCANESTAFF_UNDEAD@4	Elder's Witchwork Staff	Cajado Feiticeiro do Ancião
7482	T4_2H_ARCANESTAFF_HELL	Adept's Occult Staff	Cajado Oculto do Adepto
7483	T4_2H_ARCANESTAFF_HELL@1	Adept's Occult Staff	Cajado Oculto do Adepto
7484	T4_2H_ARCANESTAFF_HELL@2	Adept's Occult Staff	Cajado Oculto do Adepto
7485	T4_2H_ARCANESTAFF_HELL@3	Adept's Occult Staff	Cajado Oculto do Adepto
7486	T4_2H_ARCANESTAFF_HELL@4	Adept's Occult Staff	Cajado Oculto do Adepto
7487	T5_2H_ARCANESTAFF_HELL	Expert's Occult Staff	Cajado Oculto do Perito
7488	T5_2H_ARCANESTAFF_HELL@1	Expert's Occult Staff	Cajado Oculto do Perito
7489	T5_2H_ARCANESTAFF_HELL@2	Expert's Occult Staff	Cajado Oculto do Perito
7490	T5_2H_ARCANESTAFF_HELL@3	Expert's Occult Staff	Cajado Oculto do Perito
7491	T5_2H_ARCANESTAFF_HELL@4	Expert's Occult Staff	Cajado Oculto do Perito
7492	T6_2H_ARCANESTAFF_HELL	Master's Occult Staff	Cajado Oculto do Mestre
7493	T6_2H_ARCANESTAFF_HELL@1	Master's Occult Staff	Cajado Oculto do Mestre
7494	T6_2H_ARCANESTAFF_HELL@2	Master's Occult Staff	Cajado Oculto do Mestre
7495	T6_2H_ARCANESTAFF_HELL@3	Master's Occult Staff	Cajado Oculto do Mestre
7496	T6_2H_ARCANESTAFF_HELL@4	Master's Occult Staff	Cajado Oculto do Mestre
7497	T7_2H_ARCANESTAFF_HELL	Grandmaster's Occult Staff	Cajado Oculto do Grão-mestre
7498	T7_2H_ARCANESTAFF_HELL@1	Grandmaster's Occult Staff	Cajado Oculto do Grão-mestre
7499	T7_2H_ARCANESTAFF_HELL@2	Grandmaster's Occult Staff	Cajado Oculto do Grão-mestre
7500	T7_2H_ARCANESTAFF_HELL@3	Grandmaster's Occult Staff	Cajado Oculto do Grão-mestre
7501	T7_2H_ARCANESTAFF_HELL@4	Grandmaster's Occult Staff	Cajado Oculto do Grão-mestre
7502	T8_2H_ARCANESTAFF_HELL	Elder's Occult Staff	Cajado Oculto do Ancião
7503	T8_2H_ARCANESTAFF_HELL@1	Elder's Occult Staff	Cajado Oculto do Ancião
7504	T8_2H_ARCANESTAFF_HELL@2	Elder's Occult Staff	Cajado Oculto do Ancião
7505	T8_2H_ARCANESTAFF_HELL@3	Elder's Occult Staff	Cajado Oculto do Ancião
7506	T8_2H_ARCANESTAFF_HELL@4	Elder's Occult Staff	Cajado Oculto do Ancião
7507	T4_2H_ENIGMATICORB_MORGANA	Adept's Malevolent Locus	Local Malévolo do Adepto
7508	T4_2H_ENIGMATICORB_MORGANA@1	Adept's Malevolent Locus	Local Malévolo do Adepto
7509	T4_2H_ENIGMATICORB_MORGANA@2	Adept's Malevolent Locus	Local Malévolo do Adepto
7510	T4_2H_ENIGMATICORB_MORGANA@3	Adept's Malevolent Locus	Local Malévolo do Adepto
7511	T4_2H_ENIGMATICORB_MORGANA@4	Adept's Malevolent Locus	Local Malévolo do Adepto
7512	T5_2H_ENIGMATICORB_MORGANA	Expert's Malevolent Locus	Local Malévolo do Perito
7513	T5_2H_ENIGMATICORB_MORGANA@1	Expert's Malevolent Locus	Local Malévolo do Perito
7514	T5_2H_ENIGMATICORB_MORGANA@2	Expert's Malevolent Locus	Local Malévolo do Perito
7515	T5_2H_ENIGMATICORB_MORGANA@3	Expert's Malevolent Locus	Local Malévolo do Perito
7516	T5_2H_ENIGMATICORB_MORGANA@4	Expert's Malevolent Locus	Local Malévolo do Perito
7517	T6_2H_ENIGMATICORB_MORGANA	Master's Malevolent Locus	Local Malévolo do Mestre
7518	T6_2H_ENIGMATICORB_MORGANA@1	Master's Malevolent Locus	Local Malévolo do Mestre
7519	T6_2H_ENIGMATICORB_MORGANA@2	Master's Malevolent Locus	Local Malévolo do Mestre
7520	T6_2H_ENIGMATICORB_MORGANA@3	Master's Malevolent Locus	Local Malévolo do Mestre
7521	T6_2H_ENIGMATICORB_MORGANA@4	Master's Malevolent Locus	Local Malévolo do Mestre
7522	T7_2H_ENIGMATICORB_MORGANA	Grandmaster's Malevolent Locus	Local Malévolo do Grão-mestre
7523	T7_2H_ENIGMATICORB_MORGANA@1	Grandmaster's Malevolent Locus	Local Malévolo do Grão-mestre
7524	T7_2H_ENIGMATICORB_MORGANA@2	Grandmaster's Malevolent Locus	Local Malévolo do Grão-mestre
7525	T7_2H_ENIGMATICORB_MORGANA@3	Grandmaster's Malevolent Locus	Local Malévolo do Grão-mestre
7526	T7_2H_ENIGMATICORB_MORGANA@4	Grandmaster's Malevolent Locus	Local Malévolo do Grão-mestre
7527	T8_2H_ENIGMATICORB_MORGANA	Elder's Malevolent Locus	Local Malévolo do Ancião
7528	T8_2H_ENIGMATICORB_MORGANA@1	Elder's Malevolent Locus	Local Malévolo do Ancião
7529	T8_2H_ENIGMATICORB_MORGANA@2	Elder's Malevolent Locus	Local Malévolo do Ancião
7530	T8_2H_ENIGMATICORB_MORGANA@3	Elder's Malevolent Locus	Local Malévolo do Ancião
7531	T8_2H_ENIGMATICORB_MORGANA@4	Elder's Malevolent Locus	Local Malévolo do Ancião
7532	T4_2H_ARCANE_RINGPAIR_AVALON	Adept's Evensong	Som Equilibrado do Adepto
7533	T4_2H_ARCANE_RINGPAIR_AVALON@1	Adept's Evensong	Som Equilibrado do Adepto
7534	T4_2H_ARCANE_RINGPAIR_AVALON@2	Adept's Evensong	Som Equilibrado do Adepto
7535	T4_2H_ARCANE_RINGPAIR_AVALON@3	Adept's Evensong	Som Equilibrado do Adepto
7536	T4_2H_ARCANE_RINGPAIR_AVALON@4	Adept's Evensong	Som Equilibrado do Adepto
7537	T5_2H_ARCANE_RINGPAIR_AVALON	Expert's Evensong	Som Equilibrado do Perito
7538	T5_2H_ARCANE_RINGPAIR_AVALON@1	Expert's Evensong	Som Equilibrado do Perito
7539	T5_2H_ARCANE_RINGPAIR_AVALON@2	Expert's Evensong	Som Equilibrado do Perito
7540	T5_2H_ARCANE_RINGPAIR_AVALON@3	Expert's Evensong	Som Equilibrado do Perito
7541	T5_2H_ARCANE_RINGPAIR_AVALON@4	Expert's Evensong	Som Equilibrado do Perito
7542	T6_2H_ARCANE_RINGPAIR_AVALON	Master's Evensong	Som Equilibrado do Mestre
7543	T6_2H_ARCANE_RINGPAIR_AVALON@1	Master's Evensong	Som Equilibrado do Mestre
7544	T6_2H_ARCANE_RINGPAIR_AVALON@2	Master's Evensong	Som Equilibrado do Mestre
7545	T6_2H_ARCANE_RINGPAIR_AVALON@3	Master's Evensong	Som Equilibrado do Mestre
7546	T6_2H_ARCANE_RINGPAIR_AVALON@4	Master's Evensong	Som Equilibrado do Mestre
7547	T7_2H_ARCANE_RINGPAIR_AVALON	Grandmaster's Evensong	Som Equilibrado do Grão-mestre
7548	T7_2H_ARCANE_RINGPAIR_AVALON@1	Grandmaster's Evensong	Som Equilibrado do Grão-mestre
7549	T7_2H_ARCANE_RINGPAIR_AVALON@2	Grandmaster's Evensong	Som Equilibrado do Grão-mestre
7550	T7_2H_ARCANE_RINGPAIR_AVALON@3	Grandmaster's Evensong	Som Equilibrado do Grão-mestre
7551	T7_2H_ARCANE_RINGPAIR_AVALON@4	Grandmaster's Evensong	Som Equilibrado do Grão-mestre
7552	T8_2H_ARCANE_RINGPAIR_AVALON	Elder's Evensong	Som Equilibrado do Ancião
7553	T8_2H_ARCANE_RINGPAIR_AVALON@1	Elder's Evensong	Som Equilibrado do Ancião
7554	T8_2H_ARCANE_RINGPAIR_AVALON@2	Elder's Evensong	Som Equilibrado do Ancião
7555	T8_2H_ARCANE_RINGPAIR_AVALON@3	Elder's Evensong	Som Equilibrado do Ancião
7556	T8_2H_ARCANE_RINGPAIR_AVALON@4	Elder's Evensong	Som Equilibrado do Ancião
7557	T4_2H_ARCANESTAFF_CRYSTAL	Adept's Astral Staff	Cajado Astral do Adepto
7558	T4_2H_ARCANESTAFF_CRYSTAL@1	Adept's Astral Staff	Cajado Astral do Adepto
7559	T4_2H_ARCANESTAFF_CRYSTAL@2	Adept's Astral Staff	Cajado Astral do Adepto
7560	T4_2H_ARCANESTAFF_CRYSTAL@3	Adept's Astral Staff	Cajado Astral do Adepto
7561	T4_2H_ARCANESTAFF_CRYSTAL@4	Adept's Astral Staff	Cajado Astral do Adepto
7562	T5_2H_ARCANESTAFF_CRYSTAL	Expert's Astral Staff	Cajado Astral do Perito
7563	T5_2H_ARCANESTAFF_CRYSTAL@1	Expert's Astral Staff	Cajado Astral do Perito
7564	T5_2H_ARCANESTAFF_CRYSTAL@2	Expert's Astral Staff	Cajado Astral do Perito
7565	T5_2H_ARCANESTAFF_CRYSTAL@3	Expert's Astral Staff	Cajado Astral do Perito
7566	T5_2H_ARCANESTAFF_CRYSTAL@4	Expert's Astral Staff	Cajado Astral do Perito
7567	T6_2H_ARCANESTAFF_CRYSTAL	Master's Astral Staff	Cajado Astral do Mestre
7568	T6_2H_ARCANESTAFF_CRYSTAL@1	Master's Astral Staff	Cajado Astral do Mestre
7569	T6_2H_ARCANESTAFF_CRYSTAL@2	Master's Astral Staff	Cajado Astral do Mestre
7570	T6_2H_ARCANESTAFF_CRYSTAL@3	Master's Astral Staff	Cajado Astral do Mestre
7571	T6_2H_ARCANESTAFF_CRYSTAL@4	Master's Astral Staff	Cajado Astral do Mestre
7572	T7_2H_ARCANESTAFF_CRYSTAL	Grandmaster's Astral Staff	Cajado Astral do Grão-mestre
7573	T7_2H_ARCANESTAFF_CRYSTAL@1	Grandmaster's Astral Staff	Cajado Astral do Grão-mestre
7574	T7_2H_ARCANESTAFF_CRYSTAL@2	Grandmaster's Astral Staff	Cajado Astral do Grão-mestre
7575	T7_2H_ARCANESTAFF_CRYSTAL@3	Grandmaster's Astral Staff	Cajado Astral do Grão-mestre
7576	T7_2H_ARCANESTAFF_CRYSTAL@4	Grandmaster's Astral Staff	Cajado Astral do Grão-mestre
7577	T8_2H_ARCANESTAFF_CRYSTAL	Elder's Astral Staff	Cajado Astral do Ancião
7578	T8_2H_ARCANESTAFF_CRYSTAL@1	Elder's Astral Staff	Cajado Astral do Ancião
7579	T8_2H_ARCANESTAFF_CRYSTAL@2	Elder's Astral Staff	Cajado Astral do Ancião
7580	T8_2H_ARCANESTAFF_CRYSTAL@3	Elder's Astral Staff	Cajado Astral do Ancião
7581	T8_2H_ARCANESTAFF_CRYSTAL@4	Elder's Astral Staff	Cajado Astral do Ancião
7582	T3_MAIN_HOLYSTAFF	Journeyman's Holy Staff	Cajado Sagrado do Iniciante
7583	T4_MAIN_HOLYSTAFF	Adept's Holy Staff	Cajado Sagrado do Adepto
7584	T4_MAIN_HOLYSTAFF@1	Adept's Holy Staff	Cajado Sagrado do Adepto
7585	T4_MAIN_HOLYSTAFF@2	Adept's Holy Staff	Cajado Sagrado do Adepto
7586	T4_MAIN_HOLYSTAFF@3	Adept's Holy Staff	Cajado Sagrado do Adepto
7587	T4_MAIN_HOLYSTAFF@4	Adept's Holy Staff	Cajado Sagrado do Adepto
7588	T5_MAIN_HOLYSTAFF	Expert's Holy Staff	Cajado Sagrado do Perito
7589	T5_MAIN_HOLYSTAFF@1	Expert's Holy Staff	Cajado Sagrado do Perito
7590	T5_MAIN_HOLYSTAFF@2	Expert's Holy Staff	Cajado Sagrado do Perito
7591	T5_MAIN_HOLYSTAFF@3	Expert's Holy Staff	Cajado Sagrado do Perito
7592	T5_MAIN_HOLYSTAFF@4	Expert's Holy Staff	Cajado Sagrado do Perito
7593	T6_MAIN_HOLYSTAFF	Master's Holy Staff	Cajado Sagrado do Mestre
7594	T6_MAIN_HOLYSTAFF@1	Master's Holy Staff	Cajado Sagrado do Mestre
7595	T6_MAIN_HOLYSTAFF@2	Master's Holy Staff	Cajado Sagrado do Mestre
7596	T6_MAIN_HOLYSTAFF@3	Master's Holy Staff	Cajado Sagrado do Mestre
7597	T6_MAIN_HOLYSTAFF@4	Master's Holy Staff	Cajado Sagrado do Mestre
7598	T7_MAIN_HOLYSTAFF	Grandmaster's Holy Staff	Cajado Sagrado do Grão-mestre
7599	T7_MAIN_HOLYSTAFF@1	Grandmaster's Holy Staff	Cajado Sagrado do Grão-mestre
7600	T7_MAIN_HOLYSTAFF@2	Grandmaster's Holy Staff	Cajado Sagrado do Grão-mestre
7601	T7_MAIN_HOLYSTAFF@3	Grandmaster's Holy Staff	Cajado Sagrado do Grão-mestre
7602	T7_MAIN_HOLYSTAFF@4	Grandmaster's Holy Staff	Cajado Sagrado do Grão-mestre
7603	T8_MAIN_HOLYSTAFF	Elder's Holy Staff	Cajado Sagrado do Ancião
7604	T8_MAIN_HOLYSTAFF@1	Elder's Holy Staff	Cajado Sagrado do Ancião
7605	T8_MAIN_HOLYSTAFF@2	Elder's Holy Staff	Cajado Sagrado do Ancião
7606	T8_MAIN_HOLYSTAFF@3	Elder's Holy Staff	Cajado Sagrado do Ancião
7607	T8_MAIN_HOLYSTAFF@4	Elder's Holy Staff	Cajado Sagrado do Ancião
7608	T4_2H_HOLYSTAFF	Adept's Great Holy Staff	Cajado Sagrado Elevado do Adepto
7609	T4_2H_HOLYSTAFF@1	Adept's Great Holy Staff	Cajado Sagrado Elevado do Adepto
7610	T4_2H_HOLYSTAFF@2	Adept's Great Holy Staff	Cajado Sagrado Elevado do Adepto
7611	T4_2H_HOLYSTAFF@3	Adept's Great Holy Staff	Cajado Sagrado Elevado do Adepto
7612	T4_2H_HOLYSTAFF@4	Adept's Great Holy Staff	Cajado Sagrado Elevado do Adepto
7613	T5_2H_HOLYSTAFF	Expert's Great Holy Staff	Cajado Sagrado Elevado do Perito
7614	T5_2H_HOLYSTAFF@1	Expert's Great Holy Staff	Cajado Sagrado Elevado do Perito
7615	T5_2H_HOLYSTAFF@2	Expert's Great Holy Staff	Cajado Sagrado Elevado do Perito
7616	T5_2H_HOLYSTAFF@3	Expert's Great Holy Staff	Cajado Sagrado Elevado do Perito
7617	T5_2H_HOLYSTAFF@4	Expert's Great Holy Staff	Cajado Sagrado Elevado do Perito
7618	T6_2H_HOLYSTAFF	Master's Great Holy Staff	Cajado Sagrado Elevado do Mestre
7619	T6_2H_HOLYSTAFF@1	Master's Great Holy Staff	Cajado Sagrado Elevado do Mestre
7620	T6_2H_HOLYSTAFF@2	Master's Great Holy Staff	Cajado Sagrado Elevado do Mestre
7621	T6_2H_HOLYSTAFF@3	Master's Great Holy Staff	Cajado Sagrado Elevado do Mestre
7622	T6_2H_HOLYSTAFF@4	Master's Great Holy Staff	Cajado Sagrado Elevado do Mestre
7623	T7_2H_HOLYSTAFF	Grandmaster's Great Holy Staff	Cajado Sagrado Elevado do Grão-mestre
7624	T7_2H_HOLYSTAFF@1	Grandmaster's Great Holy Staff	Cajado Sagrado Elevado do Grão-mestre
7625	T7_2H_HOLYSTAFF@2	Grandmaster's Great Holy Staff	Cajado Sagrado Elevado do Grão-mestre
7626	T7_2H_HOLYSTAFF@3	Grandmaster's Great Holy Staff	Cajado Sagrado Elevado do Grão-mestre
7627	T7_2H_HOLYSTAFF@4	Grandmaster's Great Holy Staff	Cajado Sagrado Elevado do Grão-mestre
7628	T8_2H_HOLYSTAFF	Elder's Great Holy Staff	Cajado Sagrado Elevado do Ancião
7629	T8_2H_HOLYSTAFF@1	Elder's Great Holy Staff	Cajado Sagrado Elevado do Ancião
7630	T8_2H_HOLYSTAFF@2	Elder's Great Holy Staff	Cajado Sagrado Elevado do Ancião
7631	T8_2H_HOLYSTAFF@3	Elder's Great Holy Staff	Cajado Sagrado Elevado do Ancião
7632	T8_2H_HOLYSTAFF@4	Elder's Great Holy Staff	Cajado Sagrado Elevado do Ancião
7633	T4_2H_DIVINESTAFF	Adept's Divine Staff	Cajado Divino do Adepto
7634	T4_2H_DIVINESTAFF@1	Adept's Divine Staff	Cajado Divino do Adepto
7635	T4_2H_DIVINESTAFF@2	Adept's Divine Staff	Cajado Divino do Adepto
7636	T4_2H_DIVINESTAFF@3	Adept's Divine Staff	Cajado Divino do Adepto
7637	T4_2H_DIVINESTAFF@4	Adept's Divine Staff	Cajado Divino do Adepto
7638	T5_2H_DIVINESTAFF	Expert's Divine Staff	Cajado Divino do Perito
7639	T5_2H_DIVINESTAFF@1	Expert's Divine Staff	Cajado Divino do Perito
7640	T5_2H_DIVINESTAFF@2	Expert's Divine Staff	Cajado Divino do Perito
7641	T5_2H_DIVINESTAFF@3	Expert's Divine Staff	Cajado Divino do Perito
7642	T5_2H_DIVINESTAFF@4	Expert's Divine Staff	Cajado Divino do Perito
7643	T6_2H_DIVINESTAFF	Master's Divine Staff	Cajado Divino do Mestre
7644	T6_2H_DIVINESTAFF@1	Master's Divine Staff	Cajado Divino do Mestre
7645	T6_2H_DIVINESTAFF@2	Master's Divine Staff	Cajado Divino do Mestre
7646	T6_2H_DIVINESTAFF@3	Master's Divine Staff	Cajado Divino do Mestre
7647	T6_2H_DIVINESTAFF@4	Master's Divine Staff	Cajado Divino do Mestre
7648	T7_2H_DIVINESTAFF	Grandmaster's Divine Staff	Cajado Divino do Grão-mestre
7649	T7_2H_DIVINESTAFF@1	Grandmaster's Divine Staff	Cajado Divino do Grão-mestre
7650	T7_2H_DIVINESTAFF@2	Grandmaster's Divine Staff	Cajado Divino do Grão-mestre
7651	T7_2H_DIVINESTAFF@3	Grandmaster's Divine Staff	Cajado Divino do Grão-mestre
7652	T7_2H_DIVINESTAFF@4	Grandmaster's Divine Staff	Cajado Divino do Grão-mestre
7653	T8_2H_DIVINESTAFF	Elder's Divine Staff	Cajado Divino do Ancião
7654	T8_2H_DIVINESTAFF@1	Elder's Divine Staff	Cajado Divino do Ancião
7655	T8_2H_DIVINESTAFF@2	Elder's Divine Staff	Cajado Divino do Ancião
7656	T8_2H_DIVINESTAFF@3	Elder's Divine Staff	Cajado Divino do Ancião
7657	T8_2H_DIVINESTAFF@4	Elder's Divine Staff	Cajado Divino do Ancião
7658	T4_MAIN_HOLYSTAFF_MORGANA	Adept's Lifetouch Staff	Cajado Avivador do Adepto
7659	T4_MAIN_HOLYSTAFF_MORGANA@1	Adept's Lifetouch Staff	Cajado Avivador do Adepto
7660	T4_MAIN_HOLYSTAFF_MORGANA@2	Adept's Lifetouch Staff	Cajado Avivador do Adepto
7661	T4_MAIN_HOLYSTAFF_MORGANA@3	Adept's Lifetouch Staff	Cajado Avivador do Adepto
7662	T4_MAIN_HOLYSTAFF_MORGANA@4	Adept's Lifetouch Staff	Cajado Avivador do Adepto
7663	T5_MAIN_HOLYSTAFF_MORGANA	Expert's Lifetouch Staff	Cajado Avivador do Perito
7664	T5_MAIN_HOLYSTAFF_MORGANA@1	Expert's Lifetouch Staff	Cajado Avivador do Perito
7665	T5_MAIN_HOLYSTAFF_MORGANA@2	Expert's Lifetouch Staff	Cajado Avivador do Perito
7666	T5_MAIN_HOLYSTAFF_MORGANA@3	Expert's Lifetouch Staff	Cajado Avivador do Perito
7667	T5_MAIN_HOLYSTAFF_MORGANA@4	Expert's Lifetouch Staff	Cajado Avivador do Perito
7668	T6_MAIN_HOLYSTAFF_MORGANA	Master's Lifetouch Staff	Cajado Avivador do Mestre
7669	T6_MAIN_HOLYSTAFF_MORGANA@1	Master's Lifetouch Staff	Cajado Avivador do Mestre
7670	T6_MAIN_HOLYSTAFF_MORGANA@2	Master's Lifetouch Staff	Cajado Avivador do Mestre
7671	T6_MAIN_HOLYSTAFF_MORGANA@3	Master's Lifetouch Staff	Cajado Avivador do Mestre
7672	T6_MAIN_HOLYSTAFF_MORGANA@4	Master's Lifetouch Staff	Cajado Avivador do Mestre
7673	T7_MAIN_HOLYSTAFF_MORGANA	Grandmaster's Lifetouch Staff	Cajado Avivador do Grão-mestre
7674	T7_MAIN_HOLYSTAFF_MORGANA@1	Grandmaster's Lifetouch Staff	Cajado Avivador do Grão-mestre
7675	T7_MAIN_HOLYSTAFF_MORGANA@2	Grandmaster's Lifetouch Staff	Cajado Avivador do Grão-mestre
7676	T7_MAIN_HOLYSTAFF_MORGANA@3	Grandmaster's Lifetouch Staff	Cajado Avivador do Grão-mestre
7677	T7_MAIN_HOLYSTAFF_MORGANA@4	Grandmaster's Lifetouch Staff	Cajado Avivador do Grão-mestre
7678	T8_MAIN_HOLYSTAFF_MORGANA	Elder's Lifetouch Staff	Cajado Avivador do Ancião
7679	T8_MAIN_HOLYSTAFF_MORGANA@1	Elder's Lifetouch Staff	Cajado Avivador do Ancião
7680	T8_MAIN_HOLYSTAFF_MORGANA@2	Elder's Lifetouch Staff	Cajado Avivador do Ancião
7681	T8_MAIN_HOLYSTAFF_MORGANA@3	Elder's Lifetouch Staff	Cajado Avivador do Ancião
7682	T8_MAIN_HOLYSTAFF_MORGANA@4	Elder's Lifetouch Staff	Cajado Avivador do Ancião
7683	T4_2H_HOLYSTAFF_HELL	Adept's Fallen Staff	Cajado Corrompido do Adepto
7684	T4_2H_HOLYSTAFF_HELL@1	Adept's Fallen Staff	Cajado Corrompido do Adepto
7685	T4_2H_HOLYSTAFF_HELL@2	Adept's Fallen Staff	Cajado Corrompido do Adepto
7686	T4_2H_HOLYSTAFF_HELL@3	Adept's Fallen Staff	Cajado Corrompido do Adepto
7687	T4_2H_HOLYSTAFF_HELL@4	Adept's Fallen Staff	Cajado Corrompido do Adepto
7688	T5_2H_HOLYSTAFF_HELL	Expert's Fallen Staff	Cajado Corrompido do Perito
7689	T5_2H_HOLYSTAFF_HELL@1	Expert's Fallen Staff	Cajado Corrompido do Perito
7690	T5_2H_HOLYSTAFF_HELL@2	Expert's Fallen Staff	Cajado Corrompido do Perito
7691	T5_2H_HOLYSTAFF_HELL@3	Expert's Fallen Staff	Cajado Corrompido do Perito
7692	T5_2H_HOLYSTAFF_HELL@4	Expert's Fallen Staff	Cajado Corrompido do Perito
7693	T6_2H_HOLYSTAFF_HELL	Master's Fallen Staff	Cajado Corrompido do Mestre
7694	T6_2H_HOLYSTAFF_HELL@1	Master's Fallen Staff	Cajado Corrompido do Mestre
7695	T6_2H_HOLYSTAFF_HELL@2	Master's Fallen Staff	Cajado Corrompido do Mestre
7696	T6_2H_HOLYSTAFF_HELL@3	Master's Fallen Staff	Cajado Corrompido do Mestre
7697	T6_2H_HOLYSTAFF_HELL@4	Master's Fallen Staff	Cajado Corrompido do Mestre
7698	T7_2H_HOLYSTAFF_HELL	Grandmaster's Fallen Staff	Cajado Corrompido do Grão-mestre
7699	T7_2H_HOLYSTAFF_HELL@1	Grandmaster's Fallen Staff	Cajado Corrompido do Grão-mestre
7700	T7_2H_HOLYSTAFF_HELL@2	Grandmaster's Fallen Staff	Cajado Corrompido do Grão-mestre
7701	T7_2H_HOLYSTAFF_HELL@3	Grandmaster's Fallen Staff	Cajado Corrompido do Grão-mestre
7702	T7_2H_HOLYSTAFF_HELL@4	Grandmaster's Fallen Staff	Cajado Corrompido do Grão-mestre
7703	T8_2H_HOLYSTAFF_HELL	Elder's Fallen Staff	Cajado Corrompido do Ancião
7704	T8_2H_HOLYSTAFF_HELL@1	Elder's Fallen Staff	Cajado Corrompido do Ancião
7705	T8_2H_HOLYSTAFF_HELL@2	Elder's Fallen Staff	Cajado Corrompido do Ancião
7706	T8_2H_HOLYSTAFF_HELL@3	Elder's Fallen Staff	Cajado Corrompido do Ancião
7707	T8_2H_HOLYSTAFF_HELL@4	Elder's Fallen Staff	Cajado Corrompido do Ancião
7708	T4_2H_HOLYSTAFF_UNDEAD	Adept's Redemption Staff	Cajado da Redenção do Adepto
7709	T4_2H_HOLYSTAFF_UNDEAD@1	Adept's Redemption Staff	Cajado da Redenção do Adepto
7710	T4_2H_HOLYSTAFF_UNDEAD@2	Adept's Redemption Staff	Cajado da Redenção do Adepto
7711	T4_2H_HOLYSTAFF_UNDEAD@3	Adept's Redemption Staff	Cajado da Redenção do Adepto
7712	T4_2H_HOLYSTAFF_UNDEAD@4	Adept's Redemption Staff	Cajado da Redenção do Adepto
7713	T5_2H_HOLYSTAFF_UNDEAD	Expert's Redemption Staff	Cajado da Redenção do Perito
7714	T5_2H_HOLYSTAFF_UNDEAD@1	Expert's Redemption Staff	Cajado da Redenção do Perito
7715	T5_2H_HOLYSTAFF_UNDEAD@2	Expert's Redemption Staff	Cajado da Redenção do Perito
7716	T5_2H_HOLYSTAFF_UNDEAD@3	Expert's Redemption Staff	Cajado da Redenção do Perito
7717	T5_2H_HOLYSTAFF_UNDEAD@4	Expert's Redemption Staff	Cajado da Redenção do Perito
7718	T6_2H_HOLYSTAFF_UNDEAD	Master's Redemption Staff	Cajado da Redenção do Mestre
7719	T6_2H_HOLYSTAFF_UNDEAD@1	Master's Redemption Staff	Cajado da Redenção do Mestre
7720	T6_2H_HOLYSTAFF_UNDEAD@2	Master's Redemption Staff	Cajado da Redenção do Mestre
7721	T6_2H_HOLYSTAFF_UNDEAD@3	Master's Redemption Staff	Cajado da Redenção do Mestre
7722	T6_2H_HOLYSTAFF_UNDEAD@4	Master's Redemption Staff	Cajado da Redenção do Mestre
7723	T7_2H_HOLYSTAFF_UNDEAD	Grandmaster's Redemption Staff	Cajado da Redenção do Grão-mestre
7724	T7_2H_HOLYSTAFF_UNDEAD@1	Grandmaster's Redemption Staff	Cajado da Redenção do Grão-mestre
7725	T7_2H_HOLYSTAFF_UNDEAD@2	Grandmaster's Redemption Staff	Cajado da Redenção do Grão-mestre
7726	T7_2H_HOLYSTAFF_UNDEAD@3	Grandmaster's Redemption Staff	Cajado da Redenção do Grão-mestre
7727	T7_2H_HOLYSTAFF_UNDEAD@4	Grandmaster's Redemption Staff	Cajado da Redenção do Grão-mestre
7728	T8_2H_HOLYSTAFF_UNDEAD	Elder's Redemption Staff	Cajado da Redenção do Ancião
7729	T8_2H_HOLYSTAFF_UNDEAD@1	Elder's Redemption Staff	Cajado da Redenção do Ancião
7730	T8_2H_HOLYSTAFF_UNDEAD@2	Elder's Redemption Staff	Cajado da Redenção do Ancião
7731	T8_2H_HOLYSTAFF_UNDEAD@3	Elder's Redemption Staff	Cajado da Redenção do Ancião
7732	T8_2H_HOLYSTAFF_UNDEAD@4	Elder's Redemption Staff	Cajado da Redenção do Ancião
7733	T4_MAIN_HOLYSTAFF_AVALON	Adept's Hallowfall	Queda Santa do Adepto
7734	T4_MAIN_HOLYSTAFF_AVALON@1	Adept's Hallowfall	Queda Santa do Adepto
7735	T4_MAIN_HOLYSTAFF_AVALON@2	Adept's Hallowfall	Queda Santa do Adepto
7736	T4_MAIN_HOLYSTAFF_AVALON@3	Adept's Hallowfall	Queda Santa do Adepto
7737	T4_MAIN_HOLYSTAFF_AVALON@4	Adept's Hallowfall	Queda Santa do Adepto
7738	T5_MAIN_HOLYSTAFF_AVALON	Expert's Hallowfall	Queda Santa do Perito
7739	T5_MAIN_HOLYSTAFF_AVALON@1	Expert's Hallowfall	Queda Santa do Perito
7740	T5_MAIN_HOLYSTAFF_AVALON@2	Expert's Hallowfall	Queda Santa do Perito
7741	T5_MAIN_HOLYSTAFF_AVALON@3	Expert's Hallowfall	Queda Santa do Perito
7742	T5_MAIN_HOLYSTAFF_AVALON@4	Expert's Hallowfall	Queda Santa do Perito
7743	T6_MAIN_HOLYSTAFF_AVALON	Master's Hallowfall	Queda Santa do Mestre
7744	T6_MAIN_HOLYSTAFF_AVALON@1	Master's Hallowfall	Queda Santa do Mestre
7745	T6_MAIN_HOLYSTAFF_AVALON@2	Master's Hallowfall	Queda Santa do Mestre
7746	T6_MAIN_HOLYSTAFF_AVALON@3	Master's Hallowfall	Queda Santa do Mestre
7747	T6_MAIN_HOLYSTAFF_AVALON@4	Master's Hallowfall	Queda Santa do Mestre
7748	T7_MAIN_HOLYSTAFF_AVALON	Grandmaster's Hallowfall	Queda Santa do Grão-mestre
7749	T7_MAIN_HOLYSTAFF_AVALON@1	Grandmaster's Hallowfall	Queda Santa do Grão-mestre
7750	T7_MAIN_HOLYSTAFF_AVALON@2	Grandmaster's Hallowfall	Queda Santa do Grão-mestre
7751	T7_MAIN_HOLYSTAFF_AVALON@3	Grandmaster's Hallowfall	Queda Santa do Grão-mestre
7752	T7_MAIN_HOLYSTAFF_AVALON@4	Grandmaster's Hallowfall	Queda Santa do Grão-mestre
7753	T8_MAIN_HOLYSTAFF_AVALON	Elder's Hallowfall	Queda Santa do Ancião
7754	T8_MAIN_HOLYSTAFF_AVALON@1	Elder's Hallowfall	Queda Santa do Ancião
7755	T8_MAIN_HOLYSTAFF_AVALON@2	Elder's Hallowfall	Queda Santa do Ancião
7756	T8_MAIN_HOLYSTAFF_AVALON@3	Elder's Hallowfall	Queda Santa do Ancião
7757	T8_MAIN_HOLYSTAFF_AVALON@4	Elder's Hallowfall	Queda Santa do Ancião
7758	T4_2H_HOLYSTAFF_CRYSTAL	Adept's Exalted Staff	Cajado Exaltado do Adepto
7759	T4_2H_HOLYSTAFF_CRYSTAL@1	Adept's Exalted Staff	Cajado Exaltado do Adepto
7760	T4_2H_HOLYSTAFF_CRYSTAL@2	Adept's Exalted Staff	Cajado Exaltado do Adepto
7761	T4_2H_HOLYSTAFF_CRYSTAL@3	Adept's Exalted Staff	Cajado Exaltado do Adepto
7762	T4_2H_HOLYSTAFF_CRYSTAL@4	Adept's Exalted Staff	Cajado Exaltado do Adepto
7763	T5_2H_HOLYSTAFF_CRYSTAL	Expert's Exalted Staff	Cajado Exaltado do Perito
7764	T5_2H_HOLYSTAFF_CRYSTAL@1	Expert's Exalted Staff	Cajado Exaltado do Perito
7765	T5_2H_HOLYSTAFF_CRYSTAL@2	Expert's Exalted Staff	Cajado Exaltado do Perito
7766	T5_2H_HOLYSTAFF_CRYSTAL@3	Expert's Exalted Staff	Cajado Exaltado do Perito
7767	T5_2H_HOLYSTAFF_CRYSTAL@4	Expert's Exalted Staff	Cajado Exaltado do Perito
7768	T6_2H_HOLYSTAFF_CRYSTAL	Master's Exalted Staff	Cajado Exaltado do Mestre
7769	T6_2H_HOLYSTAFF_CRYSTAL@1	Master's Exalted Staff	Cajado Exaltado do Mestre
7770	T6_2H_HOLYSTAFF_CRYSTAL@2	Master's Exalted Staff	Cajado Exaltado do Mestre
7771	T6_2H_HOLYSTAFF_CRYSTAL@3	Master's Exalted Staff	Cajado Exaltado do Mestre
7772	T6_2H_HOLYSTAFF_CRYSTAL@4	Master's Exalted Staff	Cajado Exaltado do Mestre
7773	T7_2H_HOLYSTAFF_CRYSTAL	Grandmaster's Exalted Staff	Cajado Exaltado do Grão-mestre
7774	T7_2H_HOLYSTAFF_CRYSTAL@1	Grandmaster's Exalted Staff	Cajado Exaltado do Grão-mestre
7775	T7_2H_HOLYSTAFF_CRYSTAL@2	Grandmaster's Exalted Staff	Cajado Exaltado do Grão-mestre
7776	T7_2H_HOLYSTAFF_CRYSTAL@3	Grandmaster's Exalted Staff	Cajado Exaltado do Grão-mestre
7777	T7_2H_HOLYSTAFF_CRYSTAL@4	Grandmaster's Exalted Staff	Cajado Exaltado do Grão-mestre
7778	T8_2H_HOLYSTAFF_CRYSTAL	Elder's Exalted Staff	Cajado Exaltado do Ancião
7779	T8_2H_HOLYSTAFF_CRYSTAL@1	Elder's Exalted Staff	Cajado Exaltado do Ancião
7780	T8_2H_HOLYSTAFF_CRYSTAL@2	Elder's Exalted Staff	Cajado Exaltado do Ancião
7781	T8_2H_HOLYSTAFF_CRYSTAL@3	Elder's Exalted Staff	Cajado Exaltado do Ancião
7782	T8_2H_HOLYSTAFF_CRYSTAL@4	Elder's Exalted Staff	Cajado Exaltado do Ancião
7783	T3_MAIN_NATURESTAFF	Journeyman's Nature Staff	Cajado da Natureza do Iniciante
7784	T4_MAIN_NATURESTAFF	Adept's Nature Staff	Cajado da Natureza do Adepto
7785	T4_MAIN_NATURESTAFF@1	Adept's Nature Staff	Cajado da Natureza do Adepto
7786	T4_MAIN_NATURESTAFF@2	Adept's Nature Staff	Cajado da Natureza do Adepto
7787	T4_MAIN_NATURESTAFF@3	Adept's Nature Staff	Cajado da Natureza do Adepto
7788	T4_MAIN_NATURESTAFF@4	Adept's Nature Staff	Cajado da Natureza do Adepto
7789	T5_MAIN_NATURESTAFF	Expert's Nature Staff	Cajado da Natureza do Perito
7790	T5_MAIN_NATURESTAFF@1	Expert's Nature Staff	Cajado da Natureza do Perito
7791	T5_MAIN_NATURESTAFF@2	Expert's Nature Staff	Cajado da Natureza do Perito
7792	T5_MAIN_NATURESTAFF@3	Expert's Nature Staff	Cajado da Natureza do Perito
7793	T5_MAIN_NATURESTAFF@4	Expert's Nature Staff	Cajado da Natureza do Perito
7794	T6_MAIN_NATURESTAFF	Master's Nature Staff	Cajado da Natureza do Mestre
7795	T6_MAIN_NATURESTAFF@1	Master's Nature Staff	Cajado da Natureza do Mestre
7796	T6_MAIN_NATURESTAFF@2	Master's Nature Staff	Cajado da Natureza do Mestre
7797	T6_MAIN_NATURESTAFF@3	Master's Nature Staff	Cajado da Natureza do Mestre
7798	T6_MAIN_NATURESTAFF@4	Master's Nature Staff	Cajado da Natureza do Mestre
7799	T7_MAIN_NATURESTAFF	Grandmaster's Nature Staff	Cajado da Natureza do Grão-mestre
7800	T7_MAIN_NATURESTAFF@1	Grandmaster's Nature Staff	Cajado da Natureza do Grão-mestre
7801	T7_MAIN_NATURESTAFF@2	Grandmaster's Nature Staff	Cajado da Natureza do Grão-mestre
7802	T7_MAIN_NATURESTAFF@3	Grandmaster's Nature Staff	Cajado da Natureza do Grão-mestre
7803	T7_MAIN_NATURESTAFF@4	Grandmaster's Nature Staff	Cajado da Natureza do Grão-mestre
7804	T8_MAIN_NATURESTAFF	Elder's Nature Staff	Cajado da Natureza do Ancião
7805	T8_MAIN_NATURESTAFF@1	Elder's Nature Staff	Cajado da Natureza do Ancião
7806	T8_MAIN_NATURESTAFF@2	Elder's Nature Staff	Cajado da Natureza do Ancião
7807	T8_MAIN_NATURESTAFF@3	Elder's Nature Staff	Cajado da Natureza do Ancião
7808	T8_MAIN_NATURESTAFF@4	Elder's Nature Staff	Cajado da Natureza do Ancião
7809	T4_2H_NATURESTAFF	Adept's Great Nature Staff	Cajado da Natureza Elevado do Adepto
7810	T4_2H_NATURESTAFF@1	Adept's Great Nature Staff	Cajado da Natureza Elevado do Adepto
7811	T4_2H_NATURESTAFF@2	Adept's Great Nature Staff	Cajado da Natureza Elevado do Adepto
7812	T4_2H_NATURESTAFF@3	Adept's Great Nature Staff	Cajado da Natureza Elevado do Adepto
7813	T4_2H_NATURESTAFF@4	Adept's Great Nature Staff	Cajado da Natureza Elevado do Adepto
7814	T5_2H_NATURESTAFF	Expert's Great Nature Staff	Cajado da Natureza Elevado do Perito
7815	T5_2H_NATURESTAFF@1	Expert's Great Nature Staff	Cajado da Natureza Elevado do Perito
7816	T5_2H_NATURESTAFF@2	Expert's Great Nature Staff	Cajado da Natureza Elevado do Perito
7817	T5_2H_NATURESTAFF@3	Expert's Great Nature Staff	Cajado da Natureza Elevado do Perito
7818	T5_2H_NATURESTAFF@4	Expert's Great Nature Staff	Cajado da Natureza Elevado do Perito
7819	T6_2H_NATURESTAFF	Master's Great Nature Staff	Cajado da Natureza Elevado do Mestre
7820	T6_2H_NATURESTAFF@1	Master's Great Nature Staff	Cajado da Natureza Elevado do Mestre
7821	T6_2H_NATURESTAFF@2	Master's Great Nature Staff	Cajado da Natureza Elevado do Mestre
7822	T6_2H_NATURESTAFF@3	Master's Great Nature Staff	Cajado da Natureza Elevado do Mestre
7823	T6_2H_NATURESTAFF@4	Master's Great Nature Staff	Cajado da Natureza Elevado do Mestre
7824	T7_2H_NATURESTAFF	Grandmaster's Great Nature Staff	Cajado da Natureza Elevado do Grão-mestre
7825	T7_2H_NATURESTAFF@1	Grandmaster's Great Nature Staff	Cajado da Natureza Elevado do Grão-mestre
7826	T7_2H_NATURESTAFF@2	Grandmaster's Great Nature Staff	Cajado da Natureza Elevado do Grão-mestre
7827	T7_2H_NATURESTAFF@3	Grandmaster's Great Nature Staff	Cajado da Natureza Elevado do Grão-mestre
7828	T7_2H_NATURESTAFF@4	Grandmaster's Great Nature Staff	Cajado da Natureza Elevado do Grão-mestre
7829	T8_2H_NATURESTAFF	Elder's Great Nature Staff	Cajado da Natureza Elevado do Ancião
7830	T8_2H_NATURESTAFF@1	Elder's Great Nature Staff	Cajado da Natureza Elevado do Ancião
7831	T8_2H_NATURESTAFF@2	Elder's Great Nature Staff	Cajado da Natureza Elevado do Ancião
7832	T8_2H_NATURESTAFF@3	Elder's Great Nature Staff	Cajado da Natureza Elevado do Ancião
7833	T8_2H_NATURESTAFF@4	Elder's Great Nature Staff	Cajado da Natureza Elevado do Ancião
7834	T4_2H_WILDSTAFF	Adept's Wild Staff	Cajado Selvagem do Adepto
7835	T4_2H_WILDSTAFF@1	Adept's Wild Staff	Cajado Selvagem do Adepto
7836	T4_2H_WILDSTAFF@2	Adept's Wild Staff	Cajado Selvagem do Adepto
7837	T4_2H_WILDSTAFF@3	Adept's Wild Staff	Cajado Selvagem do Adepto
7838	T4_2H_WILDSTAFF@4	Adept's Wild Staff	Cajado Selvagem do Adepto
7839	T5_2H_WILDSTAFF	Expert's Wild Staff	Cajado Selvagem do Perito
7840	T5_2H_WILDSTAFF@1	Expert's Wild Staff	Cajado Selvagem do Perito
7841	T5_2H_WILDSTAFF@2	Expert's Wild Staff	Cajado Selvagem do Perito
7842	T5_2H_WILDSTAFF@3	Expert's Wild Staff	Cajado Selvagem do Perito
7843	T5_2H_WILDSTAFF@4	Expert's Wild Staff	Cajado Selvagem do Perito
7844	T6_2H_WILDSTAFF	Master's Wild Staff	Cajado Selvagem do Mestre
7845	T6_2H_WILDSTAFF@1	Master's Wild Staff	Cajado Selvagem do Mestre
7846	T6_2H_WILDSTAFF@2	Master's Wild Staff	Cajado Selvagem do Mestre
7847	T6_2H_WILDSTAFF@3	Master's Wild Staff	Cajado Selvagem do Mestre
7848	T6_2H_WILDSTAFF@4	Master's Wild Staff	Cajado Selvagem do Mestre
7849	T7_2H_WILDSTAFF	Grandmaster's Wild Staff	Cajado Selvagem do Grão-mestre
7850	T7_2H_WILDSTAFF@1	Grandmaster's Wild Staff	Cajado Selvagem do Grão-mestre
7851	T7_2H_WILDSTAFF@2	Grandmaster's Wild Staff	Cajado Selvagem do Grão-mestre
7852	T7_2H_WILDSTAFF@3	Grandmaster's Wild Staff	Cajado Selvagem do Grão-mestre
7853	T7_2H_WILDSTAFF@4	Grandmaster's Wild Staff	Cajado Selvagem do Grão-mestre
7854	T8_2H_WILDSTAFF	Elder's Wild Staff	Cajado Selvagem do Ancião
7855	T8_2H_WILDSTAFF@1	Elder's Wild Staff	Cajado Selvagem do Ancião
7856	T8_2H_WILDSTAFF@2	Elder's Wild Staff	Cajado Selvagem do Ancião
7857	T8_2H_WILDSTAFF@3	Elder's Wild Staff	Cajado Selvagem do Ancião
7858	T8_2H_WILDSTAFF@4	Elder's Wild Staff	Cajado Selvagem do Ancião
7859	T4_MAIN_NATURESTAFF_KEEPER	Adept's Druidic Staff	Cajado Druídico do Adepto
7860	T4_MAIN_NATURESTAFF_KEEPER@1	Adept's Druidic Staff	Cajado Druídico do Adepto
7861	T4_MAIN_NATURESTAFF_KEEPER@2	Adept's Druidic Staff	Cajado Druídico do Adepto
7862	T4_MAIN_NATURESTAFF_KEEPER@3	Adept's Druidic Staff	Cajado Druídico do Adepto
7863	T4_MAIN_NATURESTAFF_KEEPER@4	Adept's Druidic Staff	Cajado Druídico do Adepto
7864	T5_MAIN_NATURESTAFF_KEEPER	Expert's Druidic Staff	Cajado Druídico do Perito
7865	T5_MAIN_NATURESTAFF_KEEPER@1	Expert's Druidic Staff	Cajado Druídico do Perito
7866	T5_MAIN_NATURESTAFF_KEEPER@2	Expert's Druidic Staff	Cajado Druídico do Perito
7867	T5_MAIN_NATURESTAFF_KEEPER@3	Expert's Druidic Staff	Cajado Druídico do Perito
7868	T5_MAIN_NATURESTAFF_KEEPER@4	Expert's Druidic Staff	Cajado Druídico do Perito
7869	T6_MAIN_NATURESTAFF_KEEPER	Master's Druidic Staff	Cajado Druídico do Mestre
7870	T6_MAIN_NATURESTAFF_KEEPER@1	Master's Druidic Staff	Cajado Druídico do Mestre
7871	T6_MAIN_NATURESTAFF_KEEPER@2	Master's Druidic Staff	Cajado Druídico do Mestre
7872	T6_MAIN_NATURESTAFF_KEEPER@3	Master's Druidic Staff	Cajado Druídico do Mestre
7873	T6_MAIN_NATURESTAFF_KEEPER@4	Master's Druidic Staff	Cajado Druídico do Mestre
7874	T7_MAIN_NATURESTAFF_KEEPER	Grandmaster's Druidic Staff	Cajado Druídico do Grão-mestre
7875	T7_MAIN_NATURESTAFF_KEEPER@1	Grandmaster's Druidic Staff	Cajado Druídico do Grão-mestre
7876	T7_MAIN_NATURESTAFF_KEEPER@2	Grandmaster's Druidic Staff	Cajado Druídico do Grão-mestre
7877	T7_MAIN_NATURESTAFF_KEEPER@3	Grandmaster's Druidic Staff	Cajado Druídico do Grão-mestre
7878	T7_MAIN_NATURESTAFF_KEEPER@4	Grandmaster's Druidic Staff	Cajado Druídico do Grão-mestre
7879	T8_MAIN_NATURESTAFF_KEEPER	Elder's Druidic Staff	Cajado Druídico do Ancião
7880	T8_MAIN_NATURESTAFF_KEEPER@1	Elder's Druidic Staff	Cajado Druídico do Ancião
7881	T8_MAIN_NATURESTAFF_KEEPER@2	Elder's Druidic Staff	Cajado Druídico do Ancião
7882	T8_MAIN_NATURESTAFF_KEEPER@3	Elder's Druidic Staff	Cajado Druídico do Ancião
7883	T8_MAIN_NATURESTAFF_KEEPER@4	Elder's Druidic Staff	Cajado Druídico do Ancião
7884	T4_2H_NATURESTAFF_HELL	Adept's Blight Staff	Cajado Pustulento do Adepto
7885	T4_2H_NATURESTAFF_HELL@1	Adept's Blight Staff	Cajado Pustulento do Adepto
7886	T4_2H_NATURESTAFF_HELL@2	Adept's Blight Staff	Cajado Pustulento do Adepto
7887	T4_2H_NATURESTAFF_HELL@3	Adept's Blight Staff	Cajado Pustulento do Adepto
7888	T4_2H_NATURESTAFF_HELL@4	Adept's Blight Staff	Cajado Pustulento do Adepto
7889	T5_2H_NATURESTAFF_HELL	Expert's Blight Staff	Cajado Pustulento do Perito
7890	T5_2H_NATURESTAFF_HELL@1	Expert's Blight Staff	Cajado Pustulento do Perito
7891	T5_2H_NATURESTAFF_HELL@2	Expert's Blight Staff	Cajado Pustulento do Perito
7892	T5_2H_NATURESTAFF_HELL@3	Expert's Blight Staff	Cajado Pustulento do Perito
7893	T5_2H_NATURESTAFF_HELL@4	Expert's Blight Staff	Cajado Pustulento do Perito
7894	T6_2H_NATURESTAFF_HELL	Master's Blight Staff	Cajado Pustulento do Mestre
7895	T6_2H_NATURESTAFF_HELL@1	Master's Blight Staff	Cajado Pustulento do Mestre
7896	T6_2H_NATURESTAFF_HELL@2	Master's Blight Staff	Cajado Pustulento do Mestre
7897	T6_2H_NATURESTAFF_HELL@3	Master's Blight Staff	Cajado Pustulento do Mestre
7898	T6_2H_NATURESTAFF_HELL@4	Master's Blight Staff	Cajado Pustulento do Mestre
7899	T7_2H_NATURESTAFF_HELL	Grandmaster's Blight Staff	Cajado Pustulento do Grão-mestre
7900	T7_2H_NATURESTAFF_HELL@1	Grandmaster's Blight Staff	Cajado Pustulento do Grão-mestre
7901	T7_2H_NATURESTAFF_HELL@2	Grandmaster's Blight Staff	Cajado Pustulento do Grão-mestre
7902	T7_2H_NATURESTAFF_HELL@3	Grandmaster's Blight Staff	Cajado Pustulento do Grão-mestre
7903	T7_2H_NATURESTAFF_HELL@4	Grandmaster's Blight Staff	Cajado Pustulento do Grão-mestre
7904	T8_2H_NATURESTAFF_HELL	Elder's Blight Staff	Cajado Pustulento do Ancião
7905	T8_2H_NATURESTAFF_HELL@1	Elder's Blight Staff	Cajado Pustulento do Ancião
7906	T8_2H_NATURESTAFF_HELL@2	Elder's Blight Staff	Cajado Pustulento do Ancião
7907	T8_2H_NATURESTAFF_HELL@3	Elder's Blight Staff	Cajado Pustulento do Ancião
7908	T8_2H_NATURESTAFF_HELL@4	Elder's Blight Staff	Cajado Pustulento do Ancião
7909	T4_2H_NATURESTAFF_KEEPER	Adept's Rampant Staff	Cajado Rampante do Adepto
7910	T4_2H_NATURESTAFF_KEEPER@1	Adept's Rampant Staff	Cajado Rampante do Adepto
7911	T4_2H_NATURESTAFF_KEEPER@2	Adept's Rampant Staff	Cajado Rampante do Adepto
7912	T4_2H_NATURESTAFF_KEEPER@3	Adept's Rampant Staff	Cajado Rampante do Adepto
7913	T4_2H_NATURESTAFF_KEEPER@4	Adept's Rampant Staff	Cajado Rampante do Adepto
7914	T5_2H_NATURESTAFF_KEEPER	Expert's Rampant Staff	Cajado Rampante do Perito
7915	T5_2H_NATURESTAFF_KEEPER@1	Expert's Rampant Staff	Cajado Rampante do Perito
7916	T5_2H_NATURESTAFF_KEEPER@2	Expert's Rampant Staff	Cajado Rampante do Perito
7917	T5_2H_NATURESTAFF_KEEPER@3	Expert's Rampant Staff	Cajado Rampante do Perito
7918	T5_2H_NATURESTAFF_KEEPER@4	Expert's Rampant Staff	Cajado Rampante do Perito
7919	T6_2H_NATURESTAFF_KEEPER	Master's Rampant Staff	Cajado Rampante do Mestre
7920	T6_2H_NATURESTAFF_KEEPER@1	Master's Rampant Staff	Cajado Rampante do Mestre
7921	T6_2H_NATURESTAFF_KEEPER@2	Master's Rampant Staff	Cajado Rampante do Mestre
7922	T6_2H_NATURESTAFF_KEEPER@3	Master's Rampant Staff	Cajado Rampante do Mestre
7923	T6_2H_NATURESTAFF_KEEPER@4	Master's Rampant Staff	Cajado Rampante do Mestre
7924	T7_2H_NATURESTAFF_KEEPER	Grandmaster's Rampant Staff	Cajado Rampante do Grão-mestre
7925	T7_2H_NATURESTAFF_KEEPER@1	Grandmaster's Rampant Staff	Cajado Rampante do Grão-mestre
7926	T7_2H_NATURESTAFF_KEEPER@2	Grandmaster's Rampant Staff	Cajado Rampante do Grão-mestre
7927	T7_2H_NATURESTAFF_KEEPER@3	Grandmaster's Rampant Staff	Cajado Rampante do Grão-mestre
7928	T7_2H_NATURESTAFF_KEEPER@4	Grandmaster's Rampant Staff	Cajado Rampante do Grão-mestre
7929	T8_2H_NATURESTAFF_KEEPER	Elder's Rampant Staff	Cajado Rampante do Ancião
7930	T8_2H_NATURESTAFF_KEEPER@1	Elder's Rampant Staff	Cajado Rampante do Ancião
7931	T8_2H_NATURESTAFF_KEEPER@2	Elder's Rampant Staff	Cajado Rampante do Ancião
7932	T8_2H_NATURESTAFF_KEEPER@3	Elder's Rampant Staff	Cajado Rampante do Ancião
7933	T8_2H_NATURESTAFF_KEEPER@4	Elder's Rampant Staff	Cajado Rampante do Ancião
7934	T4_MAIN_NATURESTAFF_AVALON	Adept's Ironroot Staff	Raiz Férrea do Adepto
7935	T4_MAIN_NATURESTAFF_AVALON@1	Adept's Ironroot Staff	Raiz Férrea do Adepto
7936	T4_MAIN_NATURESTAFF_AVALON@2	Adept's Ironroot Staff	Raiz Férrea do Adepto
7937	T4_MAIN_NATURESTAFF_AVALON@3	Adept's Ironroot Staff	Raiz Férrea do Adepto
7938	T4_MAIN_NATURESTAFF_AVALON@4	Adept's Ironroot Staff	Raiz Férrea do Adepto
7939	T5_MAIN_NATURESTAFF_AVALON	Expert's Ironroot Staff	Raiz Férrea do Perito
7940	T5_MAIN_NATURESTAFF_AVALON@1	Expert's Ironroot Staff	Raiz Férrea do Perito
7941	T5_MAIN_NATURESTAFF_AVALON@2	Expert's Ironroot Staff	Raiz Férrea do Perito
7942	T5_MAIN_NATURESTAFF_AVALON@3	Expert's Ironroot Staff	Raiz Férrea do Perito
7943	T5_MAIN_NATURESTAFF_AVALON@4	Expert's Ironroot Staff	Raiz Férrea do Perito
7944	T6_MAIN_NATURESTAFF_AVALON	Master's Ironroot Staff	Raiz Férrea do Mestre
7945	T6_MAIN_NATURESTAFF_AVALON@1	Master's Ironroot Staff	Raiz Férrea do Mestre
7946	T6_MAIN_NATURESTAFF_AVALON@2	Master's Ironroot Staff	Raiz Férrea do Mestre
7947	T6_MAIN_NATURESTAFF_AVALON@3	Master's Ironroot Staff	Raiz Férrea do Mestre
7948	T6_MAIN_NATURESTAFF_AVALON@4	Master's Ironroot Staff	Raiz Férrea do Mestre
7949	T7_MAIN_NATURESTAFF_AVALON	Grandmaster's Ironroot Staff	Raiz Férrea do Grão-mestre
7950	T7_MAIN_NATURESTAFF_AVALON@1	Grandmaster's Ironroot Staff	Raiz Férrea do Grão-mestre
7951	T7_MAIN_NATURESTAFF_AVALON@2	Grandmaster's Ironroot Staff	Raiz Férrea do Grão-mestre
7952	T7_MAIN_NATURESTAFF_AVALON@3	Grandmaster's Ironroot Staff	Raiz Férrea do Grão-mestre
7953	T7_MAIN_NATURESTAFF_AVALON@4	Grandmaster's Ironroot Staff	Raiz Férrea do Grão-mestre
7954	T8_MAIN_NATURESTAFF_AVALON	Elder's Ironroot Staff	Raiz Férrea do Ancião
7955	T8_MAIN_NATURESTAFF_AVALON@1	Elder's Ironroot Staff	Raiz Férrea do Ancião
7956	T8_MAIN_NATURESTAFF_AVALON@2	Elder's Ironroot Staff	Raiz Férrea do Ancião
7957	T8_MAIN_NATURESTAFF_AVALON@3	Elder's Ironroot Staff	Raiz Férrea do Ancião
7958	T8_MAIN_NATURESTAFF_AVALON@4	Elder's Ironroot Staff	Raiz Férrea do Ancião
7959	T4_MAIN_NATURESTAFF_CRYSTAL	Adept's Forgebark Staff	Cajado de Crosta Forjada do Adepto
7960	T4_MAIN_NATURESTAFF_CRYSTAL@1	Adept's Forgebark Staff	Cajado de Crosta Forjada do Adepto
7961	T4_MAIN_NATURESTAFF_CRYSTAL@2	Adept's Forgebark Staff	Cajado de Crosta Forjada do Adepto
7962	T4_MAIN_NATURESTAFF_CRYSTAL@3	Adept's Forgebark Staff	Cajado de Crosta Forjada do Adepto
7963	T4_MAIN_NATURESTAFF_CRYSTAL@4	Adept's Forgebark Staff	Cajado de Crosta Forjada do Adepto
7964	T5_MAIN_NATURESTAFF_CRYSTAL	Expert's Forgebark Staff	Cajado de Crosta Forjada do Perito
7965	T5_MAIN_NATURESTAFF_CRYSTAL@1	Expert's Forgebark Staff	Cajado de Crosta Forjada do Perito
7966	T5_MAIN_NATURESTAFF_CRYSTAL@2	Expert's Forgebark Staff	Cajado de Crosta Forjada do Perito
7967	T5_MAIN_NATURESTAFF_CRYSTAL@3	Expert's Forgebark Staff	Cajado de Crosta Forjada do Perito
7968	T5_MAIN_NATURESTAFF_CRYSTAL@4	Expert's Forgebark Staff	Cajado de Crosta Forjada do Perito
7969	T6_MAIN_NATURESTAFF_CRYSTAL	Master's Forgebark Staff	Cajado de Crosta Forjada do Mestre
7970	T6_MAIN_NATURESTAFF_CRYSTAL@1	Master's Forgebark Staff	Cajado de Crosta Forjada do Mestre
7971	T6_MAIN_NATURESTAFF_CRYSTAL@2	Master's Forgebark Staff	Cajado de Crosta Forjada do Mestre
7972	T6_MAIN_NATURESTAFF_CRYSTAL@3	Master's Forgebark Staff	Cajado de Crosta Forjada do Mestre
7973	T6_MAIN_NATURESTAFF_CRYSTAL@4	Master's Forgebark Staff	Cajado de Crosta Forjada do Mestre
7974	T7_MAIN_NATURESTAFF_CRYSTAL	Grandmaster's Forgebark Staff	Cajado de Crosta Forjada do Grão-mestre
7975	T7_MAIN_NATURESTAFF_CRYSTAL@1	Grandmaster's Forgebark Staff	Cajado de Crosta Forjada do Grão-mestre
7976	T7_MAIN_NATURESTAFF_CRYSTAL@2	Grandmaster's Forgebark Staff	Cajado de Crosta Forjada do Grão-mestre
7977	T7_MAIN_NATURESTAFF_CRYSTAL@3	Grandmaster's Forgebark Staff	Cajado de Crosta Forjada do Grão-mestre
7978	T7_MAIN_NATURESTAFF_CRYSTAL@4	Grandmaster's Forgebark Staff	Cajado de Crosta Forjada do Grão-mestre
7979	T8_MAIN_NATURESTAFF_CRYSTAL	Elder's Forgebark Staff	Cajado de Crosta Forjada do Ancião
7980	T8_MAIN_NATURESTAFF_CRYSTAL@1	Elder's Forgebark Staff	Cajado de Crosta Forjada do Ancião
7981	T8_MAIN_NATURESTAFF_CRYSTAL@2	Elder's Forgebark Staff	Cajado de Crosta Forjada do Ancião
7982	T8_MAIN_NATURESTAFF_CRYSTAL@3	Elder's Forgebark Staff	Cajado de Crosta Forjada do Ancião
7983	T8_MAIN_NATURESTAFF_CRYSTAL@4	Elder's Forgebark Staff	Cajado de Crosta Forjada do Ancião
7984	T3_MAIN_DAGGER	Journeyman's Dagger	Adaga do Iniciante
7985	T4_MAIN_DAGGER	Adept's Dagger	Adaga do Adepto
7986	T4_MAIN_DAGGER@1	Adept's Dagger	Adaga do Adepto
7987	T4_MAIN_DAGGER@2	Adept's Dagger	Adaga do Adepto
7988	T4_MAIN_DAGGER@3	Adept's Dagger	Adaga do Adepto
7989	T4_MAIN_DAGGER@4	Adept's Dagger	Adaga do Adepto
7990	T5_MAIN_DAGGER	Expert's Dagger	Adaga do Perito
7991	T5_MAIN_DAGGER@1	Expert's Dagger	Adaga do Perito
7992	T5_MAIN_DAGGER@2	Expert's Dagger	Adaga do Perito
7993	T5_MAIN_DAGGER@3	Expert's Dagger	Adaga do Perito
7994	T5_MAIN_DAGGER@4	Expert's Dagger	Adaga do Perito
7995	T6_MAIN_DAGGER	Master's Dagger	Adaga do Mestre
7996	T6_MAIN_DAGGER@1	Master's Dagger	Adaga do Mestre
7997	T6_MAIN_DAGGER@2	Master's Dagger	Adaga do Mestre
7998	T6_MAIN_DAGGER@3	Master's Dagger	Adaga do Mestre
7999	T6_MAIN_DAGGER@4	Master's Dagger	Adaga do Mestre
8000	T7_MAIN_DAGGER	Grandmaster's Dagger	Adaga do Grão-mestre
8001	T7_MAIN_DAGGER@1	Grandmaster's Dagger	Adaga do Grão-mestre
8002	T7_MAIN_DAGGER@2	Grandmaster's Dagger	Adaga do Grão-mestre
8003	T7_MAIN_DAGGER@3	Grandmaster's Dagger	Adaga do Grão-mestre
8004	T7_MAIN_DAGGER@4	Grandmaster's Dagger	Adaga do Grão-mestre
8005	T8_MAIN_DAGGER	Elder's Dagger	Adaga do Ancião
8006	T8_MAIN_DAGGER@1	Elder's Dagger	Adaga do Ancião
8007	T8_MAIN_DAGGER@2	Elder's Dagger	Adaga do Ancião
8008	T8_MAIN_DAGGER@3	Elder's Dagger	Adaga do Ancião
8009	T8_MAIN_DAGGER@4	Elder's Dagger	Adaga do Ancião
8010	T4_2H_DAGGERPAIR	Adept's Dagger Pair	Par de Adagas do Adepto
8011	T4_2H_DAGGERPAIR@1	Adept's Dagger Pair	Par de Adagas do Adepto
8012	T4_2H_DAGGERPAIR@2	Adept's Dagger Pair	Par de Adagas do Adepto
8013	T4_2H_DAGGERPAIR@3	Adept's Dagger Pair	Par de Adagas do Adepto
8014	T4_2H_DAGGERPAIR@4	Adept's Dagger Pair	Par de Adagas do Adepto
8015	T5_2H_DAGGERPAIR	Expert's Dagger Pair	Par de Adagas do Perito
8016	T5_2H_DAGGERPAIR@1	Expert's Dagger Pair	Par de Adagas do Perito
8017	T5_2H_DAGGERPAIR@2	Expert's Dagger Pair	Par de Adagas do Perito
8018	T5_2H_DAGGERPAIR@3	Expert's Dagger Pair	Par de Adagas do Perito
8019	T5_2H_DAGGERPAIR@4	Expert's Dagger Pair	Par de Adagas do Perito
8020	T6_2H_DAGGERPAIR	Master's Dagger Pair	Par de Adagas do Mestre
8021	T6_2H_DAGGERPAIR@1	Master's Dagger Pair	Par de Adagas do Mestre
8022	T6_2H_DAGGERPAIR@2	Master's Dagger Pair	Par de Adagas do Mestre
8023	T6_2H_DAGGERPAIR@3	Master's Dagger Pair	Par de Adagas do Mestre
8024	T6_2H_DAGGERPAIR@4	Master's Dagger Pair	Par de Adagas do Mestre
8025	T7_2H_DAGGERPAIR	Grandmaster's Dagger Pair	Par de Adagas do Grão-mestre
8026	T7_2H_DAGGERPAIR@1	Grandmaster's Dagger Pair	Par de Adagas do Grão-mestre
8027	T7_2H_DAGGERPAIR@2	Grandmaster's Dagger Pair	Par de Adagas do Grão-mestre
8028	T7_2H_DAGGERPAIR@3	Grandmaster's Dagger Pair	Par de Adagas do Grão-mestre
8029	T7_2H_DAGGERPAIR@4	Grandmaster's Dagger Pair	Par de Adagas do Grão-mestre
8030	T8_2H_DAGGERPAIR	Elder's Dagger Pair	Par de Adagas do Ancião
8031	T8_2H_DAGGERPAIR@1	Elder's Dagger Pair	Par de Adagas do Ancião
8032	T8_2H_DAGGERPAIR@2	Elder's Dagger Pair	Par de Adagas do Ancião
8033	T8_2H_DAGGERPAIR@3	Elder's Dagger Pair	Par de Adagas do Ancião
8034	T8_2H_DAGGERPAIR@4	Elder's Dagger Pair	Par de Adagas do Ancião
8035	T4_2H_CLAWPAIR	Adept's Claws	Garras do Adepto
8036	T4_2H_CLAWPAIR@1	Adept's Claws	Garras do Adepto
8037	T4_2H_CLAWPAIR@2	Adept's Claws	Garras do Adepto
8038	T4_2H_CLAWPAIR@3	Adept's Claws	Garras do Adepto
8039	T4_2H_CLAWPAIR@4	Adept's Claws	Garras do Adepto
8040	T5_2H_CLAWPAIR	Expert's Claws	Garras do Perito
8041	T5_2H_CLAWPAIR@1	Expert's Claws	Garras do Perito
8042	T5_2H_CLAWPAIR@2	Expert's Claws	Garras do Perito
8043	T5_2H_CLAWPAIR@3	Expert's Claws	Garras do Perito
8044	T5_2H_CLAWPAIR@4	Expert's Claws	Garras do Perito
8045	T6_2H_CLAWPAIR	Master's Claws	Garras do Mestre
8046	T6_2H_CLAWPAIR@1	Master's Claws	Garras do Mestre
8047	T6_2H_CLAWPAIR@2	Master's Claws	Garras do Mestre
8048	T6_2H_CLAWPAIR@3	Master's Claws	Garras do Mestre
8049	T6_2H_CLAWPAIR@4	Master's Claws	Garras do Mestre
8050	T7_2H_CLAWPAIR	Grandmaster's Claws	Garras do Grão-mestre
8051	T7_2H_CLAWPAIR@1	Grandmaster's Claws	Garras do Grão-mestre
8052	T7_2H_CLAWPAIR@2	Grandmaster's Claws	Garras do Grão-mestre
8053	T7_2H_CLAWPAIR@3	Grandmaster's Claws	Garras do Grão-mestre
8054	T7_2H_CLAWPAIR@4	Grandmaster's Claws	Garras do Grão-mestre
8055	T8_2H_CLAWPAIR	Elder's Claws	Garras do Ancião
8056	T8_2H_CLAWPAIR@1	Elder's Claws	Garras do Ancião
8057	T8_2H_CLAWPAIR@2	Elder's Claws	Garras do Ancião
8058	T8_2H_CLAWPAIR@3	Elder's Claws	Garras do Ancião
8059	T8_2H_CLAWPAIR@4	Elder's Claws	Garras do Ancião
8060	T4_MAIN_RAPIER_MORGANA	Adept's Bloodletter	Dessangrador do Adepto
8061	T4_MAIN_RAPIER_MORGANA@1	Adept's Bloodletter	Dessangrador do Adepto
8062	T4_MAIN_RAPIER_MORGANA@2	Adept's Bloodletter	Dessangrador do Adepto
8063	T4_MAIN_RAPIER_MORGANA@3	Adept's Bloodletter	Dessangrador do Adepto
8064	T4_MAIN_RAPIER_MORGANA@4	Adept's Bloodletter	Dessangrador do Adepto
8065	T5_MAIN_RAPIER_MORGANA	Expert's Bloodletter	Dessangrador do Perito
8066	T5_MAIN_RAPIER_MORGANA@1	Expert's Bloodletter	Dessangrador do Perito
8067	T5_MAIN_RAPIER_MORGANA@2	Expert's Bloodletter	Dessangrador do Perito
8068	T5_MAIN_RAPIER_MORGANA@3	Expert's Bloodletter	Dessangrador do Perito
8069	T5_MAIN_RAPIER_MORGANA@4	Expert's Bloodletter	Dessangrador do Perito
8070	T6_MAIN_RAPIER_MORGANA	Master's Bloodletter	Dessangrador do Mestre
8071	T6_MAIN_RAPIER_MORGANA@1	Master's Bloodletter	Dessangrador do Mestre
8072	T6_MAIN_RAPIER_MORGANA@2	Master's Bloodletter	Dessangrador do Mestre
8073	T6_MAIN_RAPIER_MORGANA@3	Master's Bloodletter	Dessangrador do Mestre
8074	T6_MAIN_RAPIER_MORGANA@4	Master's Bloodletter	Dessangrador do Mestre
8075	T7_MAIN_RAPIER_MORGANA	Grandmaster's Bloodletter	Dessangrador do Grão-mestre
8076	T7_MAIN_RAPIER_MORGANA@1	Grandmaster's Bloodletter	Dessangrador do Grão-mestre
8077	T7_MAIN_RAPIER_MORGANA@2	Grandmaster's Bloodletter	Dessangrador do Grão-mestre
8078	T7_MAIN_RAPIER_MORGANA@3	Grandmaster's Bloodletter	Dessangrador do Grão-mestre
8079	T7_MAIN_RAPIER_MORGANA@4	Grandmaster's Bloodletter	Dessangrador do Grão-mestre
8080	T8_MAIN_RAPIER_MORGANA	Elder's Bloodletter	Dessangrador do Ancião
8081	T8_MAIN_RAPIER_MORGANA@1	Elder's Bloodletter	Dessangrador do Ancião
8082	T8_MAIN_RAPIER_MORGANA@2	Elder's Bloodletter	Dessangrador do Ancião
8083	T8_MAIN_RAPIER_MORGANA@3	Elder's Bloodletter	Dessangrador do Ancião
8084	T8_MAIN_RAPIER_MORGANA@4	Elder's Bloodletter	Dessangrador do Ancião
8085	T4_MAIN_DAGGER_HELL	Adept's Demonfang	Presa Demoníaca do Adepto
8086	T4_MAIN_DAGGER_HELL@1	Adept's Demonfang	Presa Demoníaca do Adepto
8087	T4_MAIN_DAGGER_HELL@2	Adept's Demonfang	Presa Demoníaca do Adepto
8088	T4_MAIN_DAGGER_HELL@3	Adept's Demonfang	Presa Demoníaca do Adepto
8089	T4_MAIN_DAGGER_HELL@4	Adept's Demonfang	Presa Demoníaca do Adepto
8090	T5_MAIN_DAGGER_HELL	Expert's Demonfang	Presa Demoníaca do Perito
8091	T5_MAIN_DAGGER_HELL@1	Expert's Demonfang	Presa Demoníaca do Perito
8092	T5_MAIN_DAGGER_HELL@2	Expert's Demonfang	Presa Demoníaca do Perito
8093	T5_MAIN_DAGGER_HELL@3	Expert's Demonfang	Presa Demoníaca do Perito
8094	T5_MAIN_DAGGER_HELL@4	Expert's Demonfang	Presa Demoníaca do Perito
8095	T6_MAIN_DAGGER_HELL	Master's Demonfang	Presa Demoníaca do Mestre
8096	T6_MAIN_DAGGER_HELL@1	Master's Demonfang	Presa Demoníaca do Mestre
8097	T6_MAIN_DAGGER_HELL@2	Master's Demonfang	Presa Demoníaca do Mestre
8098	T6_MAIN_DAGGER_HELL@3	Master's Demonfang	Presa Demoníaca do Mestre
8099	T6_MAIN_DAGGER_HELL@4	Master's Demonfang	Presa Demoníaca do Mestre
8100	T7_MAIN_DAGGER_HELL	Grandmaster's Demonfang	Presa Demoníaca do Grão-mestre
8101	T7_MAIN_DAGGER_HELL@1	Grandmaster's Demonfang	Presa Demoníaca do Grão-mestre
8102	T7_MAIN_DAGGER_HELL@2	Grandmaster's Demonfang	Presa Demoníaca do Grão-mestre
8103	T7_MAIN_DAGGER_HELL@3	Grandmaster's Demonfang	Presa Demoníaca do Grão-mestre
8104	T7_MAIN_DAGGER_HELL@4	Grandmaster's Demonfang	Presa Demoníaca do Grão-mestre
8105	T8_MAIN_DAGGER_HELL	Elder's Demonfang	Presa Demoníaca do Ancião
8106	T8_MAIN_DAGGER_HELL@1	Elder's Demonfang	Presa Demoníaca do Ancião
8107	T8_MAIN_DAGGER_HELL@2	Elder's Demonfang	Presa Demoníaca do Ancião
8108	T8_MAIN_DAGGER_HELL@3	Elder's Demonfang	Presa Demoníaca do Ancião
8109	T8_MAIN_DAGGER_HELL@4	Elder's Demonfang	Presa Demoníaca do Ancião
8110	T4_2H_IRONGAUNTLETS_HELL	Adept's Black Hands	Mãos Pretas do Adepto
8111	T4_2H_IRONGAUNTLETS_HELL@1	Adept's Black Hands	Mãos Pretas do Adepto
8112	T4_2H_IRONGAUNTLETS_HELL@2	Adept's Black Hands	Mãos Pretas do Adepto
8113	T4_2H_IRONGAUNTLETS_HELL@3	Adept's Black Hands	Mãos Pretas do Adepto
8114	T5_2H_IRONGAUNTLETS_HELL	Expert's Black Hands	Mãos Pretas do Perito
8115	T5_2H_IRONGAUNTLETS_HELL@1	Expert's Black Hands	Mãos Pretas do Perito
8116	T5_2H_IRONGAUNTLETS_HELL@2	Expert's Black Hands	Mãos Pretas do Perito
8117	T5_2H_IRONGAUNTLETS_HELL@3	Expert's Black Hands	Mãos Pretas do Perito
8118	T6_2H_IRONGAUNTLETS_HELL	Master's Black Hands	Mãos Pretas do Mestre
8119	T6_2H_IRONGAUNTLETS_HELL@1	Master's Black Hands	Mãos Pretas do Mestre
8120	T6_2H_IRONGAUNTLETS_HELL@2	Master's Black Hands	Mãos Pretas do Mestre
8121	T6_2H_IRONGAUNTLETS_HELL@3	Master's Black Hands	Mãos Pretas do Mestre
8122	T7_2H_IRONGAUNTLETS_HELL	Grandmaster's Black Hands	Mãos Pretas do Grão-mestre
8123	T7_2H_IRONGAUNTLETS_HELL@1	Grandmaster's Black Hands	Mãos Pretas do Grão-mestre
8124	T7_2H_IRONGAUNTLETS_HELL@2	Grandmaster's Black Hands	Mãos Pretas do Grão-mestre
8125	T7_2H_IRONGAUNTLETS_HELL@3	Grandmaster's Black Hands	Mãos Pretas do Grão-mestre
8126	T8_2H_IRONGAUNTLETS_HELL	Elder's Black Hands	Mãos Pretas do Ancião
8127	T8_2H_IRONGAUNTLETS_HELL@1	Elder's Black Hands	Mãos Pretas do Ancião
8128	T8_2H_IRONGAUNTLETS_HELL@2	Elder's Black Hands	Mãos Pretas do Ancião
8129	T8_2H_IRONGAUNTLETS_HELL@3	Elder's Black Hands	Mãos Pretas do Ancião
8130	T4_2H_DUALSICKLE_UNDEAD	Adept's Deathgivers	Mortíficos do Adepto
8131	T4_2H_DUALSICKLE_UNDEAD@1	Adept's Deathgivers	Mortíficos do Adepto
8132	T4_2H_DUALSICKLE_UNDEAD@2	Adept's Deathgivers	Mortíficos do Adepto
8133	T4_2H_DUALSICKLE_UNDEAD@3	Adept's Deathgivers	Mortíficos do Adepto
8134	T4_2H_DUALSICKLE_UNDEAD@4	Adept's Deathgivers	Mortíficos do Adepto
8135	T5_2H_DUALSICKLE_UNDEAD	Expert's Deathgivers	Mortíficos do Perito
8136	T5_2H_DUALSICKLE_UNDEAD@1	Expert's Deathgivers	Mortíficos do Perito
8137	T5_2H_DUALSICKLE_UNDEAD@2	Expert's Deathgivers	Mortíficos do Perito
8138	T5_2H_DUALSICKLE_UNDEAD@3	Expert's Deathgivers	Mortíficos do Perito
8139	T5_2H_DUALSICKLE_UNDEAD@4	Expert's Deathgivers	Mortíficos do Perito
8140	T6_2H_DUALSICKLE_UNDEAD	Master's Deathgivers	Mortíficos do Mestre
8141	T6_2H_DUALSICKLE_UNDEAD@1	Master's Deathgivers	Mortíficos do Mestre
8142	T6_2H_DUALSICKLE_UNDEAD@2	Master's Deathgivers	Mortíficos do Mestre
8143	T6_2H_DUALSICKLE_UNDEAD@3	Master's Deathgivers	Mortíficos do Mestre
8144	T6_2H_DUALSICKLE_UNDEAD@4	Master's Deathgivers	Mortíficos do Mestre
8145	T7_2H_DUALSICKLE_UNDEAD	Grandmaster's Deathgivers	Mortíficos do Grão-mestre
8146	T7_2H_DUALSICKLE_UNDEAD@1	Grandmaster's Deathgivers	Mortíficos do Grão-mestre
8147	T7_2H_DUALSICKLE_UNDEAD@2	Grandmaster's Deathgivers	Mortíficos do Grão-mestre
8148	T7_2H_DUALSICKLE_UNDEAD@3	Grandmaster's Deathgivers	Mortíficos do Grão-mestre
8149	T7_2H_DUALSICKLE_UNDEAD@4	Grandmaster's Deathgivers	Mortíficos do Grão-mestre
8150	T8_2H_DUALSICKLE_UNDEAD	Elder's Deathgivers	Mortíficos do Ancião
8151	T8_2H_DUALSICKLE_UNDEAD@1	Elder's Deathgivers	Mortíficos do Ancião
8152	T8_2H_DUALSICKLE_UNDEAD@2	Elder's Deathgivers	Mortíficos do Ancião
8153	T8_2H_DUALSICKLE_UNDEAD@3	Elder's Deathgivers	Mortíficos do Ancião
8154	T8_2H_DUALSICKLE_UNDEAD@4	Elder's Deathgivers	Mortíficos do Ancião
8155	T4_2H_DAGGER_KATAR_AVALON	Adept's Bridled Fury	Fúria Contida do Adepto
8156	T4_2H_DAGGER_KATAR_AVALON@1	Adept's Bridled Fury	Fúria Contida do Adepto
8157	T4_2H_DAGGER_KATAR_AVALON@2	Adept's Bridled Fury	Fúria Contida do Adepto
8158	T4_2H_DAGGER_KATAR_AVALON@3	Adept's Bridled Fury	Fúria Contida do Adepto
8159	T4_2H_DAGGER_KATAR_AVALON@4	Adept's Bridled Fury	Fúria Contida do Adepto
8160	T5_2H_DAGGER_KATAR_AVALON	Expert's Bridled Fury	Fúria Contida do Perito
8161	T5_2H_DAGGER_KATAR_AVALON@1	Expert's Bridled Fury	Fúria Contida do Perito
8162	T5_2H_DAGGER_KATAR_AVALON@2	Expert's Bridled Fury	Fúria Contida do Perito
8163	T5_2H_DAGGER_KATAR_AVALON@3	Expert's Bridled Fury	Fúria Contida do Perito
8164	T5_2H_DAGGER_KATAR_AVALON@4	Expert's Bridled Fury	Fúria Contida do Perito
8165	T6_2H_DAGGER_KATAR_AVALON	Master's Bridled Fury	Fúria Contida do Mestre
8166	T6_2H_DAGGER_KATAR_AVALON@1	Master's Bridled Fury	Fúria Contida do Mestre
8167	T6_2H_DAGGER_KATAR_AVALON@2	Master's Bridled Fury	Fúria Contida do Mestre
8168	T6_2H_DAGGER_KATAR_AVALON@3	Master's Bridled Fury	Fúria Contida do Mestre
8169	T6_2H_DAGGER_KATAR_AVALON@4	Master's Bridled Fury	Fúria Contida do Mestre
8170	T7_2H_DAGGER_KATAR_AVALON	Grandmaster's Bridled Fury	Fúria Contida do Grão-mestre
8171	T7_2H_DAGGER_KATAR_AVALON@1	Grandmaster's Bridled Fury	Fúria Contida do Grão-mestre
8172	T7_2H_DAGGER_KATAR_AVALON@2	Grandmaster's Bridled Fury	Fúria Contida do Grão-mestre
8173	T7_2H_DAGGER_KATAR_AVALON@3	Grandmaster's Bridled Fury	Fúria Contida do Grão-mestre
8174	T7_2H_DAGGER_KATAR_AVALON@4	Grandmaster's Bridled Fury	Fúria Contida do Grão-mestre
8175	T8_2H_DAGGER_KATAR_AVALON	Elder's Bridled Fury	Fúria Contida do Ancião
8176	T8_2H_DAGGER_KATAR_AVALON@1	Elder's Bridled Fury	Fúria Contida do Ancião
8177	T8_2H_DAGGER_KATAR_AVALON@2	Elder's Bridled Fury	Fúria Contida do Ancião
8178	T8_2H_DAGGER_KATAR_AVALON@3	Elder's Bridled Fury	Fúria Contida do Ancião
8179	T8_2H_DAGGER_KATAR_AVALON@4	Elder's Bridled Fury	Fúria Contida do Ancião
8180	T4_2H_DAGGERPAIR_CRYSTAL	Adept's Twin Slayers	Gêmeas Aniquiladoras do Adepto
8181	T4_2H_DAGGERPAIR_CRYSTAL@1	Adept's Twin Slayers	Gêmeas Aniquiladoras do Adepto
8182	T4_2H_DAGGERPAIR_CRYSTAL@2	Adept's Twin Slayers	Gêmeas Aniquiladoras do Adepto
8183	T4_2H_DAGGERPAIR_CRYSTAL@3	Adept's Twin Slayers	Gêmeas Aniquiladoras do Adepto
8184	T4_2H_DAGGERPAIR_CRYSTAL@4	Adept's Twin Slayers	Gêmeas Aniquiladoras do Adepto
8185	T5_2H_DAGGERPAIR_CRYSTAL	Expert's Twin Slayers	Gêmeas Aniquiladoras do Perito
8186	T5_2H_DAGGERPAIR_CRYSTAL@1	Expert's Twin Slayers	Gêmeas Aniquiladoras do Perito
8187	T5_2H_DAGGERPAIR_CRYSTAL@2	Expert's Twin Slayers	Gêmeas Aniquiladoras do Perito
8188	T5_2H_DAGGERPAIR_CRYSTAL@3	Expert's Twin Slayers	Gêmeas Aniquiladoras do Perito
8189	T5_2H_DAGGERPAIR_CRYSTAL@4	Expert's Twin Slayers	Gêmeas Aniquiladoras do Perito
8190	T6_2H_DAGGERPAIR_CRYSTAL	Master's Twin Slayers	Gêmeas Aniquiladoras do Mestre
8191	T6_2H_DAGGERPAIR_CRYSTAL@1	Master's Twin Slayers	Gêmeas Aniquiladoras do Mestre
8192	T6_2H_DAGGERPAIR_CRYSTAL@2	Master's Twin Slayers	Gêmeas Aniquiladoras do Mestre
8193	T6_2H_DAGGERPAIR_CRYSTAL@3	Master's Twin Slayers	Gêmeas Aniquiladoras do Mestre
8194	T6_2H_DAGGERPAIR_CRYSTAL@4	Master's Twin Slayers	Gêmeas Aniquiladoras do Mestre
8195	T7_2H_DAGGERPAIR_CRYSTAL	Grandmaster's Twin Slayers	Gêmeas Aniquiladoras do Grão-mestre
8196	T7_2H_DAGGERPAIR_CRYSTAL@1	Grandmaster's Twin Slayers	Gêmeas Aniquiladoras do Grão-mestre
8197	T7_2H_DAGGERPAIR_CRYSTAL@2	Grandmaster's Twin Slayers	Gêmeas Aniquiladoras do Grão-mestre
8198	T7_2H_DAGGERPAIR_CRYSTAL@3	Grandmaster's Twin Slayers	Gêmeas Aniquiladoras do Grão-mestre
8199	T7_2H_DAGGERPAIR_CRYSTAL@4	Grandmaster's Twin Slayers	Gêmeas Aniquiladoras do Grão-mestre
8200	T8_2H_DAGGERPAIR_CRYSTAL	Elder's Twin Slayers	Gêmeas Aniquiladoras do Ancião
8201	T8_2H_DAGGERPAIR_CRYSTAL@1	Elder's Twin Slayers	Gêmeas Aniquiladoras do Ancião
8202	T8_2H_DAGGERPAIR_CRYSTAL@2	Elder's Twin Slayers	Gêmeas Aniquiladoras do Ancião
8203	T8_2H_DAGGERPAIR_CRYSTAL@3	Elder's Twin Slayers	Gêmeas Aniquiladoras do Ancião
8204	T8_2H_DAGGERPAIR_CRYSTAL@4	Elder's Twin Slayers	Gêmeas Aniquiladoras do Ancião
8205	T3_MAIN_SPEAR	Journeyman's Spear	Lança do Iniciante
8206	T4_MAIN_SPEAR	Adept's Spear	Lança do Adepto
8207	T4_MAIN_SPEAR@1	Adept's Spear	Lança do Adepto
8208	T4_MAIN_SPEAR@2	Adept's Spear	Lança do Adepto
8209	T4_MAIN_SPEAR@3	Adept's Spear	Lança do Adepto
8210	T4_MAIN_SPEAR@4	Adept's Spear	Lança do Adepto
8211	T5_MAIN_SPEAR	Expert's Spear	Lança do Perito
8212	T5_MAIN_SPEAR@1	Expert's Spear	Lança do Perito
8213	T5_MAIN_SPEAR@2	Expert's Spear	Lança do Perito
8214	T5_MAIN_SPEAR@3	Expert's Spear	Lança do Perito
8215	T5_MAIN_SPEAR@4	Expert's Spear	Lança do Perito
8216	T6_MAIN_SPEAR	Master's Spear	Lança do Mestre
8217	T6_MAIN_SPEAR@1	Master's Spear	Lança do Mestre
8218	T6_MAIN_SPEAR@2	Master's Spear	Lança do Mestre
8219	T6_MAIN_SPEAR@3	Master's Spear	Lança do Mestre
8220	T6_MAIN_SPEAR@4	Master's Spear	Lança do Mestre
8221	T7_MAIN_SPEAR	Grandmaster's Spear	Lança do Grão-mestre
8222	T7_MAIN_SPEAR@1	Grandmaster's Spear	Lança do Grão-mestre
8223	T7_MAIN_SPEAR@2	Grandmaster's Spear	Lança do Grão-mestre
8224	T7_MAIN_SPEAR@3	Grandmaster's Spear	Lança do Grão-mestre
8225	T7_MAIN_SPEAR@4	Grandmaster's Spear	Lança do Grão-mestre
8226	T8_MAIN_SPEAR	Elder's Spear	Lança do Ancião
8227	T8_MAIN_SPEAR@1	Elder's Spear	Lança do Ancião
8228	T8_MAIN_SPEAR@2	Elder's Spear	Lança do Ancião
8229	T8_MAIN_SPEAR@3	Elder's Spear	Lança do Ancião
8230	T8_MAIN_SPEAR@4	Elder's Spear	Lança do Ancião
8231	T4_2H_SPEAR	Adept's Pike	Pique do Adepto
8232	T4_2H_SPEAR@1	Adept's Pike	Pique do Adepto
8233	T4_2H_SPEAR@2	Adept's Pike	Pique do Adepto
8234	T4_2H_SPEAR@3	Adept's Pike	Pique do Adepto
8235	T4_2H_SPEAR@4	Adept's Pike	Pique do Adepto
8236	T5_2H_SPEAR	Expert's Pike	Pique do Perito
8237	T5_2H_SPEAR@1	Expert's Pike	Pique do Perito
8238	T5_2H_SPEAR@2	Expert's Pike	Pique do Perito
8239	T5_2H_SPEAR@3	Expert's Pike	Pique do Perito
8240	T5_2H_SPEAR@4	Expert's Pike	Pique do Perito
8241	T6_2H_SPEAR	Master's Pike	Pique do Mestre
8242	T6_2H_SPEAR@1	Master's Pike	Pique do Mestre
8243	T6_2H_SPEAR@2	Master's Pike	Pique do Mestre
8244	T6_2H_SPEAR@3	Master's Pike	Pique do Mestre
8245	T6_2H_SPEAR@4	Master's Pike	Pique do Mestre
8246	T7_2H_SPEAR	Grandmaster's Pike	Pique do Grão-mestre
8247	T7_2H_SPEAR@1	Grandmaster's Pike	Pique do Grão-mestre
8248	T7_2H_SPEAR@2	Grandmaster's Pike	Pique do Grão-mestre
8249	T7_2H_SPEAR@3	Grandmaster's Pike	Pique do Grão-mestre
8250	T7_2H_SPEAR@4	Grandmaster's Pike	Pique do Grão-mestre
8251	T8_2H_SPEAR	Elder's Pike	Pique do Ancião
8252	T8_2H_SPEAR@1	Elder's Pike	Pique do Ancião
8253	T8_2H_SPEAR@2	Elder's Pike	Pique do Ancião
8254	T8_2H_SPEAR@3	Elder's Pike	Pique do Ancião
8255	T8_2H_SPEAR@4	Elder's Pike	Pique do Ancião
8256	T4_2H_GLAIVE	Adept's Glaive	Archa do Adepto
8257	T4_2H_GLAIVE@1	Adept's Glaive	Archa do Adepto
8258	T4_2H_GLAIVE@2	Adept's Glaive	Archa do Adepto
8259	T4_2H_GLAIVE@3	Adept's Glaive	Archa do Adepto
8260	T4_2H_GLAIVE@4	Adept's Glaive	Archa do Adepto
8261	T5_2H_GLAIVE	Expert's Glaive	Archa do Perito
8262	T5_2H_GLAIVE@1	Expert's Glaive	Archa do Perito
8263	T5_2H_GLAIVE@2	Expert's Glaive	Archa do Perito
8264	T5_2H_GLAIVE@3	Expert's Glaive	Archa do Perito
8265	T5_2H_GLAIVE@4	Expert's Glaive	Archa do Perito
8266	T6_2H_GLAIVE	Master's Glaive	Archa do Mestre
8267	T6_2H_GLAIVE@1	Master's Glaive	Archa do Mestre
8268	T6_2H_GLAIVE@2	Master's Glaive	Archa do Mestre
8269	T6_2H_GLAIVE@3	Master's Glaive	Archa do Mestre
8270	T6_2H_GLAIVE@4	Master's Glaive	Archa do Mestre
8271	T7_2H_GLAIVE	Grandmaster's Glaive	Archa do Grão-mestre
8272	T7_2H_GLAIVE@1	Grandmaster's Glaive	Archa do Grão-mestre
8273	T7_2H_GLAIVE@2	Grandmaster's Glaive	Archa do Grão-mestre
8274	T7_2H_GLAIVE@3	Grandmaster's Glaive	Archa do Grão-mestre
8275	T7_2H_GLAIVE@4	Grandmaster's Glaive	Archa do Grão-mestre
8276	T8_2H_GLAIVE	Elder's Glaive	Archa do Ancião
8277	T8_2H_GLAIVE@1	Elder's Glaive	Archa do Ancião
8278	T8_2H_GLAIVE@2	Elder's Glaive	Archa do Ancião
8279	T8_2H_GLAIVE@3	Elder's Glaive	Archa do Ancião
8280	T8_2H_GLAIVE@4	Elder's Glaive	Archa do Ancião
8281	T4_MAIN_SPEAR_KEEPER	Adept's Heron Spear	Lança Garceira do Adepto
8282	T4_MAIN_SPEAR_KEEPER@1	Adept's Heron Spear	Lança Garceira do Adepto
8283	T4_MAIN_SPEAR_KEEPER@2	Adept's Heron Spear	Lança Garceira do Adepto
8284	T4_MAIN_SPEAR_KEEPER@3	Adept's Heron Spear	Lança Garceira do Adepto
8285	T4_MAIN_SPEAR_KEEPER@4	Adept's Heron Spear	Lança Garceira do Adepto
8286	T5_MAIN_SPEAR_KEEPER	Expert's Heron Spear	Lança Garceira do Perito
8287	T5_MAIN_SPEAR_KEEPER@1	Expert's Heron Spear	Lança Garceira do Perito
8288	T5_MAIN_SPEAR_KEEPER@2	Expert's Heron Spear	Lança Garceira do Perito
8289	T5_MAIN_SPEAR_KEEPER@3	Expert's Heron Spear	Lança Garceira do Perito
8290	T5_MAIN_SPEAR_KEEPER@4	Expert's Heron Spear	Lança Garceira do Perito
8291	T6_MAIN_SPEAR_KEEPER	Master's Heron Spear	Lança Garceira do Mestre
8292	T6_MAIN_SPEAR_KEEPER@1	Master's Heron Spear	Lança Garceira do Mestre
8293	T6_MAIN_SPEAR_KEEPER@2	Master's Heron Spear	Lança Garceira do Mestre
8294	T6_MAIN_SPEAR_KEEPER@3	Master's Heron Spear	Lança Garceira do Mestre
8295	T6_MAIN_SPEAR_KEEPER@4	Master's Heron Spear	Lança Garceira do Mestre
8296	T7_MAIN_SPEAR_KEEPER	Grandmaster's Heron Spear	Lança Garceira do Grão-mestre
8297	T7_MAIN_SPEAR_KEEPER@1	Grandmaster's Heron Spear	Lança Garceira do Grão-mestre
8298	T7_MAIN_SPEAR_KEEPER@2	Grandmaster's Heron Spear	Lança Garceira do Grão-mestre
8299	T7_MAIN_SPEAR_KEEPER@3	Grandmaster's Heron Spear	Lança Garceira do Grão-mestre
8300	T7_MAIN_SPEAR_KEEPER@4	Grandmaster's Heron Spear	Lança Garceira do Grão-mestre
8301	T8_MAIN_SPEAR_KEEPER	Elder's Heron Spear	Lança Garceira do Ancião
8302	T8_MAIN_SPEAR_KEEPER@1	Elder's Heron Spear	Lança Garceira do Ancião
8303	T8_MAIN_SPEAR_KEEPER@2	Elder's Heron Spear	Lança Garceira do Ancião
8304	T8_MAIN_SPEAR_KEEPER@3	Elder's Heron Spear	Lança Garceira do Ancião
8305	T8_MAIN_SPEAR_KEEPER@4	Elder's Heron Spear	Lança Garceira do Ancião
8306	T4_2H_HARPOON_HELL	Adept's Spirithunter	Caça-espíritos do Adepto
8307	T4_2H_HARPOON_HELL@1	Adept's Spirithunter	Caça-espíritos do Adepto
8308	T4_2H_HARPOON_HELL@2	Adept's Spirithunter	Caça-espíritos do Adepto
8309	T4_2H_HARPOON_HELL@3	Adept's Spirithunter	Caça-espíritos do Adepto
8310	T4_2H_HARPOON_HELL@4	Adept's Spirithunter	Caça-espíritos do Adepto
8311	T5_2H_HARPOON_HELL	Expert's Spirithunter	Caça-espíritos do Perito
8312	T5_2H_HARPOON_HELL@1	Expert's Spirithunter	Caça-espíritos do Perito
8313	T5_2H_HARPOON_HELL@2	Expert's Spirithunter	Caça-espíritos do Perito
8314	T5_2H_HARPOON_HELL@3	Expert's Spirithunter	Caça-espíritos do Perito
8315	T5_2H_HARPOON_HELL@4	Expert's Spirithunter	Caça-espíritos do Perito
8316	T6_2H_HARPOON_HELL	Master's Spirithunter	Caça-espíritos do Mestre
8317	T6_2H_HARPOON_HELL@1	Master's Spirithunter	Caça-espíritos do Mestre
8318	T6_2H_HARPOON_HELL@2	Master's Spirithunter	Caça-espíritos do Mestre
8319	T6_2H_HARPOON_HELL@3	Master's Spirithunter	Caça-espíritos do Mestre
8320	T6_2H_HARPOON_HELL@4	Master's Spirithunter	Caça-espíritos do Mestre
8321	T7_2H_HARPOON_HELL	Grandmaster's Spirithunter	Caça-espíritos do Grão-mestre
8322	T7_2H_HARPOON_HELL@1	Grandmaster's Spirithunter	Caça-espíritos do Grão-mestre
8323	T7_2H_HARPOON_HELL@2	Grandmaster's Spirithunter	Caça-espíritos do Grão-mestre
8324	T7_2H_HARPOON_HELL@3	Grandmaster's Spirithunter	Caça-espíritos do Grão-mestre
8325	T7_2H_HARPOON_HELL@4	Grandmaster's Spirithunter	Caça-espíritos do Grão-mestre
8326	T8_2H_HARPOON_HELL	Elder's Spirithunter	Caça-espíritos do Ancião
8327	T8_2H_HARPOON_HELL@1	Elder's Spirithunter	Caça-espíritos do Ancião
8328	T8_2H_HARPOON_HELL@2	Elder's Spirithunter	Caça-espíritos do Ancião
8329	T8_2H_HARPOON_HELL@3	Elder's Spirithunter	Caça-espíritos do Ancião
8330	T8_2H_HARPOON_HELL@4	Elder's Spirithunter	Caça-espíritos do Ancião
8331	T4_2H_TRIDENT_UNDEAD	Adept's Trinity Spear	Lança Trina do Adepto
8332	T4_2H_TRIDENT_UNDEAD@1	Adept's Trinity Spear	Lança Trina do Adepto
8333	T4_2H_TRIDENT_UNDEAD@2	Adept's Trinity Spear	Lança Trina do Adepto
8334	T4_2H_TRIDENT_UNDEAD@3	Adept's Trinity Spear	Lança Trina do Adepto
8335	T4_2H_TRIDENT_UNDEAD@4	Adept's Trinity Spear	Lança Trina do Adepto
8336	T5_2H_TRIDENT_UNDEAD	Expert's Trinity Spear	Lança Trina do Perito
8337	T5_2H_TRIDENT_UNDEAD@1	Expert's Trinity Spear	Lança Trina do Perito
8338	T5_2H_TRIDENT_UNDEAD@2	Expert's Trinity Spear	Lança Trina do Perito
8339	T5_2H_TRIDENT_UNDEAD@3	Expert's Trinity Spear	Lança Trina do Perito
8340	T5_2H_TRIDENT_UNDEAD@4	Expert's Trinity Spear	Lança Trina do Perito
8341	T6_2H_TRIDENT_UNDEAD	Master's Trinity Spear	Lança Trina do Mestre
8342	T6_2H_TRIDENT_UNDEAD@1	Master's Trinity Spear	Lança Trina do Mestre
8343	T6_2H_TRIDENT_UNDEAD@2	Master's Trinity Spear	Lança Trina do Mestre
8344	T6_2H_TRIDENT_UNDEAD@3	Master's Trinity Spear	Lança Trina do Mestre
8345	T6_2H_TRIDENT_UNDEAD@4	Master's Trinity Spear	Lança Trina do Mestre
8346	T7_2H_TRIDENT_UNDEAD	Grandmaster's Trinity Spear	Lança Trina do Grão-mestre
8347	T7_2H_TRIDENT_UNDEAD@1	Grandmaster's Trinity Spear	Lança Trina do Grão-mestre
8348	T7_2H_TRIDENT_UNDEAD@2	Grandmaster's Trinity Spear	Lança Trina do Grão-mestre
8349	T7_2H_TRIDENT_UNDEAD@3	Grandmaster's Trinity Spear	Lança Trina do Grão-mestre
8350	T7_2H_TRIDENT_UNDEAD@4	Grandmaster's Trinity Spear	Lança Trina do Grão-mestre
8351	T8_2H_TRIDENT_UNDEAD	Elder's Trinity Spear	Lança Trina do Ancião
8352	T8_2H_TRIDENT_UNDEAD@1	Elder's Trinity Spear	Lança Trina do Ancião
8353	T8_2H_TRIDENT_UNDEAD@2	Elder's Trinity Spear	Lança Trina do Ancião
8354	T8_2H_TRIDENT_UNDEAD@3	Elder's Trinity Spear	Lança Trina do Ancião
8355	T8_2H_TRIDENT_UNDEAD@4	Elder's Trinity Spear	Lança Trina do Ancião
8356	T4_MAIN_SPEAR_LANCE_AVALON	Adept's Daybreaker	Alvorada do Adepto
8357	T4_MAIN_SPEAR_LANCE_AVALON@1	Adept's Daybreaker	Alvorada do Adepto
8358	T4_MAIN_SPEAR_LANCE_AVALON@2	Adept's Daybreaker	Alvorada do Adepto
8359	T4_MAIN_SPEAR_LANCE_AVALON@3	Adept's Daybreaker	Alvorada do Adepto
8360	T4_MAIN_SPEAR_LANCE_AVALON@4	Adept's Daybreaker	Alvorada do Adepto
8361	T5_MAIN_SPEAR_LANCE_AVALON	Expert's Daybreaker	Alvorada do Perito
8362	T5_MAIN_SPEAR_LANCE_AVALON@1	Expert's Daybreaker	Alvorada do Perito
8363	T5_MAIN_SPEAR_LANCE_AVALON@2	Expert's Daybreaker	Alvorada do Perito
8364	T5_MAIN_SPEAR_LANCE_AVALON@3	Expert's Daybreaker	Alvorada do Perito
8365	T5_MAIN_SPEAR_LANCE_AVALON@4	Expert's Daybreaker	Alvorada do Perito
8366	T6_MAIN_SPEAR_LANCE_AVALON	Master's Daybreaker	Alvorada do Mestre
8367	T6_MAIN_SPEAR_LANCE_AVALON@1	Master's Daybreaker	Alvorada do Mestre
8368	T6_MAIN_SPEAR_LANCE_AVALON@2	Master's Daybreaker	Alvorada do Mestre
8369	T6_MAIN_SPEAR_LANCE_AVALON@3	Master's Daybreaker	Alvorada do Mestre
8370	T6_MAIN_SPEAR_LANCE_AVALON@4	Master's Daybreaker	Alvorada do Mestre
8371	T7_MAIN_SPEAR_LANCE_AVALON	Grandmaster's Daybreaker	Alvorada do Grão-mestre
8372	T7_MAIN_SPEAR_LANCE_AVALON@1	Grandmaster's Daybreaker	Alvorada do Grão-mestre
8373	T7_MAIN_SPEAR_LANCE_AVALON@2	Grandmaster's Daybreaker	Alvorada do Grão-mestre
8374	T7_MAIN_SPEAR_LANCE_AVALON@3	Grandmaster's Daybreaker	Alvorada do Grão-mestre
8375	T7_MAIN_SPEAR_LANCE_AVALON@4	Grandmaster's Daybreaker	Alvorada do Grão-mestre
8376	T8_MAIN_SPEAR_LANCE_AVALON	Elder's Daybreaker	Alvorada do Ancião
8377	T8_MAIN_SPEAR_LANCE_AVALON@1	Elder's Daybreaker	Alvorada do Ancião
8378	T8_MAIN_SPEAR_LANCE_AVALON@2	Elder's Daybreaker	Alvorada do Ancião
8379	T8_MAIN_SPEAR_LANCE_AVALON@3	Elder's Daybreaker	Alvorada do Ancião
8380	T8_MAIN_SPEAR_LANCE_AVALON@4	Elder's Daybreaker	Alvorada do Ancião
8381	T4_2H_GLAIVE_CRYSTAL	Adept's Rift Glaive	Archa Fraturada do Adepto
8382	T4_2H_GLAIVE_CRYSTAL@1	Adept's Rift Glaive	Archa Fraturada do Adepto
8383	T4_2H_GLAIVE_CRYSTAL@2	Adept's Rift Glaive	Archa Fraturada do Adepto
8384	T4_2H_GLAIVE_CRYSTAL@3	Adept's Rift Glaive	Archa Fraturada do Adepto
8385	T4_2H_GLAIVE_CRYSTAL@4	Adept's Rift Glaive	Archa Fraturada do Adepto
8386	T5_2H_GLAIVE_CRYSTAL	Expert's Rift Glaive	Archa Fraturada do Perito
8387	T5_2H_GLAIVE_CRYSTAL@1	Expert's Rift Glaive	Archa Fraturada do Perito
8388	T5_2H_GLAIVE_CRYSTAL@2	Expert's Rift Glaive	Archa Fraturada do Perito
8389	T5_2H_GLAIVE_CRYSTAL@3	Expert's Rift Glaive	Archa Fraturada do Perito
8390	T5_2H_GLAIVE_CRYSTAL@4	Expert's Rift Glaive	Archa Fraturada do Perito
8391	T6_2H_GLAIVE_CRYSTAL	Master's Rift Glaive	Archa Fraturada do Mestre
8392	T6_2H_GLAIVE_CRYSTAL@1	Master's Rift Glaive	Archa Fraturada do Mestre
8393	T6_2H_GLAIVE_CRYSTAL@2	Master's Rift Glaive	Archa Fraturada do Mestre
8394	T6_2H_GLAIVE_CRYSTAL@3	Master's Rift Glaive	Archa Fraturada do Mestre
8395	T6_2H_GLAIVE_CRYSTAL@4	Master's Rift Glaive	Archa Fraturada do Mestre
8396	T7_2H_GLAIVE_CRYSTAL	Grandmaster's Rift Glaive	Archa Fraturada do Grão-mestre
8397	T7_2H_GLAIVE_CRYSTAL@1	Grandmaster's Rift Glaive	Archa Fraturada do Grão-mestre
8398	T7_2H_GLAIVE_CRYSTAL@2	Grandmaster's Rift Glaive	Archa Fraturada do Grão-mestre
8399	T7_2H_GLAIVE_CRYSTAL@3	Grandmaster's Rift Glaive	Archa Fraturada do Grão-mestre
8400	T7_2H_GLAIVE_CRYSTAL@4	Grandmaster's Rift Glaive	Archa Fraturada do Grão-mestre
8401	T8_2H_GLAIVE_CRYSTAL	Elder's Rift Glaive	Archa Fraturada do Ancião
8402	T8_2H_GLAIVE_CRYSTAL@1	Elder's Rift Glaive	Archa Fraturada do Ancião
8403	T8_2H_GLAIVE_CRYSTAL@2	Elder's Rift Glaive	Archa Fraturada do Ancião
8404	T8_2H_GLAIVE_CRYSTAL@3	Elder's Rift Glaive	Archa Fraturada do Ancião
8405	T8_2H_GLAIVE_CRYSTAL@4	Elder's Rift Glaive	Archa Fraturada do Ancião
8406	T3_MAIN_AXE	Journeyman's Battleaxe	Machado de Guerra do Iniciante
8407	T4_MAIN_AXE	Adept's Battleaxe	Machado de Guerra do Adepto
8408	T4_MAIN_AXE@1	Adept's Battleaxe	Machado de Guerra do Adepto
8409	T4_MAIN_AXE@2	Adept's Battleaxe	Machado de Guerra do Adepto
8410	T4_MAIN_AXE@3	Adept's Battleaxe	Machado de Guerra do Adepto
8411	T4_MAIN_AXE@4	Adept's Battleaxe	Machado de Guerra do Adepto
8412	T5_MAIN_AXE	Expert's Battleaxe	Machado de Guerra do Perito
8413	T5_MAIN_AXE@1	Expert's Battleaxe	Machado de Guerra do Perito
8414	T5_MAIN_AXE@2	Expert's Battleaxe	Machado de Guerra do Perito
8415	T5_MAIN_AXE@3	Expert's Battleaxe	Machado de Guerra do Perito
8416	T5_MAIN_AXE@4	Expert's Battleaxe	Machado de Guerra do Perito
8417	T6_MAIN_AXE	Master's Battleaxe	Machado de Guerra do Mestre
8418	T6_MAIN_AXE@1	Master's Battleaxe	Machado de Guerra do Mestre
8419	T6_MAIN_AXE@2	Master's Battleaxe	Machado de Guerra do Mestre
8420	T6_MAIN_AXE@3	Master's Battleaxe	Machado de Guerra do Mestre
8421	T6_MAIN_AXE@4	Master's Battleaxe	Machado de Guerra do Mestre
8422	T7_MAIN_AXE	Grandmaster's Battleaxe	Machado de Guerra do Grão-mestre
8423	T7_MAIN_AXE@1	Grandmaster's Battleaxe	Machado de Guerra do Grão-mestre
8424	T7_MAIN_AXE@2	Grandmaster's Battleaxe	Machado de Guerra do Grão-mestre
8425	T7_MAIN_AXE@3	Grandmaster's Battleaxe	Machado de Guerra do Grão-mestre
8426	T7_MAIN_AXE@4	Grandmaster's Battleaxe	Machado de Guerra do Grão-mestre
8427	T8_MAIN_AXE	Elder's Battleaxe	Machado de Guerra do Ancião
8428	T8_MAIN_AXE@1	Elder's Battleaxe	Machado de Guerra do Ancião
8429	T8_MAIN_AXE@2	Elder's Battleaxe	Machado de Guerra do Ancião
8430	T8_MAIN_AXE@3	Elder's Battleaxe	Machado de Guerra do Ancião
8431	T8_MAIN_AXE@4	Elder's Battleaxe	Machado de Guerra do Ancião
8432	T4_2H_AXE	Adept's Greataxe	Machadão do Adepto
8433	T4_2H_AXE@1	Adept's Greataxe	Machadão do Adepto
8434	T4_2H_AXE@2	Adept's Greataxe	Machadão do Adepto
8435	T4_2H_AXE@3	Adept's Greataxe	Machadão do Adepto
8436	T4_2H_AXE@4	Adept's Greataxe	Machadão do Adepto
8437	T5_2H_AXE	Expert's Greataxe	Machadão do Perito
8438	T5_2H_AXE@1	Expert's Greataxe	Machadão do Perito
8439	T5_2H_AXE@2	Expert's Greataxe	Machadão do Perito
8440	T5_2H_AXE@3	Expert's Greataxe	Machadão do Perito
8441	T5_2H_AXE@4	Expert's Greataxe	Machadão do Perito
8442	T6_2H_AXE	Master's Greataxe	Machadão do Mestre
8443	T6_2H_AXE@1	Master's Greataxe	Machadão do Mestre
8444	T6_2H_AXE@2	Master's Greataxe	Machadão do Mestre
8445	T6_2H_AXE@3	Master's Greataxe	Machadão do Mestre
8446	T6_2H_AXE@4	Master's Greataxe	Machadão do Mestre
8447	T7_2H_AXE	Grandmaster's Greataxe	Machadão do Grão-mestre
8448	T7_2H_AXE@1	Grandmaster's Greataxe	Machadão do Grão-mestre
8449	T7_2H_AXE@2	Grandmaster's Greataxe	Machadão do Grão-mestre
8450	T7_2H_AXE@3	Grandmaster's Greataxe	Machadão do Grão-mestre
8451	T7_2H_AXE@4	Grandmaster's Greataxe	Machadão do Grão-mestre
8452	T8_2H_AXE	The Hand of Khor	A Mão de Khor
8453	T8_2H_AXE@1	The Hand of Khor	A Mão de Khor
8454	T8_2H_AXE@2	The Hand of Khor	A Mão de Khor
8455	T8_2H_AXE@3	The Hand of Khor	A Mão de Khor
8456	T8_2H_AXE@4	The Hand of Khor	A Mão de Khor
8457	T4_2H_HALBERD	Adept's Halberd	Alabarda do Adepto
8458	T4_2H_HALBERD@1	Adept's Halberd	Alabarda do Adepto
8459	T4_2H_HALBERD@2	Adept's Halberd	Alabarda do Adepto
8460	T4_2H_HALBERD@3	Adept's Halberd	Alabarda do Adepto
8461	T4_2H_HALBERD@4	Adept's Halberd	Alabarda do Adepto
8462	T5_2H_HALBERD	Expert's Halberd	Alabarda do Perito
8463	T5_2H_HALBERD@1	Expert's Halberd	Alabarda do Perito
8464	T5_2H_HALBERD@2	Expert's Halberd	Alabarda do Perito
8465	T5_2H_HALBERD@3	Expert's Halberd	Alabarda do Perito
8466	T5_2H_HALBERD@4	Expert's Halberd	Alabarda do Perito
8467	T6_2H_HALBERD	Master's Halberd	Alabarda do Mestre
8468	T6_2H_HALBERD@1	Master's Halberd	Alabarda do Mestre
8469	T6_2H_HALBERD@2	Master's Halberd	Alabarda do Mestre
8470	T6_2H_HALBERD@3	Master's Halberd	Alabarda do Mestre
8471	T6_2H_HALBERD@4	Master's Halberd	Alabarda do Mestre
8472	T7_2H_HALBERD	Grandmaster's Halberd	Alabarda do Grão-mestre
8473	T7_2H_HALBERD@1	Grandmaster's Halberd	Alabarda do Grão-mestre
8474	T7_2H_HALBERD@2	Grandmaster's Halberd	Alabarda do Grão-mestre
8475	T7_2H_HALBERD@3	Grandmaster's Halberd	Alabarda do Grão-mestre
8476	T7_2H_HALBERD@4	Grandmaster's Halberd	Alabarda do Grão-mestre
8477	T8_2H_HALBERD	Elder's Halberd	Alabarda do Ancião
8478	T8_2H_HALBERD@1	Elder's Halberd	Alabarda do Ancião
8479	T8_2H_HALBERD@2	Elder's Halberd	Alabarda do Ancião
8480	T8_2H_HALBERD@3	Elder's Halberd	Alabarda do Ancião
8481	T8_2H_HALBERD@4	Elder's Halberd	Alabarda do Ancião
8482	T4_2H_HALBERD_MORGANA	Adept's Carrioncaller	Chama-corpos do Adepto
8483	T4_2H_HALBERD_MORGANA@1	Adept's Carrioncaller	Chama-corpos do Adepto
8484	T4_2H_HALBERD_MORGANA@2	Adept's Carrioncaller	Chama-corpos do Adepto
8485	T4_2H_HALBERD_MORGANA@3	Adept's Carrioncaller	Chama-corpos do Adepto
8486	T4_2H_HALBERD_MORGANA@4	Adept's Carrioncaller	Chama-corpos do Adepto
8487	T5_2H_HALBERD_MORGANA	Expert's Carrioncaller	Chama-corpos do Perito
8488	T5_2H_HALBERD_MORGANA@1	Expert's Carrioncaller	Chama-corpos do Perito
8489	T5_2H_HALBERD_MORGANA@2	Expert's Carrioncaller	Chama-corpos do Perito
8490	T5_2H_HALBERD_MORGANA@3	Expert's Carrioncaller	Chama-corpos do Perito
8491	T5_2H_HALBERD_MORGANA@4	Expert's Carrioncaller	Chama-corpos do Perito
8492	T6_2H_HALBERD_MORGANA	Master's Carrioncaller	Chama-corpos do Mestre
8493	T6_2H_HALBERD_MORGANA@1	Master's Carrioncaller	Chama-corpos do Mestre
8494	T6_2H_HALBERD_MORGANA@2	Master's Carrioncaller	Chama-corpos do Mestre
8495	T6_2H_HALBERD_MORGANA@3	Master's Carrioncaller	Chama-corpos do Mestre
8496	T6_2H_HALBERD_MORGANA@4	Master's Carrioncaller	Chama-corpos do Mestre
8497	T7_2H_HALBERD_MORGANA	Grandmaster's Carrioncaller	Chama-corpos do Grão-mestre
8498	T7_2H_HALBERD_MORGANA@1	Grandmaster's Carrioncaller	Chama-corpos do Grão-mestre
8499	T7_2H_HALBERD_MORGANA@2	Grandmaster's Carrioncaller	Chama-corpos do Grão-mestre
8500	T7_2H_HALBERD_MORGANA@3	Grandmaster's Carrioncaller	Chama-corpos do Grão-mestre
8501	T7_2H_HALBERD_MORGANA@4	Grandmaster's Carrioncaller	Chama-corpos do Grão-mestre
8502	T8_2H_HALBERD_MORGANA	Elder's Carrioncaller	Chama-corpos do Ancião
8503	T8_2H_HALBERD_MORGANA@1	Elder's Carrioncaller	Chama-corpos do Ancião
8504	T8_2H_HALBERD_MORGANA@2	Elder's Carrioncaller	Chama-corpos do Ancião
8505	T8_2H_HALBERD_MORGANA@3	Elder's Carrioncaller	Chama-corpos do Ancião
8506	T8_2H_HALBERD_MORGANA@4	Elder's Carrioncaller	Chama-corpos do Ancião
8507	T4_2H_SCYTHE_HELL	Adept's Infernal Scythe	Segadeira Infernal do Adepto
8508	T4_2H_SCYTHE_HELL@1	Adept's Infernal Scythe	Segadeira Infernal do Adepto
8509	T4_2H_SCYTHE_HELL@2	Adept's Infernal Scythe	Segadeira Infernal do Adepto
8510	T4_2H_SCYTHE_HELL@3	Adept's Infernal Scythe	Segadeira Infernal do Adepto
8511	T4_2H_SCYTHE_HELL@4	Adept's Infernal Scythe	Segadeira Infernal do Adepto
8512	T5_2H_SCYTHE_HELL	Expert's Infernal Scythe	Segadeira Infernal do Perito
8513	T5_2H_SCYTHE_HELL@1	Expert's Infernal Scythe	Segadeira Infernal do Perito
8514	T5_2H_SCYTHE_HELL@2	Expert's Infernal Scythe	Segadeira Infernal do Perito
8515	T5_2H_SCYTHE_HELL@3	Expert's Infernal Scythe	Segadeira Infernal do Perito
8516	T5_2H_SCYTHE_HELL@4	Expert's Infernal Scythe	Segadeira Infernal do Perito
8517	T6_2H_SCYTHE_HELL	Master's Infernal Scythe	Segadeira Infernal do Mestre
8518	T6_2H_SCYTHE_HELL@1	Master's Infernal Scythe	Segadeira Infernal do Mestre
8519	T6_2H_SCYTHE_HELL@2	Master's Infernal Scythe	Segadeira Infernal do Mestre
8520	T6_2H_SCYTHE_HELL@3	Master's Infernal Scythe	Segadeira Infernal do Mestre
8521	T6_2H_SCYTHE_HELL@4	Master's Infernal Scythe	Segadeira Infernal do Mestre
8522	T7_2H_SCYTHE_HELL	Grandmaster's Infernal Scythe	Segadeira Infernal do Grão-mestre
8523	T7_2H_SCYTHE_HELL@1	Grandmaster's Infernal Scythe	Segadeira Infernal do Grão-mestre
8524	T7_2H_SCYTHE_HELL@2	Grandmaster's Infernal Scythe	Segadeira Infernal do Grão-mestre
8525	T7_2H_SCYTHE_HELL@3	Grandmaster's Infernal Scythe	Segadeira Infernal do Grão-mestre
8526	T7_2H_SCYTHE_HELL@4	Grandmaster's Infernal Scythe	Segadeira Infernal do Grão-mestre
8527	T8_2H_SCYTHE_HELL	Elder's Infernal Scythe	Segadeira Infernal do Ancião
8528	T8_2H_SCYTHE_HELL@1	Elder's Infernal Scythe	Segadeira Infernal do Ancião
8529	T8_2H_SCYTHE_HELL@2	Elder's Infernal Scythe	Segadeira Infernal do Ancião
8530	T8_2H_SCYTHE_HELL@3	Elder's Infernal Scythe	Segadeira Infernal do Ancião
8531	T8_2H_SCYTHE_HELL@4	Elder's Infernal Scythe	Segadeira Infernal do Ancião
8532	T4_2H_DUALAXE_KEEPER	Adept's Bear Paws	Patas de Urso do Adepto
8533	T4_2H_DUALAXE_KEEPER@1	Adept's Bear Paws	Patas de Urso do Adepto
8534	T4_2H_DUALAXE_KEEPER@2	Adept's Bear Paws	Patas de Urso do Adepto
8535	T4_2H_DUALAXE_KEEPER@3	Adept's Bear Paws	Patas de Urso do Adepto
8536	T4_2H_DUALAXE_KEEPER@4	Adept's Bear Paws	Patas de Urso do Adepto
8537	T5_2H_DUALAXE_KEEPER	Expert's Bear Paws	Patas de Urso do Perito
8538	T5_2H_DUALAXE_KEEPER@1	Expert's Bear Paws	Patas de Urso do Perito
8539	T5_2H_DUALAXE_KEEPER@2	Expert's Bear Paws	Patas de Urso do Perito
8540	T5_2H_DUALAXE_KEEPER@3	Expert's Bear Paws	Patas de Urso do Perito
8541	T5_2H_DUALAXE_KEEPER@4	Expert's Bear Paws	Patas de Urso do Perito
8542	T6_2H_DUALAXE_KEEPER	Master's Bear Paws	Patas de Urso do Mestre
8543	T6_2H_DUALAXE_KEEPER@1	Master's Bear Paws	Patas de Urso do Mestre
8544	T6_2H_DUALAXE_KEEPER@2	Master's Bear Paws	Patas de Urso do Mestre
8545	T6_2H_DUALAXE_KEEPER@3	Master's Bear Paws	Patas de Urso do Mestre
8546	T6_2H_DUALAXE_KEEPER@4	Master's Bear Paws	Patas de Urso do Mestre
8547	T7_2H_DUALAXE_KEEPER	Grandmaster's Bear Paws	Patas de Urso do Grão-mestre
8548	T7_2H_DUALAXE_KEEPER@1	Grandmaster's Bear Paws	Patas de Urso do Grão-mestre
8549	T7_2H_DUALAXE_KEEPER@2	Grandmaster's Bear Paws	Patas de Urso do Grão-mestre
8550	T7_2H_DUALAXE_KEEPER@3	Grandmaster's Bear Paws	Patas de Urso do Grão-mestre
8551	T7_2H_DUALAXE_KEEPER@4	Grandmaster's Bear Paws	Patas de Urso do Grão-mestre
8552	T8_2H_DUALAXE_KEEPER	Elder's Bear Paws	Patas de Urso do Ancião
8553	T8_2H_DUALAXE_KEEPER@1	Elder's Bear Paws	Patas de Urso do Ancião
8554	T8_2H_DUALAXE_KEEPER@2	Elder's Bear Paws	Patas de Urso do Ancião
8555	T8_2H_DUALAXE_KEEPER@3	Elder's Bear Paws	Patas de Urso do Ancião
8556	T8_2H_DUALAXE_KEEPER@4	Elder's Bear Paws	Patas de Urso do Ancião
8557	T4_2H_AXE_AVALON	Adept's Realmbreaker	Quebra-reino do Adepto
8558	T4_2H_AXE_AVALON@1	Adept's Realmbreaker	Quebra-reino do Adepto
8559	T4_2H_AXE_AVALON@2	Adept's Realmbreaker	Quebra-reino do Adepto
8560	T4_2H_AXE_AVALON@3	Adept's Realmbreaker	Quebra-reino do Adepto
8561	T4_2H_AXE_AVALON@4	Adept's Realmbreaker	Quebra-reino do Adepto
8562	T5_2H_AXE_AVALON	Expert's Realmbreaker	Quebra-reino do Perito
8563	T5_2H_AXE_AVALON@1	Expert's Realmbreaker	Quebra-reino do Perito
8564	T5_2H_AXE_AVALON@2	Expert's Realmbreaker	Quebra-reino do Perito
8565	T5_2H_AXE_AVALON@3	Expert's Realmbreaker	Quebra-reino do Perito
8566	T5_2H_AXE_AVALON@4	Expert's Realmbreaker	Quebra-reino do Perito
8567	T6_2H_AXE_AVALON	Master's Realmbreaker	Quebra-reino do Mestre
8568	T6_2H_AXE_AVALON@1	Master's Realmbreaker	Quebra-reino do Mestre
8569	T6_2H_AXE_AVALON@2	Master's Realmbreaker	Quebra-reino do Mestre
8570	T6_2H_AXE_AVALON@3	Master's Realmbreaker	Quebra-reino do Mestre
8571	T6_2H_AXE_AVALON@4	Master's Realmbreaker	Quebra-reino do Mestre
8572	T7_2H_AXE_AVALON	Grandmaster's Realmbreaker	Quebra-reino do Grão-mestre
8573	T7_2H_AXE_AVALON@1	Grandmaster's Realmbreaker	Quebra-reino do Grão-mestre
8574	T7_2H_AXE_AVALON@2	Grandmaster's Realmbreaker	Quebra-reino do Grão-mestre
8575	T7_2H_AXE_AVALON@3	Grandmaster's Realmbreaker	Quebra-reino do Grão-mestre
8576	T7_2H_AXE_AVALON@4	Grandmaster's Realmbreaker	Quebra-reino do Grão-mestre
8577	T8_2H_AXE_AVALON	Elder's Realmbreaker	Quebra-reino do Ancião
8578	T8_2H_AXE_AVALON@1	Elder's Realmbreaker	Quebra-reino do Ancião
8579	T8_2H_AXE_AVALON@2	Elder's Realmbreaker	Quebra-reino do Ancião
8580	T8_2H_AXE_AVALON@3	Elder's Realmbreaker	Quebra-reino do Ancião
8581	T8_2H_AXE_AVALON@4	Elder's Realmbreaker	Quebra-reino do Ancião
8582	T4_2H_SCYTHE_CRYSTAL	Adept's Crystal Reaper	Foice de Cristal do Adepto
8583	T4_2H_SCYTHE_CRYSTAL@1	Adept's Crystal Reaper	Foice de Cristal do Adepto
8584	T4_2H_SCYTHE_CRYSTAL@2	Adept's Crystal Reaper	Foice de Cristal do Adepto
8585	T4_2H_SCYTHE_CRYSTAL@3	Adept's Crystal Reaper	Foice de Cristal do Adepto
8586	T4_2H_SCYTHE_CRYSTAL@4	Adept's Crystal Reaper	Foice de Cristal do Adepto
8587	T5_2H_SCYTHE_CRYSTAL	Expert's Crystal Reaper	Foice de Cristal do Perito
8588	T5_2H_SCYTHE_CRYSTAL@1	Expert's Crystal Reaper	Foice de Cristal do Perito
8589	T5_2H_SCYTHE_CRYSTAL@2	Expert's Crystal Reaper	Foice de Cristal do Perito
8590	T5_2H_SCYTHE_CRYSTAL@3	Expert's Crystal Reaper	Foice de Cristal do Perito
8591	T5_2H_SCYTHE_CRYSTAL@4	Expert's Crystal Reaper	Foice de Cristal do Perito
8592	T6_2H_SCYTHE_CRYSTAL	Master's Crystal Reaper	Foice de Cristal do Mestre
8593	T6_2H_SCYTHE_CRYSTAL@1	Master's Crystal Reaper	Foice de Cristal do Mestre
8594	T6_2H_SCYTHE_CRYSTAL@2	Master's Crystal Reaper	Foice de Cristal do Mestre
8595	T6_2H_SCYTHE_CRYSTAL@3	Master's Crystal Reaper	Foice de Cristal do Mestre
8596	T6_2H_SCYTHE_CRYSTAL@4	Master's Crystal Reaper	Foice de Cristal do Mestre
8597	T7_2H_SCYTHE_CRYSTAL	Grandmaster's Crystal Reaper	Foice de Cristal do Grão-mestre
8598	T7_2H_SCYTHE_CRYSTAL@1	Grandmaster's Crystal Reaper	Foice de Cristal do Grão-mestre
8599	T7_2H_SCYTHE_CRYSTAL@2	Grandmaster's Crystal Reaper	Foice de Cristal do Grão-mestre
8600	T7_2H_SCYTHE_CRYSTAL@3	Grandmaster's Crystal Reaper	Foice de Cristal do Grão-mestre
8601	T7_2H_SCYTHE_CRYSTAL@4	Grandmaster's Crystal Reaper	Foice de Cristal do Grão-mestre
8602	T8_2H_SCYTHE_CRYSTAL	Elder's Crystal Reaper	Foice de Cristal do Ancião
8603	T8_2H_SCYTHE_CRYSTAL@1	Elder's Crystal Reaper	Foice de Cristal do Ancião
8604	T8_2H_SCYTHE_CRYSTAL@2	Elder's Crystal Reaper	Foice de Cristal do Ancião
8605	T8_2H_SCYTHE_CRYSTAL@3	Elder's Crystal Reaper	Foice de Cristal do Ancião
8606	T8_2H_SCYTHE_CRYSTAL@4	Elder's Crystal Reaper	Foice de Cristal do Ancião
8607	T1_MAIN_SWORD	Beginner's Broadsword	Espada Larga do Calouro
8608	T2_MAIN_SWORD	Novice's Broadsword	Espada Larga do Novato
8609	T3_MAIN_SWORD	Journeyman's Broadsword	Espada Larga do Iniciante
8610	T4_MAIN_SWORD	Adept's Broadsword	Espada Larga do Adepto
8611	T4_MAIN_SWORD@1	Adept's Broadsword	Espada Larga do Adepto
8612	T4_MAIN_SWORD@2	Adept's Broadsword	Espada Larga do Adepto
8613	T4_MAIN_SWORD@3	Adept's Broadsword	Espada Larga do Adepto
8614	T4_MAIN_SWORD@4	Adept's Broadsword	Espada Larga do Adepto
8615	T5_MAIN_SWORD	Expert's Broadsword	Espada Larga do Perito
8616	T5_MAIN_SWORD@1	Expert's Broadsword	Espada Larga do Perito
8617	T5_MAIN_SWORD@2	Expert's Broadsword	Espada Larga do Perito
8618	T5_MAIN_SWORD@3	Expert's Broadsword	Espada Larga do Perito
8619	T5_MAIN_SWORD@4	Expert's Broadsword	Espada Larga do Perito
8620	T6_MAIN_SWORD	Master's Broadsword	Espada Larga do Mestre
8621	T6_MAIN_SWORD@1	Master's Broadsword	Espada Larga do Mestre
8622	T6_MAIN_SWORD@2	Master's Broadsword	Espada Larga do Mestre
8623	T6_MAIN_SWORD@3	Master's Broadsword	Espada Larga do Mestre
8624	T6_MAIN_SWORD@4	Master's Broadsword	Espada Larga do Mestre
8625	T7_MAIN_SWORD	Grandmaster's Broadsword	Espada Larga do Grão-mestre
8626	T7_MAIN_SWORD@1	Grandmaster's Broadsword	Espada Larga do Grão-mestre
8627	T7_MAIN_SWORD@2	Grandmaster's Broadsword	Espada Larga do Grão-mestre
8628	T7_MAIN_SWORD@3	Grandmaster's Broadsword	Espada Larga do Grão-mestre
8629	T7_MAIN_SWORD@4	Grandmaster's Broadsword	Espada Larga do Grão-mestre
8630	T8_MAIN_SWORD	Elder's Broadsword	Espada Larga do Ancião
8631	T8_MAIN_SWORD@1	Elder's Broadsword	Espada Larga do Ancião
8632	T8_MAIN_SWORD@2	Elder's Broadsword	Espada Larga do Ancião
8633	T8_MAIN_SWORD@3	Elder's Broadsword	Espada Larga do Ancião
8634	T8_MAIN_SWORD@4	Elder's Broadsword	Espada Larga do Ancião
8635	T4_2H_CLAYMORE	Adept's Claymore	Montante do Adepto
8636	T4_2H_CLAYMORE@1	Adept's Claymore	Montante do Adepto
8637	T4_2H_CLAYMORE@2	Adept's Claymore	Montante do Adepto
8638	T4_2H_CLAYMORE@3	Adept's Claymore	Montante do Adepto
8639	T4_2H_CLAYMORE@4	Adept's Claymore	Montante do Adepto
8640	T5_2H_CLAYMORE	Expert's Claymore	Montante do Perito
8641	T5_2H_CLAYMORE@1	Expert's Claymore	Montante do Perito
8642	T5_2H_CLAYMORE@2	Expert's Claymore	Montante do Perito
8643	T5_2H_CLAYMORE@3	Expert's Claymore	Montante do Perito
8644	T5_2H_CLAYMORE@4	Expert's Claymore	Montante do Perito
8645	T6_2H_CLAYMORE	Master's Claymore	Montante do Mestre
8646	T6_2H_CLAYMORE@1	Master's Claymore	Montante do Mestre
8647	T6_2H_CLAYMORE@2	Master's Claymore	Montante do Mestre
8648	T6_2H_CLAYMORE@3	Master's Claymore	Montante do Mestre
8649	T6_2H_CLAYMORE@4	Master's Claymore	Montante do Mestre
8650	T7_2H_CLAYMORE	Grandmaster's Claymore	Montante do Grão-mestre
8651	T7_2H_CLAYMORE@1	Grandmaster's Claymore	Montante do Grão-mestre
8652	T7_2H_CLAYMORE@2	Grandmaster's Claymore	Montante do Grão-mestre
8653	T7_2H_CLAYMORE@3	Grandmaster's Claymore	Montante do Grão-mestre
8654	T7_2H_CLAYMORE@4	Grandmaster's Claymore	Montante do Grão-mestre
8655	T8_2H_CLAYMORE	Elder's Claymore	Montante do Ancião
8656	T8_2H_CLAYMORE@1	Elder's Claymore	Montante do Ancião
8657	T8_2H_CLAYMORE@2	Elder's Claymore	Montante do Ancião
8658	T8_2H_CLAYMORE@3	Elder's Claymore	Montante do Ancião
8659	T8_2H_CLAYMORE@4	Elder's Claymore	Montante do Ancião
8660	T4_2H_DUALSWORD	Adept's Dual Swords	Espadas Duplas do Adepto
8661	T4_2H_DUALSWORD@1	Adept's Dual Swords	Espadas Duplas do Adepto
8662	T4_2H_DUALSWORD@2	Adept's Dual Swords	Espadas Duplas do Adepto
8663	T4_2H_DUALSWORD@3	Adept's Dual Swords	Espadas Duplas do Adepto
8664	T4_2H_DUALSWORD@4	Adept's Dual Swords	Espadas Duplas do Adepto
8665	T5_2H_DUALSWORD	Expert's Dual Swords	Espadas Duplas do Perito
8666	T5_2H_DUALSWORD@1	Expert's Dual Swords	Espadas Duplas do Perito
8667	T5_2H_DUALSWORD@2	Expert's Dual Swords	Espadas Duplas do Perito
8668	T5_2H_DUALSWORD@3	Expert's Dual Swords	Espadas Duplas do Perito
8669	T5_2H_DUALSWORD@4	Expert's Dual Swords	Espadas Duplas do Perito
8670	T6_2H_DUALSWORD	Master's Dual Swords	Espadas Duplas do Mestre
8671	T6_2H_DUALSWORD@1	Master's Dual Swords	Espadas Duplas do Mestre
8672	T6_2H_DUALSWORD@2	Master's Dual Swords	Espadas Duplas do Mestre
8673	T6_2H_DUALSWORD@3	Master's Dual Swords	Espadas Duplas do Mestre
8674	T6_2H_DUALSWORD@4	Master's Dual Swords	Espadas Duplas do Mestre
8675	T7_2H_DUALSWORD	Grandmaster's Dual Swords	Espadas Duplas do Grão-mestre
8676	T7_2H_DUALSWORD@1	Grandmaster's Dual Swords	Espadas Duplas do Grão-mestre
8677	T7_2H_DUALSWORD@2	Grandmaster's Dual Swords	Espadas Duplas do Grão-mestre
8678	T7_2H_DUALSWORD@3	Grandmaster's Dual Swords	Espadas Duplas do Grão-mestre
8679	T7_2H_DUALSWORD@4	Grandmaster's Dual Swords	Espadas Duplas do Grão-mestre
8680	T8_2H_DUALSWORD	Elder's Dual Swords	Espadas Duplas do Ancião
8681	T8_2H_DUALSWORD@1	Elder's Dual Swords	Espadas Duplas do Ancião
8682	T8_2H_DUALSWORD@2	Elder's Dual Swords	Espadas Duplas do Ancião
8683	T8_2H_DUALSWORD@3	Elder's Dual Swords	Espadas Duplas do Ancião
8684	T8_2H_DUALSWORD@4	Elder's Dual Swords	Espadas Duplas do Ancião
8685	T4_MAIN_SCIMITAR_MORGANA	Adept's Clarent Blade	Lâmina Aclarada do Adepto
8686	T4_MAIN_SCIMITAR_MORGANA@1	Adept's Clarent Blade	Lâmina Aclarada do Adepto
8687	T4_MAIN_SCIMITAR_MORGANA@2	Adept's Clarent Blade	Lâmina Aclarada do Adepto
8688	T4_MAIN_SCIMITAR_MORGANA@3	Adept's Clarent Blade	Lâmina Aclarada do Adepto
8689	T4_MAIN_SCIMITAR_MORGANA@4	Adept's Clarent Blade	Lâmina Aclarada do Adepto
8690	T5_MAIN_SCIMITAR_MORGANA	Expert's Clarent Blade	Lâmina Aclarada do Perito
8691	T5_MAIN_SCIMITAR_MORGANA@1	Expert's Clarent Blade	Lâmina Aclarada do Perito
8692	T5_MAIN_SCIMITAR_MORGANA@2	Expert's Clarent Blade	Lâmina Aclarada do Perito
8693	T5_MAIN_SCIMITAR_MORGANA@3	Expert's Clarent Blade	Lâmina Aclarada do Perito
8694	T5_MAIN_SCIMITAR_MORGANA@4	Expert's Clarent Blade	Lâmina Aclarada do Perito
8695	T6_MAIN_SCIMITAR_MORGANA	Master's Clarent Blade	Lâmina Aclarada do Mestre
8696	T6_MAIN_SCIMITAR_MORGANA@1	Master's Clarent Blade	Lâmina Aclarada do Mestre
8697	T6_MAIN_SCIMITAR_MORGANA@2	Master's Clarent Blade	Lâmina Aclarada do Mestre
8698	T6_MAIN_SCIMITAR_MORGANA@3	Master's Clarent Blade	Lâmina Aclarada do Mestre
8699	T6_MAIN_SCIMITAR_MORGANA@4	Master's Clarent Blade	Lâmina Aclarada do Mestre
8700	T7_MAIN_SCIMITAR_MORGANA	Grandmaster's Clarent Blade	Lâmina Aclarada do Grão-mestre
8701	T7_MAIN_SCIMITAR_MORGANA@1	Grandmaster's Clarent Blade	Lâmina Aclarada do Grão-mestre
8702	T7_MAIN_SCIMITAR_MORGANA@2	Grandmaster's Clarent Blade	Lâmina Aclarada do Grão-mestre
8703	T7_MAIN_SCIMITAR_MORGANA@3	Grandmaster's Clarent Blade	Lâmina Aclarada do Grão-mestre
8704	T7_MAIN_SCIMITAR_MORGANA@4	Grandmaster's Clarent Blade	Lâmina Aclarada do Grão-mestre
8705	T8_MAIN_SCIMITAR_MORGANA	Elder's Clarent Blade	Lâmina Aclarada do Ancião
8706	T8_MAIN_SCIMITAR_MORGANA@1	Elder's Clarent Blade	Lâmina Aclarada do Ancião
8707	T8_MAIN_SCIMITAR_MORGANA@2	Elder's Clarent Blade	Lâmina Aclarada do Ancião
8708	T8_MAIN_SCIMITAR_MORGANA@3	Elder's Clarent Blade	Lâmina Aclarada do Ancião
8709	T8_MAIN_SCIMITAR_MORGANA@4	Elder's Clarent Blade	Lâmina Aclarada do Ancião
8710	T4_2H_CLEAVER_HELL	Adept's Carving Sword	Espada Entalhada do Adepto
8711	T4_2H_CLEAVER_HELL@1	Adept's Carving Sword	Espada Entalhada do Adepto
8712	T4_2H_CLEAVER_HELL@2	Adept's Carving Sword	Espada Entalhada do Adepto
8713	T4_2H_CLEAVER_HELL@3	Adept's Carving Sword	Espada Entalhada do Adepto
8714	T4_2H_CLEAVER_HELL@4	Adept's Carving Sword	Espada Entalhada do Adepto
8715	T5_2H_CLEAVER_HELL	Expert's Carving Sword	Espada Entalhada do Perito
8716	T5_2H_CLEAVER_HELL@1	Expert's Carving Sword	Espada Entalhada do Perito
8717	T5_2H_CLEAVER_HELL@2	Expert's Carving Sword	Espada Entalhada do Perito
8718	T5_2H_CLEAVER_HELL@3	Expert's Carving Sword	Espada Entalhada do Perito
8719	T5_2H_CLEAVER_HELL@4	Expert's Carving Sword	Espada Entalhada do Perito
8720	T6_2H_CLEAVER_HELL	Master's Carving Sword	Espada Entalhada do Mestre
8721	T6_2H_CLEAVER_HELL@1	Master's Carving Sword	Espada Entalhada do Mestre
8722	T6_2H_CLEAVER_HELL@2	Master's Carving Sword	Espada Entalhada do Mestre
8723	T6_2H_CLEAVER_HELL@3	Master's Carving Sword	Espada Entalhada do Mestre
8724	T6_2H_CLEAVER_HELL@4	Master's Carving Sword	Espada Entalhada do Mestre
8725	T7_2H_CLEAVER_HELL	Grandmaster's Carving Sword	Espada Entalhada do Grão-mestre
8726	T7_2H_CLEAVER_HELL@1	Grandmaster's Carving Sword	Espada Entalhada do Grão-mestre
8727	T7_2H_CLEAVER_HELL@2	Grandmaster's Carving Sword	Espada Entalhada do Grão-mestre
8728	T7_2H_CLEAVER_HELL@3	Grandmaster's Carving Sword	Espada Entalhada do Grão-mestre
8729	T7_2H_CLEAVER_HELL@4	Grandmaster's Carving Sword	Espada Entalhada do Grão-mestre
8730	T8_2H_CLEAVER_HELL	Elder's Carving Sword	Espada Entalhada do Ancião
8731	T8_2H_CLEAVER_HELL@1	Elder's Carving Sword	Espada Entalhada do Ancião
8732	T8_2H_CLEAVER_HELL@2	Elder's Carving Sword	Espada Entalhada do Ancião
8733	T8_2H_CLEAVER_HELL@3	Elder's Carving Sword	Espada Entalhada do Ancião
8734	T8_2H_CLEAVER_HELL@4	Elder's Carving Sword	Espada Entalhada do Ancião
8735	T4_2H_DUALSCIMITAR_UNDEAD	Adept's Galatine Pair	Par de Galatinas do Adepto
8736	T4_2H_DUALSCIMITAR_UNDEAD@1	Adept's Galatine Pair	Par de Galatinas do Adepto
8737	T4_2H_DUALSCIMITAR_UNDEAD@2	Adept's Galatine Pair	Par de Galatinas do Adepto
8738	T4_2H_DUALSCIMITAR_UNDEAD@3	Adept's Galatine Pair	Par de Galatinas do Adepto
8739	T4_2H_DUALSCIMITAR_UNDEAD@4	Adept's Galatine Pair	Par de Galatinas do Adepto
8740	T5_2H_DUALSCIMITAR_UNDEAD	Expert's Galatine Pair	Par de Galatinas do Perito
8741	T5_2H_DUALSCIMITAR_UNDEAD@1	Expert's Galatine Pair	Par de Galatinas do Perito
8742	T5_2H_DUALSCIMITAR_UNDEAD@2	Expert's Galatine Pair	Par de Galatinas do Perito
8743	T5_2H_DUALSCIMITAR_UNDEAD@3	Expert's Galatine Pair	Par de Galatinas do Perito
8744	T5_2H_DUALSCIMITAR_UNDEAD@4	Expert's Galatine Pair	Par de Galatinas do Perito
8745	T6_2H_DUALSCIMITAR_UNDEAD	Master's Galatine Pair	Par de Galatinas do Mestre
8746	T6_2H_DUALSCIMITAR_UNDEAD@1	Master's Galatine Pair	Par de Galatinas do Mestre
8747	T6_2H_DUALSCIMITAR_UNDEAD@2	Master's Galatine Pair	Par de Galatinas do Mestre
8748	T6_2H_DUALSCIMITAR_UNDEAD@3	Master's Galatine Pair	Par de Galatinas do Mestre
8749	T6_2H_DUALSCIMITAR_UNDEAD@4	Master's Galatine Pair	Par de Galatinas do Mestre
8750	T7_2H_DUALSCIMITAR_UNDEAD	Grandmaster's Galatine Pair	Par de Galatinas do Grão-mestre
8751	T7_2H_DUALSCIMITAR_UNDEAD@1	Grandmaster's Galatine Pair	Par de Galatinas do Grão-mestre
8752	T7_2H_DUALSCIMITAR_UNDEAD@2	Grandmaster's Galatine Pair	Par de Galatinas do Grão-mestre
8753	T7_2H_DUALSCIMITAR_UNDEAD@3	Grandmaster's Galatine Pair	Par de Galatinas do Grão-mestre
8754	T7_2H_DUALSCIMITAR_UNDEAD@4	Grandmaster's Galatine Pair	Par de Galatinas do Grão-mestre
8755	T8_2H_DUALSCIMITAR_UNDEAD	Elder's Galatine Pair	Par de Galatinas do Ancião
8756	T8_2H_DUALSCIMITAR_UNDEAD@1	Elder's Galatine Pair	Par de Galatinas do Ancião
8757	T8_2H_DUALSCIMITAR_UNDEAD@2	Elder's Galatine Pair	Par de Galatinas do Ancião
8758	T8_2H_DUALSCIMITAR_UNDEAD@3	Elder's Galatine Pair	Par de Galatinas do Ancião
8759	T8_2H_DUALSCIMITAR_UNDEAD@4	Elder's Galatine Pair	Par de Galatinas do Ancião
8760	T4_2H_CLAYMORE_AVALON	Adept's Kingmaker	Cria-reis do Adepto
8761	T4_2H_CLAYMORE_AVALON@1	Adept's Kingmaker	Cria-reis do Adepto
8762	T4_2H_CLAYMORE_AVALON@2	Adept's Kingmaker	Cria-reis do Adepto
8763	T4_2H_CLAYMORE_AVALON@3	Adept's Kingmaker	Cria-reis do Adepto
8764	T4_2H_CLAYMORE_AVALON@4	Adept's Kingmaker	Cria-reis do Adepto
8765	T5_2H_CLAYMORE_AVALON	Expert's Kingmaker	Cria-reis do Perito
8766	T5_2H_CLAYMORE_AVALON@1	Expert's Kingmaker	Cria-reis do Perito
8767	T5_2H_CLAYMORE_AVALON@2	Expert's Kingmaker	Cria-reis do Perito
8768	T5_2H_CLAYMORE_AVALON@3	Expert's Kingmaker	Cria-reis do Perito
8769	T5_2H_CLAYMORE_AVALON@4	Expert's Kingmaker	Cria-reis do Perito
8770	T6_2H_CLAYMORE_AVALON	Master's Kingmaker	Cria-reis do Mestre
8771	T6_2H_CLAYMORE_AVALON@1	Master's Kingmaker	Cria-reis do Mestre
8772	T6_2H_CLAYMORE_AVALON@2	Master's Kingmaker	Cria-reis do Mestre
8773	T6_2H_CLAYMORE_AVALON@3	Master's Kingmaker	Cria-reis do Mestre
8774	T6_2H_CLAYMORE_AVALON@4	Master's Kingmaker	Cria-reis do Mestre
8775	T7_2H_CLAYMORE_AVALON	Grandmaster's Kingmaker	Cria-reis do Grão-mestre
8776	T7_2H_CLAYMORE_AVALON@1	Grandmaster's Kingmaker	Cria-reis do Grão-mestre
8777	T7_2H_CLAYMORE_AVALON@2	Grandmaster's Kingmaker	Cria-reis do Grão-mestre
8778	T7_2H_CLAYMORE_AVALON@3	Grandmaster's Kingmaker	Cria-reis do Grão-mestre
8779	T7_2H_CLAYMORE_AVALON@4	Grandmaster's Kingmaker	Cria-reis do Grão-mestre
8780	T8_2H_CLAYMORE_AVALON	Elder's Kingmaker	Cria-reis do Ancião
8781	T8_2H_CLAYMORE_AVALON@1	Elder's Kingmaker	Cria-reis do Ancião
8782	T8_2H_CLAYMORE_AVALON@2	Elder's Kingmaker	Cria-reis do Ancião
8783	T8_2H_CLAYMORE_AVALON@3	Elder's Kingmaker	Cria-reis do Ancião
8784	T8_2H_CLAYMORE_AVALON@4	Elder's Kingmaker	Cria-reis do Ancião
8785	T4_MAIN_SWORD_CRYSTAL	Adept's Infinity Blade	Lâmina da Infinidade do Adepto
8786	T4_MAIN_SWORD_CRYSTAL@1	Adept's Infinity Blade	Lâmina da Infinidade do Adepto
8787	T4_MAIN_SWORD_CRYSTAL@2	Adept's Infinity Blade	Lâmina da Infinidade do Adepto
8788	T4_MAIN_SWORD_CRYSTAL@3	Adept's Infinity Blade	Lâmina da Infinidade do Adepto
8789	T4_MAIN_SWORD_CRYSTAL@4	Adept's Infinity Blade	Lâmina da Infinidade do Adepto
8790	T5_MAIN_SWORD_CRYSTAL	Expert's Infinity Blade	Lâmina da Infinidade do Perito
8791	T5_MAIN_SWORD_CRYSTAL@1	Expert's Infinity Blade	Lâmina da Infinidade do Perito
8792	T5_MAIN_SWORD_CRYSTAL@2	Expert's Infinity Blade	Lâmina da Infinidade do Perito
8793	T5_MAIN_SWORD_CRYSTAL@3	Expert's Infinity Blade	Lâmina da Infinidade do Perito
8794	T5_MAIN_SWORD_CRYSTAL@4	Expert's Infinity Blade	Lâmina da Infinidade do Perito
8795	T6_MAIN_SWORD_CRYSTAL	Master's Infinity Blade	Lâmina da Infinidade do Mestre
8796	T6_MAIN_SWORD_CRYSTAL@1	Master's Infinity Blade	Lâmina da Infinidade do Mestre
8797	T6_MAIN_SWORD_CRYSTAL@2	Master's Infinity Blade	Lâmina da Infinidade do Mestre
8798	T6_MAIN_SWORD_CRYSTAL@3	Master's Infinity Blade	Lâmina da Infinidade do Mestre
8799	T6_MAIN_SWORD_CRYSTAL@4	Master's Infinity Blade	Lâmina da Infinidade do Mestre
8800	T7_MAIN_SWORD_CRYSTAL	Grandmaster's Infinity Blade	Lâmina da Infinidade do Grão-mestre
8801	T7_MAIN_SWORD_CRYSTAL@1	Grandmaster's Infinity Blade	Lâmina da Infinidade do Grão-mestre
8802	T7_MAIN_SWORD_CRYSTAL@2	Grandmaster's Infinity Blade	Lâmina da Infinidade do Grão-mestre
8803	T7_MAIN_SWORD_CRYSTAL@3	Grandmaster's Infinity Blade	Lâmina da Infinidade do Grão-mestre
8804	T7_MAIN_SWORD_CRYSTAL@4	Grandmaster's Infinity Blade	Lâmina da Infinidade do Grão-mestre
8805	T8_MAIN_SWORD_CRYSTAL	Elder's Infinity Blade	Lâmina da Infinidade do Ancião
8806	T8_MAIN_SWORD_CRYSTAL@1	Elder's Infinity Blade	Lâmina da Infinidade do Ancião
8807	T8_MAIN_SWORD_CRYSTAL@2	Elder's Infinity Blade	Lâmina da Infinidade do Ancião
8808	T8_MAIN_SWORD_CRYSTAL@3	Elder's Infinity Blade	Lâmina da Infinidade do Ancião
8809	T8_MAIN_SWORD_CRYSTAL@4	Elder's Infinity Blade	Lâmina da Infinidade do Ancião
8810	T3_2H_QUARTERSTAFF	Journeyman's Quarterstaff	Bordão do Iniciante
8811	T4_2H_QUARTERSTAFF	Adept's Quarterstaff	Bordão do Adepto
8812	T4_2H_QUARTERSTAFF@1	Adept's Quarterstaff	Bordão do Adepto
8813	T4_2H_QUARTERSTAFF@2	Adept's Quarterstaff	Bordão do Adepto
8814	T4_2H_QUARTERSTAFF@3	Adept's Quarterstaff	Bordão do Adepto
8815	T4_2H_QUARTERSTAFF@4	Adept's Quarterstaff	Bordão do Adepto
8816	T5_2H_QUARTERSTAFF	Expert's Quarterstaff	Bordão do Perito
8817	T5_2H_QUARTERSTAFF@1	Expert's Quarterstaff	Bordão do Perito
8818	T5_2H_QUARTERSTAFF@2	Expert's Quarterstaff	Bordão do Perito
8819	T5_2H_QUARTERSTAFF@3	Expert's Quarterstaff	Bordão do Perito
8820	T5_2H_QUARTERSTAFF@4	Expert's Quarterstaff	Bordão do Perito
8821	T6_2H_QUARTERSTAFF	Master's Quarterstaff	Bordão do Mestre
8822	T6_2H_QUARTERSTAFF@1	Master's Quarterstaff	Bordão do Mestre
8823	T6_2H_QUARTERSTAFF@2	Master's Quarterstaff	Bordão do Mestre
8824	T6_2H_QUARTERSTAFF@3	Master's Quarterstaff	Bordão do Mestre
8825	T6_2H_QUARTERSTAFF@4	Master's Quarterstaff	Bordão do Mestre
8826	T7_2H_QUARTERSTAFF	Grandmaster's Quarterstaff	Bordão do Grão-mestre
8827	T7_2H_QUARTERSTAFF@1	Grandmaster's Quarterstaff	Bordão do Grão-mestre
8828	T7_2H_QUARTERSTAFF@2	Grandmaster's Quarterstaff	Bordão do Grão-mestre
8829	T7_2H_QUARTERSTAFF@3	Grandmaster's Quarterstaff	Bordão do Grão-mestre
8830	T7_2H_QUARTERSTAFF@4	Grandmaster's Quarterstaff	Bordão do Grão-mestre
8831	T8_2H_QUARTERSTAFF	Elder's Quarterstaff	Bordão do Ancião
8832	T8_2H_QUARTERSTAFF@1	Elder's Quarterstaff	Bordão do Ancião
8833	T8_2H_QUARTERSTAFF@2	Elder's Quarterstaff	Bordão do Ancião
8834	T8_2H_QUARTERSTAFF@3	Elder's Quarterstaff	Bordão do Ancião
8835	T8_2H_QUARTERSTAFF@4	Elder's Quarterstaff	Bordão do Ancião
8836	T4_2H_IRONCLADEDSTAFF	Adept's Iron-clad Staff	Cajado Férreo do Adepto
8837	T4_2H_IRONCLADEDSTAFF@1	Adept's Iron-clad Staff	Cajado Férreo do Adepto
8838	T4_2H_IRONCLADEDSTAFF@2	Adept's Iron-clad Staff	Cajado Férreo do Adepto
8839	T4_2H_IRONCLADEDSTAFF@3	Adept's Iron-clad Staff	Cajado Férreo do Adepto
8840	T4_2H_IRONCLADEDSTAFF@4	Adept's Iron-clad Staff	Cajado Férreo do Adepto
8841	T5_2H_IRONCLADEDSTAFF	Expert's Iron-clad Staff	Cajado Férreo do Perito
8842	T5_2H_IRONCLADEDSTAFF@1	Expert's Iron-clad Staff	Cajado Férreo do Perito
8843	T5_2H_IRONCLADEDSTAFF@2	Expert's Iron-clad Staff	Cajado Férreo do Perito
8844	T5_2H_IRONCLADEDSTAFF@3	Expert's Iron-clad Staff	Cajado Férreo do Perito
8845	T5_2H_IRONCLADEDSTAFF@4	Expert's Iron-clad Staff	Cajado Férreo do Perito
8846	T6_2H_IRONCLADEDSTAFF	Master's Iron-clad Staff	Cajado Férreo do Mestre
8847	T6_2H_IRONCLADEDSTAFF@1	Master's Iron-clad Staff	Cajado Férreo do Mestre
8848	T6_2H_IRONCLADEDSTAFF@2	Master's Iron-clad Staff	Cajado Férreo do Mestre
8849	T6_2H_IRONCLADEDSTAFF@3	Master's Iron-clad Staff	Cajado Férreo do Mestre
8850	T6_2H_IRONCLADEDSTAFF@4	Master's Iron-clad Staff	Cajado Férreo do Mestre
8851	T7_2H_IRONCLADEDSTAFF	Grandmaster's Iron-clad Staff	Cajado Férreo do Grão-mestre
8852	T7_2H_IRONCLADEDSTAFF@1	Grandmaster's Iron-clad Staff	Cajado Férreo do Grão-mestre
8853	T7_2H_IRONCLADEDSTAFF@2	Grandmaster's Iron-clad Staff	Cajado Férreo do Grão-mestre
8854	T7_2H_IRONCLADEDSTAFF@3	Grandmaster's Iron-clad Staff	Cajado Férreo do Grão-mestre
8855	T7_2H_IRONCLADEDSTAFF@4	Grandmaster's Iron-clad Staff	Cajado Férreo do Grão-mestre
8856	T8_2H_IRONCLADEDSTAFF	Elder's Iron-clad Staff	Cajado Férreo do Ancião
8857	T8_2H_IRONCLADEDSTAFF@1	Elder's Iron-clad Staff	Cajado Férreo do Ancião
8858	T8_2H_IRONCLADEDSTAFF@2	Elder's Iron-clad Staff	Cajado Férreo do Ancião
8859	T8_2H_IRONCLADEDSTAFF@3	Elder's Iron-clad Staff	Cajado Férreo do Ancião
8860	T8_2H_IRONCLADEDSTAFF@4	Elder's Iron-clad Staff	Cajado Férreo do Ancião
8861	T4_2H_DOUBLEBLADEDSTAFF	Adept's Double Bladed Staff	Cajado Bilaminado do Adepto
8862	T4_2H_DOUBLEBLADEDSTAFF@1	Adept's Double Bladed Staff	Cajado Bilaminado do Adepto
8863	T4_2H_DOUBLEBLADEDSTAFF@2	Adept's Double Bladed Staff	Cajado Bilaminado do Adepto
8864	T4_2H_DOUBLEBLADEDSTAFF@3	Adept's Double Bladed Staff	Cajado Bilaminado do Adepto
8865	T4_2H_DOUBLEBLADEDSTAFF@4	Adept's Double Bladed Staff	Cajado Bilaminado do Adepto
8866	T5_2H_DOUBLEBLADEDSTAFF	Expert's Double Bladed Staff	Cajado Bilaminado do Perito
8867	T5_2H_DOUBLEBLADEDSTAFF@1	Expert's Double Bladed Staff	Cajado Bilaminado do Perito
8868	T5_2H_DOUBLEBLADEDSTAFF@2	Expert's Double Bladed Staff	Cajado Bilaminado do Perito
8869	T5_2H_DOUBLEBLADEDSTAFF@3	Expert's Double Bladed Staff	Cajado Bilaminado do Perito
8870	T5_2H_DOUBLEBLADEDSTAFF@4	Expert's Double Bladed Staff	Cajado Bilaminado do Perito
8871	T6_2H_DOUBLEBLADEDSTAFF	Master's Double Bladed Staff	Cajado Bilaminado do Mestre
8872	T6_2H_DOUBLEBLADEDSTAFF@1	Master's Double Bladed Staff	Cajado Bilaminado do Mestre
8873	T6_2H_DOUBLEBLADEDSTAFF@2	Master's Double Bladed Staff	Cajado Bilaminado do Mestre
8874	T6_2H_DOUBLEBLADEDSTAFF@3	Master's Double Bladed Staff	Cajado Bilaminado do Mestre
8875	T6_2H_DOUBLEBLADEDSTAFF@4	Master's Double Bladed Staff	Cajado Bilaminado do Mestre
8876	T7_2H_DOUBLEBLADEDSTAFF	Grandmaster's Double Bladed Staff	Cajado Bilaminado do Grão-mestre
8877	T7_2H_DOUBLEBLADEDSTAFF@1	Grandmaster's Double Bladed Staff	Cajado Bilaminado do Grão-mestre
8878	T7_2H_DOUBLEBLADEDSTAFF@2	Grandmaster's Double Bladed Staff	Cajado Bilaminado do Grão-mestre
8879	T7_2H_DOUBLEBLADEDSTAFF@3	Grandmaster's Double Bladed Staff	Cajado Bilaminado do Grão-mestre
8880	T7_2H_DOUBLEBLADEDSTAFF@4	Grandmaster's Double Bladed Staff	Cajado Bilaminado do Grão-mestre
8881	T8_2H_DOUBLEBLADEDSTAFF	Elder's Double Bladed Staff	Cajado Bilaminado do Ancião
8882	T8_2H_DOUBLEBLADEDSTAFF@1	Elder's Double Bladed Staff	Cajado Bilaminado do Ancião
8883	T8_2H_DOUBLEBLADEDSTAFF@2	Elder's Double Bladed Staff	Cajado Bilaminado do Ancião
8884	T8_2H_DOUBLEBLADEDSTAFF@3	Elder's Double Bladed Staff	Cajado Bilaminado do Ancião
8885	T8_2H_DOUBLEBLADEDSTAFF@4	Elder's Double Bladed Staff	Cajado Bilaminado do Ancião
8886	T4_2H_COMBATSTAFF_MORGANA	Adept's Black Monk Staff	Cajado de Monge Negro do Adepto
8887	T4_2H_COMBATSTAFF_MORGANA@1	Adept's Black Monk Staff	Cajado de Monge Negro do Adepto
8888	T4_2H_COMBATSTAFF_MORGANA@2	Adept's Black Monk Staff	Cajado de Monge Negro do Adepto
8889	T4_2H_COMBATSTAFF_MORGANA@3	Adept's Black Monk Staff	Cajado de Monge Negro do Adepto
8890	T4_2H_COMBATSTAFF_MORGANA@4	Adept's Black Monk Staff	Cajado de Monge Negro do Adepto
8891	T5_2H_COMBATSTAFF_MORGANA	Expert's Black Monk Staff	Cajado de Monge Negro do Perito
8892	T5_2H_COMBATSTAFF_MORGANA@1	Expert's Black Monk Staff	Cajado de Monge Negro do Perito
8893	T5_2H_COMBATSTAFF_MORGANA@2	Expert's Black Monk Staff	Cajado de Monge Negro do Perito
8894	T5_2H_COMBATSTAFF_MORGANA@3	Expert's Black Monk Staff	Cajado de Monge Negro do Perito
8895	T5_2H_COMBATSTAFF_MORGANA@4	Expert's Black Monk Staff	Cajado de Monge Negro do Perito
8896	T6_2H_COMBATSTAFF_MORGANA	Master's Black Monk Staff	Cajado de Monge Negro do Mestre
8897	T6_2H_COMBATSTAFF_MORGANA@1	Master's Black Monk Staff	Cajado de Monge Negro do Mestre
8898	T6_2H_COMBATSTAFF_MORGANA@2	Master's Black Monk Staff	Cajado de Monge Negro do Mestre
8899	T6_2H_COMBATSTAFF_MORGANA@3	Master's Black Monk Staff	Cajado de Monge Negro do Mestre
8900	T6_2H_COMBATSTAFF_MORGANA@4	Master's Black Monk Staff	Cajado de Monge Negro do Mestre
8901	T7_2H_COMBATSTAFF_MORGANA	Grandmaster's Black Monk Staff	Cajado de Monge Negro do Grão-mestre
8902	T7_2H_COMBATSTAFF_MORGANA@1	Grandmaster's Black Monk Staff	Cajado de Monge Negro do Grão-mestre
8903	T7_2H_COMBATSTAFF_MORGANA@2	Grandmaster's Black Monk Staff	Cajado de Monge Negro do Grão-mestre
8904	T7_2H_COMBATSTAFF_MORGANA@3	Grandmaster's Black Monk Staff	Cajado de Monge Negro do Grão-mestre
8905	T7_2H_COMBATSTAFF_MORGANA@4	Grandmaster's Black Monk Staff	Cajado de Monge Negro do Grão-mestre
8906	T8_2H_COMBATSTAFF_MORGANA	Elder's Black Monk Staff	Cajado de Monge Negro do Ancião
8907	T8_2H_COMBATSTAFF_MORGANA@1	Elder's Black Monk Staff	Cajado de Monge Negro do Ancião
8908	T8_2H_COMBATSTAFF_MORGANA@2	Elder's Black Monk Staff	Cajado de Monge Negro do Ancião
8909	T8_2H_COMBATSTAFF_MORGANA@3	Elder's Black Monk Staff	Cajado de Monge Negro do Ancião
8910	T8_2H_COMBATSTAFF_MORGANA@4	Elder's Black Monk Staff	Cajado de Monge Negro do Ancião
8911	T4_2H_TWINSCYTHE_HELL	Adept's Soulscythe	Seganímica do Adepto
8912	T4_2H_TWINSCYTHE_HELL@1	Adept's Soulscythe	Seganímica do Adepto
8913	T4_2H_TWINSCYTHE_HELL@2	Adept's Soulscythe	Seganímica do Adepto
8914	T4_2H_TWINSCYTHE_HELL@3	Adept's Soulscythe	Seganímica do Adepto
8915	T4_2H_TWINSCYTHE_HELL@4	Adept's Soulscythe	Seganímica do Adepto
8916	T5_2H_TWINSCYTHE_HELL	Expert's Soulscythe	Seganímica do Perito
8917	T5_2H_TWINSCYTHE_HELL@1	Expert's Soulscythe	Seganímica do Perito
8918	T5_2H_TWINSCYTHE_HELL@2	Expert's Soulscythe	Seganímica do Perito
8919	T5_2H_TWINSCYTHE_HELL@3	Expert's Soulscythe	Seganímica do Perito
8920	T5_2H_TWINSCYTHE_HELL@4	Expert's Soulscythe	Seganímica do Perito
8921	T6_2H_TWINSCYTHE_HELL	Master's Soulscythe	Seganímica do Mestre
8922	T6_2H_TWINSCYTHE_HELL@1	Master's Soulscythe	Seganímica do Mestre
8923	T6_2H_TWINSCYTHE_HELL@2	Master's Soulscythe	Seganímica do Mestre
8924	T6_2H_TWINSCYTHE_HELL@3	Master's Soulscythe	Seganímica do Mestre
8925	T6_2H_TWINSCYTHE_HELL@4	Master's Soulscythe	Seganímica do Mestre
8926	T7_2H_TWINSCYTHE_HELL	Grandmaster's Soulscythe	Seganímica do Grão-mestre
8927	T7_2H_TWINSCYTHE_HELL@1	Grandmaster's Soulscythe	Seganímica do Grão-mestre
8928	T7_2H_TWINSCYTHE_HELL@2	Grandmaster's Soulscythe	Seganímica do Grão-mestre
8929	T7_2H_TWINSCYTHE_HELL@3	Grandmaster's Soulscythe	Seganímica do Grão-mestre
8930	T7_2H_TWINSCYTHE_HELL@4	Grandmaster's Soulscythe	Seganímica do Grão-mestre
8931	T8_2H_TWINSCYTHE_HELL	Elder's Soulscythe	Seganímica do Ancião
8932	T8_2H_TWINSCYTHE_HELL@1	Elder's Soulscythe	Seganímica do Ancião
8933	T8_2H_TWINSCYTHE_HELL@2	Elder's Soulscythe	Seganímica do Ancião
8934	T8_2H_TWINSCYTHE_HELL@3	Elder's Soulscythe	Seganímica do Ancião
8935	T8_2H_TWINSCYTHE_HELL@4	Elder's Soulscythe	Seganímica do Ancião
8936	T4_2H_ROCKSTAFF_KEEPER	Adept's Staff of Balance	Cajado do Equilíbrio do Adepto
8937	T4_2H_ROCKSTAFF_KEEPER@1	Adept's Staff of Balance	Cajado do Equilíbrio do Adepto
8938	T4_2H_ROCKSTAFF_KEEPER@2	Adept's Staff of Balance	Cajado do Equilíbrio do Adepto
8939	T4_2H_ROCKSTAFF_KEEPER@3	Adept's Staff of Balance	Cajado do Equilíbrio do Adepto
8940	T4_2H_ROCKSTAFF_KEEPER@4	Adept's Staff of Balance	Cajado do Equilíbrio do Adepto
8941	T5_2H_ROCKSTAFF_KEEPER	Expert's Staff of Balance	Cajado do Equilíbrio do Perito
8942	T5_2H_ROCKSTAFF_KEEPER@1	Expert's Staff of Balance	Cajado do Equilíbrio do Perito
8943	T5_2H_ROCKSTAFF_KEEPER@2	Expert's Staff of Balance	Cajado do Equilíbrio do Perito
8944	T5_2H_ROCKSTAFF_KEEPER@3	Expert's Staff of Balance	Cajado do Equilíbrio do Perito
8945	T5_2H_ROCKSTAFF_KEEPER@4	Expert's Staff of Balance	Cajado do Equilíbrio do Perito
8946	T6_2H_ROCKSTAFF_KEEPER	Master's Staff of Balance	Cajado do Equilíbrio do Mestre
8947	T6_2H_ROCKSTAFF_KEEPER@1	Master's Staff of Balance	Cajado do Equilíbrio do Mestre
8948	T6_2H_ROCKSTAFF_KEEPER@2	Master's Staff of Balance	Cajado do Equilíbrio do Mestre
8949	T6_2H_ROCKSTAFF_KEEPER@3	Master's Staff of Balance	Cajado do Equilíbrio do Mestre
8950	T6_2H_ROCKSTAFF_KEEPER@4	Master's Staff of Balance	Cajado do Equilíbrio do Mestre
8951	T7_2H_ROCKSTAFF_KEEPER	Grandmaster's Staff of Balance	Cajado do Equilíbrio do Grão-mestre
8952	T7_2H_ROCKSTAFF_KEEPER@1	Grandmaster's Staff of Balance	Cajado do Equilíbrio do Grão-mestre
8953	T7_2H_ROCKSTAFF_KEEPER@2	Grandmaster's Staff of Balance	Cajado do Equilíbrio do Grão-mestre
8954	T7_2H_ROCKSTAFF_KEEPER@3	Grandmaster's Staff of Balance	Cajado do Equilíbrio do Grão-mestre
8955	T7_2H_ROCKSTAFF_KEEPER@4	Grandmaster's Staff of Balance	Cajado do Equilíbrio do Grão-mestre
8956	T8_2H_ROCKSTAFF_KEEPER	Elder's Staff of Balance	Cajado do Equilíbrio do Ancião
8957	T8_2H_ROCKSTAFF_KEEPER@1	Elder's Staff of Balance	Cajado do Equilíbrio do Ancião
8958	T8_2H_ROCKSTAFF_KEEPER@2	Elder's Staff of Balance	Cajado do Equilíbrio do Ancião
8959	T8_2H_ROCKSTAFF_KEEPER@3	Elder's Staff of Balance	Cajado do Equilíbrio do Ancião
8960	T8_2H_ROCKSTAFF_KEEPER@4	Elder's Staff of Balance	Cajado do Equilíbrio do Ancião
8961	T4_2H_QUARTERSTAFF_AVALON	Adept's Grailseeker	Buscador do Graal do Adepto
8962	T4_2H_QUARTERSTAFF_AVALON@1	Adept's Grailseeker	Buscador do Graal do Adepto
8963	T4_2H_QUARTERSTAFF_AVALON@2	Adept's Grailseeker	Buscador do Graal do Adepto
8964	T4_2H_QUARTERSTAFF_AVALON@3	Adept's Grailseeker	Buscador do Graal do Adepto
8965	T4_2H_QUARTERSTAFF_AVALON@4	Adept's Grailseeker	Buscador do Graal do Adepto
8966	T5_2H_QUARTERSTAFF_AVALON	Expert's Grailseeker	Buscador do Graal do Perito
8967	T5_2H_QUARTERSTAFF_AVALON@1	Expert's Grailseeker	Buscador do Graal do Perito
8968	T5_2H_QUARTERSTAFF_AVALON@2	Expert's Grailseeker	Buscador do Graal do Perito
8969	T5_2H_QUARTERSTAFF_AVALON@3	Expert's Grailseeker	Buscador do Graal do Perito
8970	T5_2H_QUARTERSTAFF_AVALON@4	Expert's Grailseeker	Buscador do Graal do Perito
8971	T6_2H_QUARTERSTAFF_AVALON	Master's Grailseeker	Buscador do Graal do Mestre
8972	T6_2H_QUARTERSTAFF_AVALON@1	Master's Grailseeker	Buscador do Graal do Mestre
8973	T6_2H_QUARTERSTAFF_AVALON@2	Master's Grailseeker	Buscador do Graal do Mestre
8974	T6_2H_QUARTERSTAFF_AVALON@3	Master's Grailseeker	Buscador do Graal do Mestre
8975	T6_2H_QUARTERSTAFF_AVALON@4	Master's Grailseeker	Buscador do Graal do Mestre
8976	T7_2H_QUARTERSTAFF_AVALON	Grandmaster's Grailseeker	Buscador do Graal do Grão-mestre
8977	T7_2H_QUARTERSTAFF_AVALON@1	Grandmaster's Grailseeker	Buscador do Graal do Grão-mestre
8978	T7_2H_QUARTERSTAFF_AVALON@2	Grandmaster's Grailseeker	Buscador do Graal do Grão-mestre
8979	T7_2H_QUARTERSTAFF_AVALON@3	Grandmaster's Grailseeker	Buscador do Graal do Grão-mestre
8980	T7_2H_QUARTERSTAFF_AVALON@4	Grandmaster's Grailseeker	Buscador do Graal do Grão-mestre
8981	T8_2H_QUARTERSTAFF_AVALON	Elder's Grailseeker	Buscador do Graal do Ancião
8982	T8_2H_QUARTERSTAFF_AVALON@1	Elder's Grailseeker	Buscador do Graal do Ancião
8983	T8_2H_QUARTERSTAFF_AVALON@2	Elder's Grailseeker	Buscador do Graal do Ancião
8984	T8_2H_QUARTERSTAFF_AVALON@3	Elder's Grailseeker	Buscador do Graal do Ancião
8985	T8_2H_QUARTERSTAFF_AVALON@4	Elder's Grailseeker	Buscador do Graal do Ancião
8986	T4_2H_DOUBLEBLADEDSTAFF_CRYSTAL	Adept's Phantom Twinblade	Lâminas Gêmeas Fantasmagóricas do Adepto
8987	T4_2H_DOUBLEBLADEDSTAFF_CRYSTAL@1	Adept's Phantom Twinblade	Lâminas Gêmeas Fantasmagóricas do Adepto
8988	T4_2H_DOUBLEBLADEDSTAFF_CRYSTAL@2	Adept's Phantom Twinblade	Lâminas Gêmeas Fantasmagóricas do Adepto
8989	T4_2H_DOUBLEBLADEDSTAFF_CRYSTAL@3	Adept's Phantom Twinblade	Lâminas Gêmeas Fantasmagóricas do Adepto
8990	T4_2H_DOUBLEBLADEDSTAFF_CRYSTAL@4	Adept's Phantom Twinblade	Lâminas Gêmeas Fantasmagóricas do Adepto
8991	T5_2H_DOUBLEBLADEDSTAFF_CRYSTAL	Expert's Phantom Twinblade	Lâminas Gêmeas Fantasmagóricas do Perito
8992	T5_2H_DOUBLEBLADEDSTAFF_CRYSTAL@1	Expert's Phantom Twinblade	Lâminas Gêmeas Fantasmagóricas do Perito
8993	T5_2H_DOUBLEBLADEDSTAFF_CRYSTAL@2	Expert's Phantom Twinblade	Lâminas Gêmeas Fantasmagóricas do Perito
8994	T5_2H_DOUBLEBLADEDSTAFF_CRYSTAL@3	Expert's Phantom Twinblade	Lâminas Gêmeas Fantasmagóricas do Perito
8995	T5_2H_DOUBLEBLADEDSTAFF_CRYSTAL@4	Expert's Phantom Twinblade	Lâminas Gêmeas Fantasmagóricas do Perito
8996	T6_2H_DOUBLEBLADEDSTAFF_CRYSTAL	Master's Phantom Twinblade	Lâminas Gêmeas Fantasmagóricas do Mestre
8997	T6_2H_DOUBLEBLADEDSTAFF_CRYSTAL@1	Master's Phantom Twinblade	Lâminas Gêmeas Fantasmagóricas do Mestre
8998	T6_2H_DOUBLEBLADEDSTAFF_CRYSTAL@2	Master's Phantom Twinblade	Lâminas Gêmeas Fantasmagóricas do Mestre
8999	T6_2H_DOUBLEBLADEDSTAFF_CRYSTAL@3	Master's Phantom Twinblade	Lâminas Gêmeas Fantasmagóricas do Mestre
9000	T6_2H_DOUBLEBLADEDSTAFF_CRYSTAL@4	Master's Phantom Twinblade	Lâminas Gêmeas Fantasmagóricas do Mestre
9001	T7_2H_DOUBLEBLADEDSTAFF_CRYSTAL	Grandmaster's Phantom Twinblade	Lâminas Gêmeas Fantasmagóricas do Grão-mestre
9002	T7_2H_DOUBLEBLADEDSTAFF_CRYSTAL@1	Grandmaster's Phantom Twinblade	Lâminas Gêmeas Fantasmagóricas do Grão-mestre
9003	T7_2H_DOUBLEBLADEDSTAFF_CRYSTAL@2	Grandmaster's Phantom Twinblade	Lâminas Gêmeas Fantasmagóricas do Grão-mestre
9004	T7_2H_DOUBLEBLADEDSTAFF_CRYSTAL@3	Grandmaster's Phantom Twinblade	Lâminas Gêmeas Fantasmagóricas do Grão-mestre
9005	T7_2H_DOUBLEBLADEDSTAFF_CRYSTAL@4	Grandmaster's Phantom Twinblade	Lâminas Gêmeas Fantasmagóricas do Grão-mestre
9006	T8_2H_DOUBLEBLADEDSTAFF_CRYSTAL	Elder's Phantom Twinblade	Lâminas Gêmeas Fantasmagóricas do Ancião
9007	T8_2H_DOUBLEBLADEDSTAFF_CRYSTAL@1	Elder's Phantom Twinblade	Lâminas Gêmeas Fantasmagóricas do Ancião
9008	T8_2H_DOUBLEBLADEDSTAFF_CRYSTAL@2	Elder's Phantom Twinblade	Lâminas Gêmeas Fantasmagóricas do Ancião
9009	T8_2H_DOUBLEBLADEDSTAFF_CRYSTAL@3	Elder's Phantom Twinblade	Lâminas Gêmeas Fantasmagóricas do Ancião
9010	T8_2H_DOUBLEBLADEDSTAFF_CRYSTAL@4	Elder's Phantom Twinblade	Lâminas Gêmeas Fantasmagóricas do Ancião
9011	T3_MAIN_HAMMER	Journeyman's Hammer	Martelo do Iniciante
9012	T4_MAIN_HAMMER	Adept's Hammer	Martelo do Adepto
9013	T4_MAIN_HAMMER@1	Adept's Hammer	Martelo do Adepto
9014	T4_MAIN_HAMMER@2	Adept's Hammer	Martelo do Adepto
9015	T4_MAIN_HAMMER@3	Adept's Hammer	Martelo do Adepto
9016	T4_MAIN_HAMMER@4	Adept's Hammer	Martelo do Adepto
9017	T5_MAIN_HAMMER	Expert's Hammer	Martelo do Perito
9018	T5_MAIN_HAMMER@1	Expert's Hammer	Martelo do Perito
9019	T5_MAIN_HAMMER@2	Expert's Hammer	Martelo do Perito
9020	T5_MAIN_HAMMER@3	Expert's Hammer	Martelo do Perito
9021	T5_MAIN_HAMMER@4	Expert's Hammer	Martelo do Perito
9022	T6_MAIN_HAMMER	Master's Hammer	Martelo do Mestre
9023	T6_MAIN_HAMMER@1	Master's Hammer	Martelo do Mestre
9024	T6_MAIN_HAMMER@2	Master's Hammer	Martelo do Mestre
9025	T6_MAIN_HAMMER@3	Master's Hammer	Martelo do Mestre
9026	T6_MAIN_HAMMER@4	Master's Hammer	Martelo do Mestre
9027	T7_MAIN_HAMMER	Grandmaster's Hammer	Martelo do Grão-mestre
9028	T7_MAIN_HAMMER@1	Grandmaster's Hammer	Martelo do Grão-mestre
9029	T7_MAIN_HAMMER@2	Grandmaster's Hammer	Martelo do Grão-mestre
9030	T7_MAIN_HAMMER@3	Grandmaster's Hammer	Martelo do Grão-mestre
9031	T7_MAIN_HAMMER@4	Grandmaster's Hammer	Martelo do Grão-mestre
9032	T8_MAIN_HAMMER	Elder's Hammer	Martelo do Ancião
9033	T8_MAIN_HAMMER@1	Elder's Hammer	Martelo do Ancião
9034	T8_MAIN_HAMMER@2	Elder's Hammer	Martelo do Ancião
9035	T8_MAIN_HAMMER@3	Elder's Hammer	Martelo do Ancião
9036	T8_MAIN_HAMMER@4	Elder's Hammer	Martelo do Ancião
9037	T4_2H_POLEHAMMER	Adept's Polehammer	Martelo de Batalha do Adepto
9038	T4_2H_POLEHAMMER@1	Adept's Polehammer	Martelo de Batalha do Adepto
9039	T4_2H_POLEHAMMER@2	Adept's Polehammer	Martelo de Batalha do Adepto
9040	T4_2H_POLEHAMMER@3	Adept's Polehammer	Martelo de Batalha do Adepto
9041	T4_2H_POLEHAMMER@4	Adept's Polehammer	Martelo de Batalha do Adepto
9042	T5_2H_POLEHAMMER	Expert's Polehammer	Martelo de Batalha do Perito
9043	T5_2H_POLEHAMMER@1	Expert's Polehammer	Martelo de Batalha do Perito
9044	T5_2H_POLEHAMMER@2	Expert's Polehammer	Martelo de Batalha do Perito
9045	T5_2H_POLEHAMMER@3	Expert's Polehammer	Martelo de Batalha do Perito
9046	T5_2H_POLEHAMMER@4	Expert's Polehammer	Martelo de Batalha do Perito
9047	T6_2H_POLEHAMMER	Master's Polehammer	Martelo de Batalha do Mestre
9048	T6_2H_POLEHAMMER@1	Master's Polehammer	Martelo de Batalha do Mestre
9049	T6_2H_POLEHAMMER@2	Master's Polehammer	Martelo de Batalha do Mestre
9050	T6_2H_POLEHAMMER@3	Master's Polehammer	Martelo de Batalha do Mestre
9051	T6_2H_POLEHAMMER@4	Master's Polehammer	Martelo de Batalha do Mestre
9052	T7_2H_POLEHAMMER	Grandmaster's Polehammer	Martelo de Batalha do Grão-mestre
9053	T7_2H_POLEHAMMER@1	Grandmaster's Polehammer	Martelo de Batalha do Grão-mestre
9054	T7_2H_POLEHAMMER@2	Grandmaster's Polehammer	Martelo de Batalha do Grão-mestre
9055	T7_2H_POLEHAMMER@3	Grandmaster's Polehammer	Martelo de Batalha do Grão-mestre
9056	T7_2H_POLEHAMMER@4	Grandmaster's Polehammer	Martelo de Batalha do Grão-mestre
9057	T8_2H_POLEHAMMER	Elder's Polehammer	Martelo de Batalha do Ancião
9058	T8_2H_POLEHAMMER@1	Elder's Polehammer	Martelo de Batalha do Ancião
9059	T8_2H_POLEHAMMER@2	Elder's Polehammer	Martelo de Batalha do Ancião
9060	T8_2H_POLEHAMMER@3	Elder's Polehammer	Martelo de Batalha do Ancião
9061	T8_2H_POLEHAMMER@4	Elder's Polehammer	Martelo de Batalha do Ancião
9062	T4_2H_HAMMER	Adept's Great Hammer	Martelo Elevado do Adepto
9063	T4_2H_HAMMER@1	Adept's Great Hammer	Martelo Elevado do Adepto
9064	T4_2H_HAMMER@2	Adept's Great Hammer	Martelo Elevado do Adepto
9065	T4_2H_HAMMER@3	Adept's Great Hammer	Martelo Elevado do Adepto
9066	T4_2H_HAMMER@4	Adept's Great Hammer	Martelo Elevado do Adepto
9067	T5_2H_HAMMER	Expert's Great Hammer	Martelo Elevado do Perito
9068	T5_2H_HAMMER@1	Expert's Great Hammer	Martelo Elevado do Perito
9069	T5_2H_HAMMER@2	Expert's Great Hammer	Martelo Elevado do Perito
9070	T5_2H_HAMMER@3	Expert's Great Hammer	Martelo Elevado do Perito
9071	T5_2H_HAMMER@4	Expert's Great Hammer	Martelo Elevado do Perito
9072	T6_2H_HAMMER	Master's Great Hammer	Martelo Elevado do Mestre
9073	T6_2H_HAMMER@1	Master's Great Hammer	Martelo Elevado do Mestre
9074	T6_2H_HAMMER@2	Master's Great Hammer	Martelo Elevado do Mestre
9075	T6_2H_HAMMER@3	Master's Great Hammer	Martelo Elevado do Mestre
9076	T6_2H_HAMMER@4	Master's Great Hammer	Martelo Elevado do Mestre
9077	T7_2H_HAMMER	Grandmaster's Great Hammer	Martelo Elevado do Grão-mestre
9078	T7_2H_HAMMER@1	Grandmaster's Great Hammer	Martelo Elevado do Grão-mestre
9079	T7_2H_HAMMER@2	Grandmaster's Great Hammer	Martelo Elevado do Grão-mestre
9080	T7_2H_HAMMER@3	Grandmaster's Great Hammer	Martelo Elevado do Grão-mestre
9081	T7_2H_HAMMER@4	Grandmaster's Great Hammer	Martelo Elevado do Grão-mestre
9082	T8_2H_HAMMER	Elder's Great Hammer	Martelo Elevado do Ancião
9083	T8_2H_HAMMER@1	Elder's Great Hammer	Martelo Elevado do Ancião
9084	T8_2H_HAMMER@2	Elder's Great Hammer	Martelo Elevado do Ancião
9085	T8_2H_HAMMER@3	Elder's Great Hammer	Martelo Elevado do Ancião
9086	T8_2H_HAMMER@4	Elder's Great Hammer	Martelo Elevado do Ancião
9087	T4_2H_HAMMER_UNDEAD	Adept's Tombhammer	Martelo Fúnebre do Adepto
9088	T4_2H_HAMMER_UNDEAD@1	Adept's Tombhammer	Martelo Fúnebre do Adepto
9089	T4_2H_HAMMER_UNDEAD@2	Adept's Tombhammer	Martelo Fúnebre do Adepto
9090	T4_2H_HAMMER_UNDEAD@3	Adept's Tombhammer	Martelo Fúnebre do Adepto
9091	T4_2H_HAMMER_UNDEAD@4	Adept's Tombhammer	Martelo Fúnebre do Adepto
9092	T5_2H_HAMMER_UNDEAD	Expert's Tombhammer	Martelo Fúnebre do Perito
9093	T5_2H_HAMMER_UNDEAD@1	Expert's Tombhammer	Martelo Fúnebre do Perito
9094	T5_2H_HAMMER_UNDEAD@2	Expert's Tombhammer	Martelo Fúnebre do Perito
9095	T5_2H_HAMMER_UNDEAD@3	Expert's Tombhammer	Martelo Fúnebre do Perito
9096	T5_2H_HAMMER_UNDEAD@4	Expert's Tombhammer	Martelo Fúnebre do Perito
9097	T6_2H_HAMMER_UNDEAD	Master's Tombhammer	Martelo Fúnebre do Mestre
9098	T6_2H_HAMMER_UNDEAD@1	Master's Tombhammer	Martelo Fúnebre do Mestre
9099	T6_2H_HAMMER_UNDEAD@2	Master's Tombhammer	Martelo Fúnebre do Mestre
9100	T6_2H_HAMMER_UNDEAD@3	Master's Tombhammer	Martelo Fúnebre do Mestre
9101	T6_2H_HAMMER_UNDEAD@4	Master's Tombhammer	Martelo Fúnebre do Mestre
9102	T7_2H_HAMMER_UNDEAD	Grandmaster's Tombhammer	Martelo Fúnebre do Grão-mestre
9103	T7_2H_HAMMER_UNDEAD@1	Grandmaster's Tombhammer	Martelo Fúnebre do Grão-mestre
9104	T7_2H_HAMMER_UNDEAD@2	Grandmaster's Tombhammer	Martelo Fúnebre do Grão-mestre
9105	T7_2H_HAMMER_UNDEAD@3	Grandmaster's Tombhammer	Martelo Fúnebre do Grão-mestre
9106	T7_2H_HAMMER_UNDEAD@4	Grandmaster's Tombhammer	Martelo Fúnebre do Grão-mestre
9107	T8_2H_HAMMER_UNDEAD	Elder's Tombhammer	Martelo Fúnebre do Ancião
9108	T8_2H_HAMMER_UNDEAD@1	Elder's Tombhammer	Martelo Fúnebre do Ancião
9109	T8_2H_HAMMER_UNDEAD@2	Elder's Tombhammer	Martelo Fúnebre do Ancião
9110	T8_2H_HAMMER_UNDEAD@3	Elder's Tombhammer	Martelo Fúnebre do Ancião
9111	T8_2H_HAMMER_UNDEAD@4	Elder's Tombhammer	Martelo Fúnebre do Ancião
9112	T4_2H_DUALHAMMER_HELL	Adept's Forge Hammers	Martelos de Forja do Adepto
9113	T4_2H_DUALHAMMER_HELL@1	Adept's Forge Hammers	Martelos de Forja do Adepto
9114	T4_2H_DUALHAMMER_HELL@2	Adept's Forge Hammers	Martelos de Forja do Adepto
9115	T4_2H_DUALHAMMER_HELL@3	Adept's Forge Hammers	Martelos de Forja do Adepto
9116	T4_2H_DUALHAMMER_HELL@4	Adept's Forge Hammers	Martelos de Forja do Adepto
9117	T5_2H_DUALHAMMER_HELL	Expert's Forge Hammers	Martelos de Forja do Perito
9118	T5_2H_DUALHAMMER_HELL@1	Expert's Forge Hammers	Martelos de Forja do Perito
9119	T5_2H_DUALHAMMER_HELL@2	Expert's Forge Hammers	Martelos de Forja do Perito
9120	T5_2H_DUALHAMMER_HELL@3	Expert's Forge Hammers	Martelos de Forja do Perito
9121	T5_2H_DUALHAMMER_HELL@4	Expert's Forge Hammers	Martelos de Forja do Perito
9122	T6_2H_DUALHAMMER_HELL	Master's Forge Hammers	Martelos de Forja do Mestre
9123	T6_2H_DUALHAMMER_HELL@1	Master's Forge Hammers	Martelos de Forja do Mestre
9124	T6_2H_DUALHAMMER_HELL@2	Master's Forge Hammers	Martelos de Forja do Mestre
9125	T6_2H_DUALHAMMER_HELL@3	Master's Forge Hammers	Martelos de Forja do Mestre
9126	T6_2H_DUALHAMMER_HELL@4	Master's Forge Hammers	Martelos de Forja do Mestre
9127	T7_2H_DUALHAMMER_HELL	Grandmaster's Forge Hammers	Martelos de Forja do Grão-mestre
9128	T7_2H_DUALHAMMER_HELL@1	Grandmaster's Forge Hammers	Martelos de Forja do Grão-mestre
9129	T7_2H_DUALHAMMER_HELL@2	Grandmaster's Forge Hammers	Martelos de Forja do Grão-mestre
9130	T7_2H_DUALHAMMER_HELL@3	Grandmaster's Forge Hammers	Martelos de Forja do Grão-mestre
9131	T7_2H_DUALHAMMER_HELL@4	Grandmaster's Forge Hammers	Martelos de Forja do Grão-mestre
9132	T8_2H_DUALHAMMER_HELL	Elder's Forge Hammers	Martelos de Forja do Ancião
9133	T8_2H_DUALHAMMER_HELL@1	Elder's Forge Hammers	Martelos de Forja do Ancião
9134	T8_2H_DUALHAMMER_HELL@2	Elder's Forge Hammers	Martelos de Forja do Ancião
9135	T8_2H_DUALHAMMER_HELL@3	Elder's Forge Hammers	Martelos de Forja do Ancião
9136	T8_2H_DUALHAMMER_HELL@4	Elder's Forge Hammers	Martelos de Forja do Ancião
9137	T4_2H_RAM_KEEPER	Adept's Grovekeeper	Guarda-bosques do Adepto
9138	T4_2H_RAM_KEEPER@1	Adept's Grovekeeper	Guarda-bosques do Adepto
9139	T4_2H_RAM_KEEPER@2	Adept's Grovekeeper	Guarda-bosques do Adepto
9140	T4_2H_RAM_KEEPER@3	Adept's Grovekeeper	Guarda-bosques do Adepto
9141	T4_2H_RAM_KEEPER@4	Adept's Grovekeeper	Guarda-bosques do Adepto
9142	T5_2H_RAM_KEEPER	Expert's Grovekeeper	Guarda-bosques do Perito
9143	T5_2H_RAM_KEEPER@1	Expert's Grovekeeper	Guarda-bosques do Perito
9144	T5_2H_RAM_KEEPER@2	Expert's Grovekeeper	Guarda-bosques do Perito
9145	T5_2H_RAM_KEEPER@3	Expert's Grovekeeper	Guarda-bosques do Perito
9146	T5_2H_RAM_KEEPER@4	Expert's Grovekeeper	Guarda-bosques do Perito
9147	T6_2H_RAM_KEEPER	Master's Grovekeeper	Guarda-bosques do Mestre
9148	T6_2H_RAM_KEEPER@1	Master's Grovekeeper	Guarda-bosques do Mestre
9149	T6_2H_RAM_KEEPER@2	Master's Grovekeeper	Guarda-bosques do Mestre
9150	T6_2H_RAM_KEEPER@3	Master's Grovekeeper	Guarda-bosques do Mestre
9151	T6_2H_RAM_KEEPER@4	Master's Grovekeeper	Guarda-bosques do Mestre
9152	T7_2H_RAM_KEEPER	Grandmaster's Grovekeeper	Guarda-bosques do Grão-mestre
9153	T7_2H_RAM_KEEPER@1	Grandmaster's Grovekeeper	Guarda-bosques do Grão-mestre
9154	T7_2H_RAM_KEEPER@2	Grandmaster's Grovekeeper	Guarda-bosques do Grão-mestre
9155	T7_2H_RAM_KEEPER@3	Grandmaster's Grovekeeper	Guarda-bosques do Grão-mestre
9156	T7_2H_RAM_KEEPER@4	Grandmaster's Grovekeeper	Guarda-bosques do Grão-mestre
9157	T8_2H_RAM_KEEPER	Elder's Grovekeeper	Guarda-bosques do Ancião
9158	T8_2H_RAM_KEEPER@1	Elder's Grovekeeper	Guarda-bosques do Ancião
9159	T8_2H_RAM_KEEPER@2	Elder's Grovekeeper	Guarda-bosques do Ancião
9160	T8_2H_RAM_KEEPER@3	Elder's Grovekeeper	Guarda-bosques do Ancião
9161	T8_2H_RAM_KEEPER@4	Elder's Grovekeeper	Guarda-bosques do Ancião
9162	T4_2H_HAMMER_AVALON	Adept's Hand of Justice	Mão da Justiça do Adepto
9163	T4_2H_HAMMER_AVALON@1	Adept's Hand of Justice	Mão da Justiça do Adepto
9164	T4_2H_HAMMER_AVALON@2	Adept's Hand of Justice	Mão da Justiça do Adepto
9165	T4_2H_HAMMER_AVALON@3	Adept's Hand of Justice	Mão da Justiça do Adepto
9166	T4_2H_HAMMER_AVALON@4	Adept's Hand of Justice	Mão da Justiça do Adepto
9167	T5_2H_HAMMER_AVALON	Expert's Hand of Justice	Mão da Justiça do Perito
9168	T5_2H_HAMMER_AVALON@1	Expert's Hand of Justice	Mão da Justiça do Perito
9169	T5_2H_HAMMER_AVALON@2	Expert's Hand of Justice	Mão da Justiça do Perito
9170	T5_2H_HAMMER_AVALON@3	Expert's Hand of Justice	Mão da Justiça do Perito
9171	T5_2H_HAMMER_AVALON@4	Expert's Hand of Justice	Mão da Justiça do Perito
9172	T6_2H_HAMMER_AVALON	Master's Hand of Justice	Mão da Justiça do Mestre
9173	T6_2H_HAMMER_AVALON@1	Master's Hand of Justice	Mão da Justiça do Mestre
9174	T6_2H_HAMMER_AVALON@2	Master's Hand of Justice	Mão da Justiça do Mestre
9175	T6_2H_HAMMER_AVALON@3	Master's Hand of Justice	Mão da Justiça do Mestre
9176	T6_2H_HAMMER_AVALON@4	Master's Hand of Justice	Mão da Justiça do Mestre
9177	T7_2H_HAMMER_AVALON	Grandmaster's Hand of Justice	Mão da Justiça do Grão-mestre
9178	T7_2H_HAMMER_AVALON@1	Grandmaster's Hand of Justice	Mão da Justiça do Grão-mestre
9179	T7_2H_HAMMER_AVALON@2	Grandmaster's Hand of Justice	Mão da Justiça do Grão-mestre
9180	T7_2H_HAMMER_AVALON@3	Grandmaster's Hand of Justice	Mão da Justiça do Grão-mestre
9181	T7_2H_HAMMER_AVALON@4	Grandmaster's Hand of Justice	Mão da Justiça do Grão-mestre
9182	T8_2H_HAMMER_AVALON	Elder's Hand of Justice	Mão da Justiça do Ancião
9183	T8_2H_HAMMER_AVALON@1	Elder's Hand of Justice	Mão da Justiça do Ancião
9184	T8_2H_HAMMER_AVALON@2	Elder's Hand of Justice	Mão da Justiça do Ancião
9185	T8_2H_HAMMER_AVALON@3	Elder's Hand of Justice	Mão da Justiça do Ancião
9186	T8_2H_HAMMER_AVALON@4	Elder's Hand of Justice	Mão da Justiça do Ancião
9187	T4_2H_HAMMER_CRYSTAL	Adept's Truebolt Hammer	Martelo Estrondoso do Adepto
9188	T4_2H_HAMMER_CRYSTAL@1	Adept's Truebolt Hammer	Martelo Estrondoso do Adepto
9189	T4_2H_HAMMER_CRYSTAL@2	Adept's Truebolt Hammer	Martelo Estrondoso do Adepto
9190	T4_2H_HAMMER_CRYSTAL@3	Adept's Truebolt Hammer	Martelo Estrondoso do Adepto
9191	T4_2H_HAMMER_CRYSTAL@4	Adept's Truebolt Hammer	Martelo Estrondoso do Adepto
9192	T5_2H_HAMMER_CRYSTAL	Expert's Truebolt Hammer	Martelo Estrondoso do Perito
9193	T5_2H_HAMMER_CRYSTAL@1	Expert's Truebolt Hammer	Martelo Estrondoso do Perito
9194	T5_2H_HAMMER_CRYSTAL@2	Expert's Truebolt Hammer	Martelo Estrondoso do Perito
9195	T5_2H_HAMMER_CRYSTAL@3	Expert's Truebolt Hammer	Martelo Estrondoso do Perito
9196	T5_2H_HAMMER_CRYSTAL@4	Expert's Truebolt Hammer	Martelo Estrondoso do Perito
9197	T6_2H_HAMMER_CRYSTAL	Master's Truebolt Hammer	Martelo Estrondoso do Mestre
9198	T6_2H_HAMMER_CRYSTAL@1	Master's Truebolt Hammer	Martelo Estrondoso do Mestre
9199	T6_2H_HAMMER_CRYSTAL@2	Master's Truebolt Hammer	Martelo Estrondoso do Mestre
9200	T6_2H_HAMMER_CRYSTAL@3	Master's Truebolt Hammer	Martelo Estrondoso do Mestre
9201	T6_2H_HAMMER_CRYSTAL@4	Master's Truebolt Hammer	Martelo Estrondoso do Mestre
9202	T7_2H_HAMMER_CRYSTAL	Grandmaster's Truebolt Hammer	Martelo Estrondoso do Grão-mestre
9203	T7_2H_HAMMER_CRYSTAL@1	Grandmaster's Truebolt Hammer	Martelo Estrondoso do Grão-mestre
9204	T7_2H_HAMMER_CRYSTAL@2	Grandmaster's Truebolt Hammer	Martelo Estrondoso do Grão-mestre
9205	T7_2H_HAMMER_CRYSTAL@3	Grandmaster's Truebolt Hammer	Martelo Estrondoso do Grão-mestre
9206	T7_2H_HAMMER_CRYSTAL@4	Grandmaster's Truebolt Hammer	Martelo Estrondoso do Grão-mestre
9207	T8_2H_HAMMER_CRYSTAL	Elder's Truebolt Hammer	Martelo Estrondoso do Ancião
9208	T8_2H_HAMMER_CRYSTAL@1	Elder's Truebolt Hammer	Martelo Estrondoso do Ancião
9209	T8_2H_HAMMER_CRYSTAL@2	Elder's Truebolt Hammer	Martelo Estrondoso do Ancião
9210	T8_2H_HAMMER_CRYSTAL@3	Elder's Truebolt Hammer	Martelo Estrondoso do Ancião
9211	T8_2H_HAMMER_CRYSTAL@4	Elder's Truebolt Hammer	Martelo Estrondoso do Ancião
9212	T3_MAIN_MACE	Journeyman's Mace	Maça do Iniciante
9213	T4_MAIN_MACE	Adept's Mace	Maça do Adepto
9214	T4_MAIN_MACE@1	Adept's Mace	Maça do Adepto
9215	T4_MAIN_MACE@2	Adept's Mace	Maça do Adepto
9216	T4_MAIN_MACE@3	Adept's Mace	Maça do Adepto
9217	T4_MAIN_MACE@4	Adept's Mace	Maça do Adepto
9218	T5_MAIN_MACE	Expert's Mace	Maça do Perito
9219	T5_MAIN_MACE@1	Expert's Mace	Maça do Perito
9220	T5_MAIN_MACE@2	Expert's Mace	Maça do Perito
9221	T5_MAIN_MACE@3	Expert's Mace	Maça do Perito
9222	T5_MAIN_MACE@4	Expert's Mace	Maça do Perito
9223	T6_MAIN_MACE	Master's Mace	Maça do Mestre
9224	T6_MAIN_MACE@1	Master's Mace	Maça do Mestre
9225	T6_MAIN_MACE@2	Master's Mace	Maça do Mestre
9226	T6_MAIN_MACE@3	Master's Mace	Maça do Mestre
9227	T6_MAIN_MACE@4	Master's Mace	Maça do Mestre
9228	T7_MAIN_MACE	Grandmaster's Mace	Maça do Grão-mestre
9229	T7_MAIN_MACE@1	Grandmaster's Mace	Maça do Grão-mestre
9230	T7_MAIN_MACE@2	Grandmaster's Mace	Maça do Grão-mestre
9231	T7_MAIN_MACE@3	Grandmaster's Mace	Maça do Grão-mestre
9232	T7_MAIN_MACE@4	Grandmaster's Mace	Maça do Grão-mestre
9233	T8_MAIN_MACE	Elder's Mace	Maça do Ancião
9234	T8_MAIN_MACE@1	Elder's Mace	Maça do Ancião
9235	T8_MAIN_MACE@2	Elder's Mace	Maça do Ancião
9236	T8_MAIN_MACE@3	Elder's Mace	Maça do Ancião
9237	T8_MAIN_MACE@4	Elder's Mace	Maça do Ancião
9238	T4_2H_MACE	Adept's Heavy Mace	Maça Pesada do Adepto
9239	T4_2H_MACE@1	Adept's Heavy Mace	Maça Pesada do Adepto
9240	T4_2H_MACE@2	Adept's Heavy Mace	Maça Pesada do Adepto
9241	T4_2H_MACE@3	Adept's Heavy Mace	Maça Pesada do Adepto
9242	T4_2H_MACE@4	Adept's Heavy Mace	Maça Pesada do Adepto
9243	T5_2H_MACE	Expert's Heavy Mace	Maça Pesada do Perito
9244	T5_2H_MACE@1	Expert's Heavy Mace	Maça Pesada do Perito
9245	T5_2H_MACE@2	Expert's Heavy Mace	Maça Pesada do Perito
9246	T5_2H_MACE@3	Expert's Heavy Mace	Maça Pesada do Perito
9247	T5_2H_MACE@4	Expert's Heavy Mace	Maça Pesada do Perito
9248	T6_2H_MACE	Master's Heavy Mace	Maça Pesada do Mestre
9249	T6_2H_MACE@1	Master's Heavy Mace	Maça Pesada do Mestre
9250	T6_2H_MACE@2	Master's Heavy Mace	Maça Pesada do Mestre
9251	T6_2H_MACE@3	Master's Heavy Mace	Maça Pesada do Mestre
9252	T6_2H_MACE@4	Master's Heavy Mace	Maça Pesada do Mestre
9253	T7_2H_MACE	Grandmaster's Heavy Mace	Maça Pesada do Grão-mestre
9254	T7_2H_MACE@1	Grandmaster's Heavy Mace	Maça Pesada do Grão-mestre
9255	T7_2H_MACE@2	Grandmaster's Heavy Mace	Maça Pesada do Grão-mestre
9256	T7_2H_MACE@3	Grandmaster's Heavy Mace	Maça Pesada do Grão-mestre
9257	T7_2H_MACE@4	Grandmaster's Heavy Mace	Maça Pesada do Grão-mestre
9258	T8_2H_MACE	Elder's Heavy Mace	Maça Pesada do Ancião
9259	T8_2H_MACE@1	Elder's Heavy Mace	Maça Pesada do Ancião
9260	T8_2H_MACE@2	Elder's Heavy Mace	Maça Pesada do Ancião
9261	T8_2H_MACE@3	Elder's Heavy Mace	Maça Pesada do Ancião
9262	T8_2H_MACE@4	Elder's Heavy Mace	Maça Pesada do Ancião
9263	T4_2H_FLAIL	Adept's Morning Star	Mangual do Adepto
9264	T4_2H_FLAIL@1	Adept's Morning Star	Mangual do Adepto
9265	T4_2H_FLAIL@2	Adept's Morning Star	Mangual do Adepto
9266	T4_2H_FLAIL@3	Adept's Morning Star	Mangual do Adepto
9267	T4_2H_FLAIL@4	Adept's Morning Star	Mangual do Adepto
9268	T5_2H_FLAIL	Expert's Morning Star	Mangual do Perito
9269	T5_2H_FLAIL@1	Expert's Morning Star	Mangual do Perito
9270	T5_2H_FLAIL@2	Expert's Morning Star	Mangual do Perito
9271	T5_2H_FLAIL@3	Expert's Morning Star	Mangual do Perito
9272	T5_2H_FLAIL@4	Expert's Morning Star	Mangual do Perito
9273	T6_2H_FLAIL	Master's Morning Star	Mangual do Mestre
9274	T6_2H_FLAIL@1	Master's Morning Star	Mangual do Mestre
9275	T6_2H_FLAIL@2	Master's Morning Star	Mangual do Mestre
9276	T6_2H_FLAIL@3	Master's Morning Star	Mangual do Mestre
9277	T6_2H_FLAIL@4	Master's Morning Star	Mangual do Mestre
9278	T7_2H_FLAIL	Grandmaster's Morning Star	Mangual do Grão-mestre
9279	T7_2H_FLAIL@1	Grandmaster's Morning Star	Mangual do Grão-mestre
9280	T7_2H_FLAIL@2	Grandmaster's Morning Star	Mangual do Grão-mestre
9281	T7_2H_FLAIL@3	Grandmaster's Morning Star	Mangual do Grão-mestre
9282	T7_2H_FLAIL@4	Grandmaster's Morning Star	Mangual do Grão-mestre
9283	T8_2H_FLAIL	Elder's Morning Star	Mangual do Ancião
9284	T8_2H_FLAIL@1	Elder's Morning Star	Mangual do Ancião
9285	T8_2H_FLAIL@2	Elder's Morning Star	Mangual do Ancião
9286	T8_2H_FLAIL@3	Elder's Morning Star	Mangual do Ancião
9287	T8_2H_FLAIL@4	Elder's Morning Star	Mangual do Ancião
9288	T4_MAIN_ROCKMACE_KEEPER	Adept's Bedrock Mace	Maça Pétrea do Adepto
9289	T4_MAIN_ROCKMACE_KEEPER@1	Adept's Bedrock Mace	Maça Pétrea do Adepto
9290	T4_MAIN_ROCKMACE_KEEPER@2	Adept's Bedrock Mace	Maça Pétrea do Adepto
9291	T4_MAIN_ROCKMACE_KEEPER@3	Adept's Bedrock Mace	Maça Pétrea do Adepto
9292	T4_MAIN_ROCKMACE_KEEPER@4	Adept's Bedrock Mace	Maça Pétrea do Adepto
9293	T5_MAIN_ROCKMACE_KEEPER	Expert's Bedrock Mace	Maça Pétrea do Perito
9294	T5_MAIN_ROCKMACE_KEEPER@1	Expert's Bedrock Mace	Maça Pétrea do Perito
9295	T5_MAIN_ROCKMACE_KEEPER@2	Expert's Bedrock Mace	Maça Pétrea do Perito
9296	T5_MAIN_ROCKMACE_KEEPER@3	Expert's Bedrock Mace	Maça Pétrea do Perito
9297	T5_MAIN_ROCKMACE_KEEPER@4	Expert's Bedrock Mace	Maça Pétrea do Perito
9298	T6_MAIN_ROCKMACE_KEEPER	Master's Bedrock Mace	Maça Pétrea do Mestre
9299	T6_MAIN_ROCKMACE_KEEPER@1	Master's Bedrock Mace	Maça Pétrea do Mestre
9300	T6_MAIN_ROCKMACE_KEEPER@2	Master's Bedrock Mace	Maça Pétrea do Mestre
9301	T6_MAIN_ROCKMACE_KEEPER@3	Master's Bedrock Mace	Maça Pétrea do Mestre
9302	T6_MAIN_ROCKMACE_KEEPER@4	Master's Bedrock Mace	Maça Pétrea do Mestre
9303	T7_MAIN_ROCKMACE_KEEPER	Grandmaster's Bedrock Mace	Maça Pétrea do Grão-mestre
9304	T7_MAIN_ROCKMACE_KEEPER@1	Grandmaster's Bedrock Mace	Maça Pétrea do Grão-mestre
9305	T7_MAIN_ROCKMACE_KEEPER@2	Grandmaster's Bedrock Mace	Maça Pétrea do Grão-mestre
9306	T7_MAIN_ROCKMACE_KEEPER@3	Grandmaster's Bedrock Mace	Maça Pétrea do Grão-mestre
9307	T7_MAIN_ROCKMACE_KEEPER@4	Grandmaster's Bedrock Mace	Maça Pétrea do Grão-mestre
9308	T8_MAIN_ROCKMACE_KEEPER	Elder's Bedrock Mace	Maça Pétrea do Ancião
9309	T8_MAIN_ROCKMACE_KEEPER@1	Elder's Bedrock Mace	Maça Pétrea do Ancião
9310	T8_MAIN_ROCKMACE_KEEPER@2	Elder's Bedrock Mace	Maça Pétrea do Ancião
9311	T8_MAIN_ROCKMACE_KEEPER@3	Elder's Bedrock Mace	Maça Pétrea do Ancião
9312	T8_MAIN_ROCKMACE_KEEPER@4	Elder's Bedrock Mace	Maça Pétrea do Ancião
9313	T4_MAIN_MACE_HELL	Adept's Incubus Mace	Maça de Íncubo do Adepto
9314	T4_MAIN_MACE_HELL@1	Adept's Incubus Mace	Maça de Íncubo do Adepto
9315	T4_MAIN_MACE_HELL@2	Adept's Incubus Mace	Maça de Íncubo do Adepto
9316	T4_MAIN_MACE_HELL@3	Adept's Incubus Mace	Maça de Íncubo do Adepto
9317	T4_MAIN_MACE_HELL@4	Adept's Incubus Mace	Maça de Íncubo do Adepto
9318	T5_MAIN_MACE_HELL	Expert's Incubus Mace	Maça de Íncubo do Perito
9319	T5_MAIN_MACE_HELL@1	Expert's Incubus Mace	Maça de Íncubo do Perito
9320	T5_MAIN_MACE_HELL@2	Expert's Incubus Mace	Maça de Íncubo do Perito
9321	T5_MAIN_MACE_HELL@3	Expert's Incubus Mace	Maça de Íncubo do Perito
9322	T5_MAIN_MACE_HELL@4	Expert's Incubus Mace	Maça de Íncubo do Perito
9323	T6_MAIN_MACE_HELL	Master's Incubus Mace	Maça de Íncubo do Mestre
9324	T6_MAIN_MACE_HELL@1	Master's Incubus Mace	Maça de Íncubo do Mestre
9325	T6_MAIN_MACE_HELL@2	Master's Incubus Mace	Maça de Íncubo do Mestre
9326	T6_MAIN_MACE_HELL@3	Master's Incubus Mace	Maça de Íncubo do Mestre
9327	T6_MAIN_MACE_HELL@4	Master's Incubus Mace	Maça de Íncubo do Mestre
9328	T7_MAIN_MACE_HELL	Grandmaster's Incubus Mace	Maça de Íncubo do Grão-mestre
9329	T7_MAIN_MACE_HELL@1	Grandmaster's Incubus Mace	Maça de Íncubo do Grão-mestre
9330	T7_MAIN_MACE_HELL@2	Grandmaster's Incubus Mace	Maça de Íncubo do Grão-mestre
9331	T7_MAIN_MACE_HELL@3	Grandmaster's Incubus Mace	Maça de Íncubo do Grão-mestre
9332	T7_MAIN_MACE_HELL@4	Grandmaster's Incubus Mace	Maça de Íncubo do Grão-mestre
9333	T8_MAIN_MACE_HELL	Elder's Incubus Mace	Maça de Íncubo do Ancião
9334	T8_MAIN_MACE_HELL@1	Elder's Incubus Mace	Maça de Íncubo do Ancião
9335	T8_MAIN_MACE_HELL@2	Elder's Incubus Mace	Maça de Íncubo do Ancião
9336	T8_MAIN_MACE_HELL@3	Elder's Incubus Mace	Maça de Íncubo do Ancião
9337	T8_MAIN_MACE_HELL@4	Elder's Incubus Mace	Maça de Íncubo do Ancião
9338	T4_2H_MACE_MORGANA	Adept's Camlann Mace	Maça Cambriana do Adepto
9339	T4_2H_MACE_MORGANA@1	Adept's Camlann Mace	Maça Cambriana do Adepto
9340	T4_2H_MACE_MORGANA@2	Adept's Camlann Mace	Maça Cambriana do Adepto
9341	T4_2H_MACE_MORGANA@3	Adept's Camlann Mace	Maça Cambriana do Adepto
9342	T4_2H_MACE_MORGANA@4	Adept's Camlann Mace	Maça Cambriana do Adepto
9343	T5_2H_MACE_MORGANA	Expert's Camlann Mace	Maça Cambriana do Perito
9344	T5_2H_MACE_MORGANA@1	Expert's Camlann Mace	Maça Cambriana do Perito
9345	T5_2H_MACE_MORGANA@2	Expert's Camlann Mace	Maça Cambriana do Perito
9346	T5_2H_MACE_MORGANA@3	Expert's Camlann Mace	Maça Cambriana do Perito
9347	T5_2H_MACE_MORGANA@4	Expert's Camlann Mace	Maça Cambriana do Perito
9348	T6_2H_MACE_MORGANA	Master's Camlann Mace	Maça Cambriana do Mestre
9349	T6_2H_MACE_MORGANA@1	Master's Camlann Mace	Maça Cambriana do Mestre
9350	T6_2H_MACE_MORGANA@2	Master's Camlann Mace	Maça Cambriana do Mestre
9351	T6_2H_MACE_MORGANA@3	Master's Camlann Mace	Maça Cambriana do Mestre
9352	T6_2H_MACE_MORGANA@4	Master's Camlann Mace	Maça Cambriana do Mestre
9353	T7_2H_MACE_MORGANA	Grandmaster's Camlann Mace	Maça Cambriana do Grão-mestre
9354	T7_2H_MACE_MORGANA@1	Grandmaster's Camlann Mace	Maça Cambriana do Grão-mestre
9355	T7_2H_MACE_MORGANA@2	Grandmaster's Camlann Mace	Maça Cambriana do Grão-mestre
9356	T7_2H_MACE_MORGANA@3	Grandmaster's Camlann Mace	Maça Cambriana do Grão-mestre
9357	T7_2H_MACE_MORGANA@4	Grandmaster's Camlann Mace	Maça Cambriana do Grão-mestre
9358	T8_2H_MACE_MORGANA	Elder's Camlann Mace	Maça Cambriana do Ancião
9359	T8_2H_MACE_MORGANA@1	Elder's Camlann Mace	Maça Cambriana do Ancião
9360	T8_2H_MACE_MORGANA@2	Elder's Camlann Mace	Maça Cambriana do Ancião
9361	T8_2H_MACE_MORGANA@3	Elder's Camlann Mace	Maça Cambriana do Ancião
9362	T8_2H_MACE_MORGANA@4	Elder's Camlann Mace	Maça Cambriana do Ancião
9363	T4_2H_DUALMACE_AVALON	Adept's Oathkeepers	Jurador do Adepto
9364	T4_2H_DUALMACE_AVALON@1	Adept's Oathkeepers	Jurador do Adepto
9365	T4_2H_DUALMACE_AVALON@2	Adept's Oathkeepers	Jurador do Adepto
9366	T4_2H_DUALMACE_AVALON@3	Adept's Oathkeepers	Jurador do Adepto
9367	T4_2H_DUALMACE_AVALON@4	Adept's Oathkeepers	Jurador do Adepto
9368	T5_2H_DUALMACE_AVALON	Expert's Oathkeepers	Jurador do Perito
9369	T5_2H_DUALMACE_AVALON@1	Expert's Oathkeepers	Jurador do Perito
9370	T5_2H_DUALMACE_AVALON@2	Expert's Oathkeepers	Jurador do Perito
9371	T5_2H_DUALMACE_AVALON@3	Expert's Oathkeepers	Jurador do Perito
9372	T5_2H_DUALMACE_AVALON@4	Expert's Oathkeepers	Jurador do Perito
9373	T6_2H_DUALMACE_AVALON	Master's Oathkeepers	Jurador do Mestre
9374	T6_2H_DUALMACE_AVALON@1	Master's Oathkeepers	Jurador do Mestre
9375	T6_2H_DUALMACE_AVALON@2	Master's Oathkeepers	Jurador do Mestre
9376	T6_2H_DUALMACE_AVALON@3	Master's Oathkeepers	Jurador do Mestre
9377	T6_2H_DUALMACE_AVALON@4	Master's Oathkeepers	Jurador do Mestre
9378	T7_2H_DUALMACE_AVALON	Grandmaster's Oathkeepers	Jurador do Grão-mestre
9379	T7_2H_DUALMACE_AVALON@1	Grandmaster's Oathkeepers	Jurador do Grão-mestre
9380	T7_2H_DUALMACE_AVALON@2	Grandmaster's Oathkeepers	Jurador do Grão-mestre
9381	T7_2H_DUALMACE_AVALON@3	Grandmaster's Oathkeepers	Jurador do Grão-mestre
9382	T7_2H_DUALMACE_AVALON@4	Grandmaster's Oathkeepers	Jurador do Grão-mestre
9383	T8_2H_DUALMACE_AVALON	Elder's Oathkeepers	Jurador do Ancião
9384	T8_2H_DUALMACE_AVALON@1	Elder's Oathkeepers	Jurador do Ancião
9385	T8_2H_DUALMACE_AVALON@2	Elder's Oathkeepers	Jurador do Ancião
9386	T8_2H_DUALMACE_AVALON@3	Elder's Oathkeepers	Jurador do Ancião
9387	T8_2H_DUALMACE_AVALON@4	Elder's Oathkeepers	Jurador do Ancião
9388	T4_MAIN_MACE_CRYSTAL	Adept's Dreadstorm Monarch	Monarca Tempestuoso do Adepto
9389	T4_MAIN_MACE_CRYSTAL@1	Adept's Dreadstorm Monarch	Monarca Tempestuoso do Adepto
9390	T4_MAIN_MACE_CRYSTAL@2	Adept's Dreadstorm Monarch	Monarca Tempestuoso do Adepto
9391	T4_MAIN_MACE_CRYSTAL@3	Adept's Dreadstorm Monarch	Monarca Tempestuoso do Adepto
9392	T4_MAIN_MACE_CRYSTAL@4	Adept's Dreadstorm Monarch	Monarca Tempestuoso do Adepto
9393	T5_MAIN_MACE_CRYSTAL	Expert's Dreadstorm Monarch	Monarca Tempestuoso do Perito
9394	T5_MAIN_MACE_CRYSTAL@1	Expert's Dreadstorm Monarch	Monarca Tempestuoso do Perito
9395	T5_MAIN_MACE_CRYSTAL@2	Expert's Dreadstorm Monarch	Monarca Tempestuoso do Perito
9396	T5_MAIN_MACE_CRYSTAL@3	Expert's Dreadstorm Monarch	Monarca Tempestuoso do Perito
9397	T5_MAIN_MACE_CRYSTAL@4	Expert's Dreadstorm Monarch	Monarca Tempestuoso do Perito
9398	T6_MAIN_MACE_CRYSTAL	Master's Dreadstorm Monarch	Monarca Tempestuoso do Mestre
9399	T6_MAIN_MACE_CRYSTAL@1	Master's Dreadstorm Monarch	Monarca Tempestuoso do Mestre
9400	T6_MAIN_MACE_CRYSTAL@2	Master's Dreadstorm Monarch	Monarca Tempestuoso do Mestre
9401	T6_MAIN_MACE_CRYSTAL@3	Master's Dreadstorm Monarch	Monarca Tempestuoso do Mestre
9402	T6_MAIN_MACE_CRYSTAL@4	Master's Dreadstorm Monarch	Monarca Tempestuoso do Mestre
9403	T7_MAIN_MACE_CRYSTAL	Grandmaster's Dreadstorm Monarch	Monarca Tempestuoso do Grão-mestre
9404	T7_MAIN_MACE_CRYSTAL@1	Grandmaster's Dreadstorm Monarch	Monarca Tempestuoso do Grão-mestre
9405	T7_MAIN_MACE_CRYSTAL@2	Grandmaster's Dreadstorm Monarch	Monarca Tempestuoso do Grão-mestre
9406	T7_MAIN_MACE_CRYSTAL@3	Grandmaster's Dreadstorm Monarch	Monarca Tempestuoso do Grão-mestre
9407	T7_MAIN_MACE_CRYSTAL@4	Grandmaster's Dreadstorm Monarch	Monarca Tempestuoso do Grão-mestre
9408	T8_MAIN_MACE_CRYSTAL	Elder's Dreadstorm Monarch	Monarca Tempestuoso do Ancião
9409	T8_MAIN_MACE_CRYSTAL@1	Elder's Dreadstorm Monarch	Monarca Tempestuoso do Ancião
9410	T8_MAIN_MACE_CRYSTAL@2	Elder's Dreadstorm Monarch	Monarca Tempestuoso do Ancião
9411	T8_MAIN_MACE_CRYSTAL@3	Elder's Dreadstorm Monarch	Monarca Tempestuoso do Ancião
9412	T8_MAIN_MACE_CRYSTAL@4	Elder's Dreadstorm Monarch	Monarca Tempestuoso do Ancião
9413	T3_2H_KNUCKLES_SET1	Journeyman's Brawler Gloves	Luvas de Lutador do Iniciante
9414	T4_2H_KNUCKLES_SET1	Adept's Brawler Gloves	Luvas de Lutador do Adepto
9415	T4_2H_KNUCKLES_SET1@1	Adept's Brawler Gloves	Luvas de Lutador do Adepto
9416	T4_2H_KNUCKLES_SET1@2	Adept's Brawler Gloves	Luvas de Lutador do Adepto
9417	T4_2H_KNUCKLES_SET1@3	Adept's Brawler Gloves	Luvas de Lutador do Adepto
9418	T4_2H_KNUCKLES_SET1@4	Adept's Brawler Gloves	Luvas de Lutador do Adepto
9419	T5_2H_KNUCKLES_SET1	Expert's Brawler Gloves	Luvas de Lutador do Perito
9420	T5_2H_KNUCKLES_SET1@1	Expert's Brawler Gloves	Luvas de Lutador do Perito
9421	T5_2H_KNUCKLES_SET1@2	Expert's Brawler Gloves	Luvas de Lutador do Perito
9422	T5_2H_KNUCKLES_SET1@3	Expert's Brawler Gloves	Luvas de Lutador do Perito
9423	T5_2H_KNUCKLES_SET1@4	Expert's Brawler Gloves	Luvas de Lutador do Perito
9424	T6_2H_KNUCKLES_SET1	Master's Brawler Gloves	Luvas de Lutador do Mestre
9425	T6_2H_KNUCKLES_SET1@1	Master's Brawler Gloves	Luvas de Lutador do Mestre
9426	T6_2H_KNUCKLES_SET1@2	Master's Brawler Gloves	Luvas de Lutador do Mestre
9427	T6_2H_KNUCKLES_SET1@3	Master's Brawler Gloves	Luvas de Lutador do Mestre
9428	T6_2H_KNUCKLES_SET1@4	Master's Brawler Gloves	Luvas de Lutador do Mestre
9429	T7_2H_KNUCKLES_SET1	Grandmaster's Brawler Gloves	Luvas de Lutador do Grão-mestre
9430	T7_2H_KNUCKLES_SET1@1	Grandmaster's Brawler Gloves	Luvas de Lutador do Grão-mestre
9431	T7_2H_KNUCKLES_SET1@2	Grandmaster's Brawler Gloves	Luvas de Lutador do Grão-mestre
9432	T7_2H_KNUCKLES_SET1@3	Grandmaster's Brawler Gloves	Luvas de Lutador do Grão-mestre
9433	T7_2H_KNUCKLES_SET1@4	Grandmaster's Brawler Gloves	Luvas de Lutador do Grão-mestre
9434	T8_2H_KNUCKLES_SET1	Elder's Brawler Gloves	Luvas de Lutador do Ancião
9435	T8_2H_KNUCKLES_SET1@1	Elder's Brawler Gloves	Luvas de Lutador do Ancião
9436	T8_2H_KNUCKLES_SET1@2	Elder's Brawler Gloves	Luvas de Lutador do Ancião
9437	T8_2H_KNUCKLES_SET1@3	Elder's Brawler Gloves	Luvas de Lutador do Ancião
9438	T8_2H_KNUCKLES_SET1@4	Elder's Brawler Gloves	Luvas de Lutador do Ancião
9439	T4_2H_KNUCKLES_SET2	Adept's Battle Bracers	Braçadeiras de Batalha do Adepto
9440	T4_2H_KNUCKLES_SET2@1	Adept's Battle Bracers	Braçadeiras de Batalha do Adepto
9441	T4_2H_KNUCKLES_SET2@2	Adept's Battle Bracers	Braçadeiras de Batalha do Adepto
9442	T4_2H_KNUCKLES_SET2@3	Adept's Battle Bracers	Braçadeiras de Batalha do Adepto
9443	T4_2H_KNUCKLES_SET2@4	Adept's Battle Bracers	Braçadeiras de Batalha do Adepto
9444	T5_2H_KNUCKLES_SET2	Expert's Battle Bracers	Braçadeiras de Batalha do Perito
9445	T5_2H_KNUCKLES_SET2@1	Expert's Battle Bracers	Braçadeiras de Batalha do Perito
9446	T5_2H_KNUCKLES_SET2@2	Expert's Battle Bracers	Braçadeiras de Batalha do Perito
9447	T5_2H_KNUCKLES_SET2@3	Expert's Battle Bracers	Braçadeiras de Batalha do Perito
9448	T5_2H_KNUCKLES_SET2@4	Expert's Battle Bracers	Braçadeiras de Batalha do Perito
9449	T6_2H_KNUCKLES_SET2	Master's Battle Bracers	Braçadeiras de Batalha do Mestre
9450	T6_2H_KNUCKLES_SET2@1	Master's Battle Bracers	Braçadeiras de Batalha do Mestre
9451	T6_2H_KNUCKLES_SET2@2	Master's Battle Bracers	Braçadeiras de Batalha do Mestre
9452	T6_2H_KNUCKLES_SET2@3	Master's Battle Bracers	Braçadeiras de Batalha do Mestre
9453	T6_2H_KNUCKLES_SET2@4	Master's Battle Bracers	Braçadeiras de Batalha do Mestre
9454	T7_2H_KNUCKLES_SET2	Grandmaster's Battle Bracers	Braçadeiras de Batalha do Grão-mestre
9455	T7_2H_KNUCKLES_SET2@1	Grandmaster's Battle Bracers	Braçadeiras de Batalha do Grão-mestre
9456	T7_2H_KNUCKLES_SET2@2	Grandmaster's Battle Bracers	Braçadeiras de Batalha do Grão-mestre
9457	T7_2H_KNUCKLES_SET2@3	Grandmaster's Battle Bracers	Braçadeiras de Batalha do Grão-mestre
9458	T7_2H_KNUCKLES_SET2@4	Grandmaster's Battle Bracers	Braçadeiras de Batalha do Grão-mestre
9459	T8_2H_KNUCKLES_SET2	Elder's Battle Bracers	Braçadeiras de Batalha do Ancião
9460	T8_2H_KNUCKLES_SET2@1	Elder's Battle Bracers	Braçadeiras de Batalha do Ancião
9461	T8_2H_KNUCKLES_SET2@2	Elder's Battle Bracers	Braçadeiras de Batalha do Ancião
9462	T8_2H_KNUCKLES_SET2@3	Elder's Battle Bracers	Braçadeiras de Batalha do Ancião
9463	T8_2H_KNUCKLES_SET2@4	Elder's Battle Bracers	Braçadeiras de Batalha do Ancião
9464	T4_2H_KNUCKLES_SET3	Adept's Spiked Gauntlets	Manoplas Cravadas do Adepto
9465	T4_2H_KNUCKLES_SET3@1	Adept's Spiked Gauntlets	Manoplas Cravadas do Adepto
9466	T4_2H_KNUCKLES_SET3@2	Adept's Spiked Gauntlets	Manoplas Cravadas do Adepto
9467	T4_2H_KNUCKLES_SET3@3	Adept's Spiked Gauntlets	Manoplas Cravadas do Adepto
9468	T4_2H_KNUCKLES_SET3@4	Adept's Spiked Gauntlets	Manoplas Cravadas do Adepto
9469	T5_2H_KNUCKLES_SET3	Expert's Spiked Gauntlets	Manoplas Cravadas do Perito
9470	T5_2H_KNUCKLES_SET3@1	Expert's Spiked Gauntlets	Manoplas Cravadas do Perito
9471	T5_2H_KNUCKLES_SET3@2	Expert's Spiked Gauntlets	Manoplas Cravadas do Perito
9472	T5_2H_KNUCKLES_SET3@3	Expert's Spiked Gauntlets	Manoplas Cravadas do Perito
9473	T5_2H_KNUCKLES_SET3@4	Expert's Spiked Gauntlets	Manoplas Cravadas do Perito
9474	T6_2H_KNUCKLES_SET3	Master's Spiked Gauntlets	Manoplas Cravadas do Mestre
9475	T6_2H_KNUCKLES_SET3@1	Master's Spiked Gauntlets	Manoplas Cravadas do Mestre
9476	T6_2H_KNUCKLES_SET3@2	Master's Spiked Gauntlets	Manoplas Cravadas do Mestre
9477	T6_2H_KNUCKLES_SET3@3	Master's Spiked Gauntlets	Manoplas Cravadas do Mestre
9478	T6_2H_KNUCKLES_SET3@4	Master's Spiked Gauntlets	Manoplas Cravadas do Mestre
9479	T7_2H_KNUCKLES_SET3	Grandmaster's Spiked Gauntlets	Manoplas Cravadas do Grão-mestre
9480	T7_2H_KNUCKLES_SET3@1	Grandmaster's Spiked Gauntlets	Manoplas Cravadas do Grão-mestre
9481	T7_2H_KNUCKLES_SET3@2	Grandmaster's Spiked Gauntlets	Manoplas Cravadas do Grão-mestre
9482	T7_2H_KNUCKLES_SET3@3	Grandmaster's Spiked Gauntlets	Manoplas Cravadas do Grão-mestre
9483	T7_2H_KNUCKLES_SET3@4	Grandmaster's Spiked Gauntlets	Manoplas Cravadas do Grão-mestre
9484	T8_2H_KNUCKLES_SET3	Elder's Spiked Gauntlets	Manoplas Cravadas do Ancião
9485	T8_2H_KNUCKLES_SET3@1	Elder's Spiked Gauntlets	Manoplas Cravadas do Ancião
9486	T8_2H_KNUCKLES_SET3@2	Elder's Spiked Gauntlets	Manoplas Cravadas do Ancião
9487	T8_2H_KNUCKLES_SET3@3	Elder's Spiked Gauntlets	Manoplas Cravadas do Ancião
9488	T8_2H_KNUCKLES_SET3@4	Elder's Spiked Gauntlets	Manoplas Cravadas do Ancião
9489	T4_2H_KNUCKLES_KEEPER	Adept's Ursine Maulers	Luvas Ursinas do Adepto
9490	T4_2H_KNUCKLES_KEEPER@1	Adept's Ursine Maulers	Luvas Ursinas do Adepto
9491	T4_2H_KNUCKLES_KEEPER@2	Adept's Ursine Maulers	Luvas Ursinas do Adepto
9492	T4_2H_KNUCKLES_KEEPER@3	Adept's Ursine Maulers	Luvas Ursinas do Adepto
9493	T4_2H_KNUCKLES_KEEPER@4	Adept's Ursine Maulers	Luvas Ursinas do Adepto
9494	T5_2H_KNUCKLES_KEEPER	Expert's Ursine Maulers	Luvas Ursinas do Perito
9495	T5_2H_KNUCKLES_KEEPER@1	Expert's Ursine Maulers	Luvas Ursinas do Perito
9496	T5_2H_KNUCKLES_KEEPER@2	Expert's Ursine Maulers	Luvas Ursinas do Perito
9497	T5_2H_KNUCKLES_KEEPER@3	Expert's Ursine Maulers	Luvas Ursinas do Perito
9498	T5_2H_KNUCKLES_KEEPER@4	Expert's Ursine Maulers	Luvas Ursinas do Perito
9499	T6_2H_KNUCKLES_KEEPER	Master's Ursine Maulers	Luvas Ursinas do Mestre
9500	T6_2H_KNUCKLES_KEEPER@1	Master's Ursine Maulers	Luvas Ursinas do Mestre
9501	T6_2H_KNUCKLES_KEEPER@2	Master's Ursine Maulers	Luvas Ursinas do Mestre
9502	T6_2H_KNUCKLES_KEEPER@3	Master's Ursine Maulers	Luvas Ursinas do Mestre
9503	T6_2H_KNUCKLES_KEEPER@4	Master's Ursine Maulers	Luvas Ursinas do Mestre
9504	T7_2H_KNUCKLES_KEEPER	Grandmaster's Ursine Maulers	Luvas Ursinas do Grão-mestre
9505	T7_2H_KNUCKLES_KEEPER@1	Grandmaster's Ursine Maulers	Luvas Ursinas do Grão-mestre
9506	T7_2H_KNUCKLES_KEEPER@2	Grandmaster's Ursine Maulers	Luvas Ursinas do Grão-mestre
9507	T7_2H_KNUCKLES_KEEPER@3	Grandmaster's Ursine Maulers	Luvas Ursinas do Grão-mestre
9508	T7_2H_KNUCKLES_KEEPER@4	Grandmaster's Ursine Maulers	Luvas Ursinas do Grão-mestre
9509	T8_2H_KNUCKLES_KEEPER	Elder's Ursine Maulers	Luvas Ursinas do Ancião
9510	T8_2H_KNUCKLES_KEEPER@1	Elder's Ursine Maulers	Luvas Ursinas do Ancião
9511	T8_2H_KNUCKLES_KEEPER@2	Elder's Ursine Maulers	Luvas Ursinas do Ancião
9512	T8_2H_KNUCKLES_KEEPER@3	Elder's Ursine Maulers	Luvas Ursinas do Ancião
9513	T8_2H_KNUCKLES_KEEPER@4	Elder's Ursine Maulers	Luvas Ursinas do Ancião
9514	T4_2H_KNUCKLES_HELL	Adept's Hellfire Hands	Mãos Infernais do Adepto
9515	T4_2H_KNUCKLES_HELL@1	Adept's Hellfire Hands	Mãos Infernais do Adepto
9516	T4_2H_KNUCKLES_HELL@2	Adept's Hellfire Hands	Mãos Infernais do Adepto
9517	T4_2H_KNUCKLES_HELL@3	Adept's Hellfire Hands	Mãos Infernais do Adepto
9518	T4_2H_KNUCKLES_HELL@4	Adept's Hellfire Hands	Mãos Infernais do Adepto
9519	T5_2H_KNUCKLES_HELL	Expert's Hellfire Hands	Mãos Infernais do Perito
9520	T5_2H_KNUCKLES_HELL@1	Expert's Hellfire Hands	Mãos Infernais do Perito
9521	T5_2H_KNUCKLES_HELL@2	Expert's Hellfire Hands	Mãos Infernais do Perito
9522	T5_2H_KNUCKLES_HELL@3	Expert's Hellfire Hands	Mãos Infernais do Perito
9523	T5_2H_KNUCKLES_HELL@4	Expert's Hellfire Hands	Mãos Infernais do Perito
9524	T6_2H_KNUCKLES_HELL	Master's Hellfire Hands	Mãos Infernais do Mestre
9525	T6_2H_KNUCKLES_HELL@1	Master's Hellfire Hands	Mãos Infernais do Mestre
9526	T6_2H_KNUCKLES_HELL@2	Master's Hellfire Hands	Mãos Infernais do Mestre
9527	T6_2H_KNUCKLES_HELL@3	Master's Hellfire Hands	Mãos Infernais do Mestre
9528	T6_2H_KNUCKLES_HELL@4	Master's Hellfire Hands	Mãos Infernais do Mestre
9529	T7_2H_KNUCKLES_HELL	Grandmaster's Hellfire Hands	Mãos Infernais do Grão-mestre
9530	T7_2H_KNUCKLES_HELL@1	Grandmaster's Hellfire Hands	Mãos Infernais do Grão-mestre
9531	T7_2H_KNUCKLES_HELL@2	Grandmaster's Hellfire Hands	Mãos Infernais do Grão-mestre
9532	T7_2H_KNUCKLES_HELL@3	Grandmaster's Hellfire Hands	Mãos Infernais do Grão-mestre
9533	T7_2H_KNUCKLES_HELL@4	Grandmaster's Hellfire Hands	Mãos Infernais do Grão-mestre
9534	T8_2H_KNUCKLES_HELL	Elder's Hellfire Hands	Mãos Infernais do Ancião
9535	T8_2H_KNUCKLES_HELL@1	Elder's Hellfire Hands	Mãos Infernais do Ancião
9536	T8_2H_KNUCKLES_HELL@2	Elder's Hellfire Hands	Mãos Infernais do Ancião
9537	T8_2H_KNUCKLES_HELL@3	Elder's Hellfire Hands	Mãos Infernais do Ancião
9538	T8_2H_KNUCKLES_HELL@4	Elder's Hellfire Hands	Mãos Infernais do Ancião
9539	T4_2H_KNUCKLES_MORGANA	Adept's Ravenstrike Cestus	Cestus Golpeadores do Adepto
9540	T4_2H_KNUCKLES_MORGANA@1	Adept's Ravenstrike Cestus	Cestus Golpeadores do Adepto
9541	T4_2H_KNUCKLES_MORGANA@2	Adept's Ravenstrike Cestus	Cestus Golpeadores do Adepto
9542	T4_2H_KNUCKLES_MORGANA@3	Adept's Ravenstrike Cestus	Cestus Golpeadores do Adepto
9543	T4_2H_KNUCKLES_MORGANA@4	Adept's Ravenstrike Cestus	Cestus Golpeadores do Adepto
9544	T5_2H_KNUCKLES_MORGANA	Expert's Ravenstrike Cestus	Cestus Golpeadores do Perito
9545	T5_2H_KNUCKLES_MORGANA@1	Expert's Ravenstrike Cestus	Cestus Golpeadores do Perito
9546	T5_2H_KNUCKLES_MORGANA@2	Expert's Ravenstrike Cestus	Cestus Golpeadores do Perito
9547	T5_2H_KNUCKLES_MORGANA@3	Expert's Ravenstrike Cestus	Cestus Golpeadores do Perito
9548	T5_2H_KNUCKLES_MORGANA@4	Expert's Ravenstrike Cestus	Cestus Golpeadores do Perito
9549	T6_2H_KNUCKLES_MORGANA	Master's Ravenstrike Cestus	Cestus Golpeadores do Mestre
9550	T6_2H_KNUCKLES_MORGANA@1	Master's Ravenstrike Cestus	Cestus Golpeadores do Mestre
9551	T6_2H_KNUCKLES_MORGANA@2	Master's Ravenstrike Cestus	Cestus Golpeadores do Mestre
9552	T6_2H_KNUCKLES_MORGANA@3	Master's Ravenstrike Cestus	Cestus Golpeadores do Mestre
9553	T6_2H_KNUCKLES_MORGANA@4	Master's Ravenstrike Cestus	Cestus Golpeadores do Mestre
9554	T7_2H_KNUCKLES_MORGANA	Grandmaster's Ravenstrike Cestus	Cestus Golpeadores do Grão-mestre
9555	T7_2H_KNUCKLES_MORGANA@1	Grandmaster's Ravenstrike Cestus	Cestus Golpeadores do Grão-mestre
9556	T7_2H_KNUCKLES_MORGANA@2	Grandmaster's Ravenstrike Cestus	Cestus Golpeadores do Grão-mestre
9557	T7_2H_KNUCKLES_MORGANA@3	Grandmaster's Ravenstrike Cestus	Cestus Golpeadores do Grão-mestre
9558	T7_2H_KNUCKLES_MORGANA@4	Grandmaster's Ravenstrike Cestus	Cestus Golpeadores do Grão-mestre
9559	T8_2H_KNUCKLES_MORGANA	Elder's Ravenstrike Cestus	Cestus Golpeadores do Ancião
9560	T8_2H_KNUCKLES_MORGANA@1	Elder's Ravenstrike Cestus	Cestus Golpeadores do Ancião
9561	T8_2H_KNUCKLES_MORGANA@2	Elder's Ravenstrike Cestus	Cestus Golpeadores do Ancião
9562	T8_2H_KNUCKLES_MORGANA@3	Elder's Ravenstrike Cestus	Cestus Golpeadores do Ancião
9563	T8_2H_KNUCKLES_MORGANA@4	Elder's Ravenstrike Cestus	Cestus Golpeadores do Ancião
9564	T4_2H_KNUCKLES_AVALON	Adept's Fists of Avalon	Punhos de Avalon do Adepto
9565	T4_2H_KNUCKLES_AVALON@1	Adept's Fists of Avalon	Punhos de Avalon do Adepto
9566	T4_2H_KNUCKLES_AVALON@2	Adept's Fists of Avalon	Punhos de Avalon do Adepto
9567	T4_2H_KNUCKLES_AVALON@3	Adept's Fists of Avalon	Punhos de Avalon do Adepto
9568	T4_2H_KNUCKLES_AVALON@4	Adept's Fists of Avalon	Punhos de Avalon do Adepto
9569	T5_2H_KNUCKLES_AVALON	Expert's Fists of Avalon	Punhos de Avalon do Perito
9570	T5_2H_KNUCKLES_AVALON@1	Expert's Fists of Avalon	Punhos de Avalon do Perito
9571	T5_2H_KNUCKLES_AVALON@2	Expert's Fists of Avalon	Punhos de Avalon do Perito
9572	T5_2H_KNUCKLES_AVALON@3	Expert's Fists of Avalon	Punhos de Avalon do Perito
9573	T5_2H_KNUCKLES_AVALON@4	Expert's Fists of Avalon	Punhos de Avalon do Perito
9574	T6_2H_KNUCKLES_AVALON	Master's Fists of Avalon	Punhos de Avalon do Mestre
9575	T6_2H_KNUCKLES_AVALON@1	Master's Fists of Avalon	Punhos de Avalon do Mestre
9576	T6_2H_KNUCKLES_AVALON@2	Master's Fists of Avalon	Punhos de Avalon do Mestre
9577	T6_2H_KNUCKLES_AVALON@3	Master's Fists of Avalon	Punhos de Avalon do Mestre
9578	T6_2H_KNUCKLES_AVALON@4	Master's Fists of Avalon	Punhos de Avalon do Mestre
9579	T7_2H_KNUCKLES_AVALON	Grandmaster's Fists of Avalon	Punhos de Avalon do Grão-mestre
9580	T7_2H_KNUCKLES_AVALON@1	Grandmaster's Fists of Avalon	Punhos de Avalon do Grão-mestre
9581	T7_2H_KNUCKLES_AVALON@2	Grandmaster's Fists of Avalon	Punhos de Avalon do Grão-mestre
9582	T7_2H_KNUCKLES_AVALON@3	Grandmaster's Fists of Avalon	Punhos de Avalon do Grão-mestre
9583	T7_2H_KNUCKLES_AVALON@4	Grandmaster's Fists of Avalon	Punhos de Avalon do Grão-mestre
9584	T8_2H_KNUCKLES_AVALON	Elder's Fists of Avalon	Punhos de Avalon do Ancião
9585	T8_2H_KNUCKLES_AVALON@1	Elder's Fists of Avalon	Punhos de Avalon do Ancião
9586	T8_2H_KNUCKLES_AVALON@2	Elder's Fists of Avalon	Punhos de Avalon do Ancião
9587	T8_2H_KNUCKLES_AVALON@3	Elder's Fists of Avalon	Punhos de Avalon do Ancião
9588	T8_2H_KNUCKLES_AVALON@4	Elder's Fists of Avalon	Punhos de Avalon do Ancião
9589	T4_2H_KNUCKLES_CRYSTAL	Adept's Forcepulse Bracers	Braçadeiras Pulsantes do Adepto
9590	T4_2H_KNUCKLES_CRYSTAL@1	Adept's Forcepulse Bracers	Braçadeiras Pulsantes do Adepto
9591	T4_2H_KNUCKLES_CRYSTAL@2	Adept's Forcepulse Bracers	Braçadeiras Pulsantes do Adepto
9592	T4_2H_KNUCKLES_CRYSTAL@3	Adept's Forcepulse Bracers	Braçadeiras Pulsantes do Adepto
9593	T4_2H_KNUCKLES_CRYSTAL@4	Adept's Forcepulse Bracers	Braçadeiras Pulsantes do Adepto
9594	T5_2H_KNUCKLES_CRYSTAL	Expert's Forcepulse Bracers	Braçadeiras Pulsantes do Perito
9595	T5_2H_KNUCKLES_CRYSTAL@1	Expert's Forcepulse Bracers	Braçadeiras Pulsantes do Perito
9596	T5_2H_KNUCKLES_CRYSTAL@2	Expert's Forcepulse Bracers	Braçadeiras Pulsantes do Perito
9597	T5_2H_KNUCKLES_CRYSTAL@3	Expert's Forcepulse Bracers	Braçadeiras Pulsantes do Perito
9598	T5_2H_KNUCKLES_CRYSTAL@4	Expert's Forcepulse Bracers	Braçadeiras Pulsantes do Perito
9599	T6_2H_KNUCKLES_CRYSTAL	Master's Forcepulse Bracers	Braçadeiras Pulsantes do Mestre
9600	T6_2H_KNUCKLES_CRYSTAL@1	Master's Forcepulse Bracers	Braçadeiras Pulsantes do Mestre
9601	T6_2H_KNUCKLES_CRYSTAL@2	Master's Forcepulse Bracers	Braçadeiras Pulsantes do Mestre
9602	T6_2H_KNUCKLES_CRYSTAL@3	Master's Forcepulse Bracers	Braçadeiras Pulsantes do Mestre
9603	T6_2H_KNUCKLES_CRYSTAL@4	Master's Forcepulse Bracers	Braçadeiras Pulsantes do Mestre
9604	T7_2H_KNUCKLES_CRYSTAL	Grandmaster's Forcepulse Bracers	Braçadeiras Pulsantes do Grão-mestre
9605	T7_2H_KNUCKLES_CRYSTAL@1	Grandmaster's Forcepulse Bracers	Braçadeiras Pulsantes do Grão-mestre
9606	T7_2H_KNUCKLES_CRYSTAL@2	Grandmaster's Forcepulse Bracers	Braçadeiras Pulsantes do Grão-mestre
9607	T7_2H_KNUCKLES_CRYSTAL@3	Grandmaster's Forcepulse Bracers	Braçadeiras Pulsantes do Grão-mestre
9608	T7_2H_KNUCKLES_CRYSTAL@4	Grandmaster's Forcepulse Bracers	Braçadeiras Pulsantes do Grão-mestre
9609	T8_2H_KNUCKLES_CRYSTAL	Elder's Forcepulse Bracers	Braçadeiras Pulsantes do Ancião
9610	T8_2H_KNUCKLES_CRYSTAL@1	Elder's Forcepulse Bracers	Braçadeiras Pulsantes do Ancião
9611	T8_2H_KNUCKLES_CRYSTAL@2	Elder's Forcepulse Bracers	Braçadeiras Pulsantes do Ancião
9612	T8_2H_KNUCKLES_CRYSTAL@3	Elder's Forcepulse Bracers	Braçadeiras Pulsantes do Ancião
9613	T8_2H_KNUCKLES_CRYSTAL@4	Elder's Forcepulse Bracers	Braçadeiras Pulsantes do Ancião
9614	T3_2H_SHAPESHIFTER_SET1	Journeyman's Prowling Staff	Cajado de Predador do Iniciante
9615	T4_2H_SHAPESHIFTER_SET1	Adept's Prowling Staff	Cajado de Predador do Adepto
9616	T4_2H_SHAPESHIFTER_SET1@1	Adept's Prowling Staff	Cajado de Predador do Adepto
9617	T4_2H_SHAPESHIFTER_SET1@2	Adept's Prowling Staff	Cajado de Predador do Adepto
9618	T4_2H_SHAPESHIFTER_SET1@3	Adept's Prowling Staff	Cajado de Predador do Adepto
9619	T4_2H_SHAPESHIFTER_SET1@4	Adept's Prowling Staff	Cajado de Predador do Adepto
9620	T5_2H_SHAPESHIFTER_SET1	Expert's Prowling Staff	Cajado de Predador do Perito
9621	T5_2H_SHAPESHIFTER_SET1@1	Expert's Prowling Staff	Cajado de Predador do Perito
9622	T5_2H_SHAPESHIFTER_SET1@2	Expert's Prowling Staff	Cajado de Predador do Perito
9623	T5_2H_SHAPESHIFTER_SET1@3	Expert's Prowling Staff	Cajado de Predador do Perito
9624	T5_2H_SHAPESHIFTER_SET1@4	Expert's Prowling Staff	Cajado de Predador do Perito
9625	T6_2H_SHAPESHIFTER_SET1	Master's Prowling Staff	Cajado de Predador do Mestre
9626	T6_2H_SHAPESHIFTER_SET1@1	Master's Prowling Staff	Cajado de Predador do Mestre
9627	T6_2H_SHAPESHIFTER_SET1@2	Master's Prowling Staff	Cajado de Predador do Mestre
9628	T6_2H_SHAPESHIFTER_SET1@3	Master's Prowling Staff	Cajado de Predador do Mestre
9629	T6_2H_SHAPESHIFTER_SET1@4	Master's Prowling Staff	Cajado de Predador do Mestre
9630	T7_2H_SHAPESHIFTER_SET1	Grandmaster's Prowling Staff	Cajado de Predador do Grão-mestre
9631	T7_2H_SHAPESHIFTER_SET1@1	Grandmaster's Prowling Staff	Cajado de Predador do Grão-mestre
9632	T7_2H_SHAPESHIFTER_SET1@2	Grandmaster's Prowling Staff	Cajado de Predador do Grão-mestre
9633	T7_2H_SHAPESHIFTER_SET1@3	Grandmaster's Prowling Staff	Cajado de Predador do Grão-mestre
9634	T7_2H_SHAPESHIFTER_SET1@4	Grandmaster's Prowling Staff	Cajado de Predador do Grão-mestre
9635	T8_2H_SHAPESHIFTER_SET1	Elder's Prowling Staff	Cajado de Predador do Ancião
9636	T8_2H_SHAPESHIFTER_SET1@1	Elder's Prowling Staff	Cajado de Predador do Ancião
9637	T8_2H_SHAPESHIFTER_SET1@2	Elder's Prowling Staff	Cajado de Predador do Ancião
9638	T8_2H_SHAPESHIFTER_SET1@3	Elder's Prowling Staff	Cajado de Predador do Ancião
9639	T8_2H_SHAPESHIFTER_SET1@4	Elder's Prowling Staff	Cajado de Predador do Ancião
9640	T4_2H_SHAPESHIFTER_SET2	Adept's Rootbound Staff	Cajado Enraizado do Adepto
9641	T4_2H_SHAPESHIFTER_SET2@1	Adept's Rootbound Staff	Cajado Enraizado do Adepto
9642	T4_2H_SHAPESHIFTER_SET2@2	Adept's Rootbound Staff	Cajado Enraizado do Adepto
9643	T4_2H_SHAPESHIFTER_SET2@3	Adept's Rootbound Staff	Cajado Enraizado do Adepto
9644	T4_2H_SHAPESHIFTER_SET2@4	Adept's Rootbound Staff	Cajado Enraizado do Adepto
9645	T5_2H_SHAPESHIFTER_SET2	Expert's Rootbound Staff	Cajado Enraizado do Perito
9646	T5_2H_SHAPESHIFTER_SET2@1	Expert's Rootbound Staff	Cajado Enraizado do Perito
9647	T5_2H_SHAPESHIFTER_SET2@2	Expert's Rootbound Staff	Cajado Enraizado do Perito
9648	T5_2H_SHAPESHIFTER_SET2@3	Expert's Rootbound Staff	Cajado Enraizado do Perito
9649	T5_2H_SHAPESHIFTER_SET2@4	Expert's Rootbound Staff	Cajado Enraizado do Perito
9650	T6_2H_SHAPESHIFTER_SET2	Master's Rootbound Staff	Cajado Enraizado do Mestre
9651	T6_2H_SHAPESHIFTER_SET2@1	Master's Rootbound Staff	Cajado Enraizado do Mestre
9652	T6_2H_SHAPESHIFTER_SET2@2	Master's Rootbound Staff	Cajado Enraizado do Mestre
9653	T6_2H_SHAPESHIFTER_SET2@3	Master's Rootbound Staff	Cajado Enraizado do Mestre
9654	T6_2H_SHAPESHIFTER_SET2@4	Master's Rootbound Staff	Cajado Enraizado do Mestre
9655	T7_2H_SHAPESHIFTER_SET2	Grandmaster's Rootbound Staff	Cajado Enraizado do Grão-mestre
9656	T7_2H_SHAPESHIFTER_SET2@1	Grandmaster's Rootbound Staff	Cajado Enraizado do Grão-mestre
9657	T7_2H_SHAPESHIFTER_SET2@2	Grandmaster's Rootbound Staff	Cajado Enraizado do Grão-mestre
9658	T7_2H_SHAPESHIFTER_SET2@3	Grandmaster's Rootbound Staff	Cajado Enraizado do Grão-mestre
9659	T7_2H_SHAPESHIFTER_SET2@4	Grandmaster's Rootbound Staff	Cajado Enraizado do Grão-mestre
9660	T8_2H_SHAPESHIFTER_SET2	Elder's Rootbound Staff	Cajado Enraizado do Ancião
9661	T8_2H_SHAPESHIFTER_SET2@1	Elder's Rootbound Staff	Cajado Enraizado do Ancião
9662	T8_2H_SHAPESHIFTER_SET2@2	Elder's Rootbound Staff	Cajado Enraizado do Ancião
9663	T8_2H_SHAPESHIFTER_SET2@3	Elder's Rootbound Staff	Cajado Enraizado do Ancião
9664	T8_2H_SHAPESHIFTER_SET2@4	Elder's Rootbound Staff	Cajado Enraizado do Ancião
9665	T4_2H_SHAPESHIFTER_SET3	Adept's Primal Staff	Cajado Primitivo do Adepto
9666	T4_2H_SHAPESHIFTER_SET3@1	Adept's Primal Staff	Cajado Primitivo do Adepto
9667	T4_2H_SHAPESHIFTER_SET3@2	Adept's Primal Staff	Cajado Primitivo do Adepto
9668	T4_2H_SHAPESHIFTER_SET3@3	Adept's Primal Staff	Cajado Primitivo do Adepto
9669	T4_2H_SHAPESHIFTER_SET3@4	Adept's Primal Staff	Cajado Primitivo do Adepto
9670	T5_2H_SHAPESHIFTER_SET3	Expert's Primal Staff	Cajado Primitivo do Perito
9671	T5_2H_SHAPESHIFTER_SET3@1	Expert's Primal Staff	Cajado Primitivo do Perito
9672	T5_2H_SHAPESHIFTER_SET3@2	Expert's Primal Staff	Cajado Primitivo do Perito
9673	T5_2H_SHAPESHIFTER_SET3@3	Expert's Primal Staff	Cajado Primitivo do Perito
9674	T5_2H_SHAPESHIFTER_SET3@4	Expert's Primal Staff	Cajado Primitivo do Perito
9675	T6_2H_SHAPESHIFTER_SET3	Master's Primal Staff	Cajado Primitivo do Mestre
9676	T6_2H_SHAPESHIFTER_SET3@1	Master's Primal Staff	Cajado Primitivo do Mestre
9677	T6_2H_SHAPESHIFTER_SET3@2	Master's Primal Staff	Cajado Primitivo do Mestre
9678	T6_2H_SHAPESHIFTER_SET3@3	Master's Primal Staff	Cajado Primitivo do Mestre
9679	T6_2H_SHAPESHIFTER_SET3@4	Master's Primal Staff	Cajado Primitivo do Mestre
9680	T7_2H_SHAPESHIFTER_SET3	Grandmaster's Primal Staff	Cajado Primitivo do Grão-mestre
9681	T7_2H_SHAPESHIFTER_SET3@1	Grandmaster's Primal Staff	Cajado Primitivo do Grão-mestre
9682	T7_2H_SHAPESHIFTER_SET3@2	Grandmaster's Primal Staff	Cajado Primitivo do Grão-mestre
9683	T7_2H_SHAPESHIFTER_SET3@3	Grandmaster's Primal Staff	Cajado Primitivo do Grão-mestre
9684	T7_2H_SHAPESHIFTER_SET3@4	Grandmaster's Primal Staff	Cajado Primitivo do Grão-mestre
9685	T8_2H_SHAPESHIFTER_SET3	Elder's Primal Staff	Cajado Primitivo do Ancião
9686	T8_2H_SHAPESHIFTER_SET3@1	Elder's Primal Staff	Cajado Primitivo do Ancião
9687	T8_2H_SHAPESHIFTER_SET3@2	Elder's Primal Staff	Cajado Primitivo do Ancião
9688	T8_2H_SHAPESHIFTER_SET3@3	Elder's Primal Staff	Cajado Primitivo do Ancião
9689	T8_2H_SHAPESHIFTER_SET3@4	Elder's Primal Staff	Cajado Primitivo do Ancião
9690	T4_2H_SHAPESHIFTER_MORGANA	Adept's Bloodmoon Staff	Cajado da Lua de Sangue do Adepto
9691	T4_2H_SHAPESHIFTER_MORGANA@1	Adept's Bloodmoon Staff	Cajado da Lua de Sangue do Adepto
9692	T4_2H_SHAPESHIFTER_MORGANA@2	Adept's Bloodmoon Staff	Cajado da Lua de Sangue do Adepto
9693	T4_2H_SHAPESHIFTER_MORGANA@3	Adept's Bloodmoon Staff	Cajado da Lua de Sangue do Adepto
9694	T4_2H_SHAPESHIFTER_MORGANA@4	Adept's Bloodmoon Staff	Cajado da Lua de Sangue do Adepto
9695	T5_2H_SHAPESHIFTER_MORGANA	Expert's Bloodmoon Staff	Cajado da Lua de Sangue do Perito
9696	T5_2H_SHAPESHIFTER_MORGANA@1	Expert's Bloodmoon Staff	Cajado da Lua de Sangue do Perito
9697	T5_2H_SHAPESHIFTER_MORGANA@2	Expert's Bloodmoon Staff	Cajado da Lua de Sangue do Perito
9698	T5_2H_SHAPESHIFTER_MORGANA@3	Expert's Bloodmoon Staff	Cajado da Lua de Sangue do Perito
9699	T5_2H_SHAPESHIFTER_MORGANA@4	Expert's Bloodmoon Staff	Cajado da Lua de Sangue do Perito
9700	T6_2H_SHAPESHIFTER_MORGANA	Master's Bloodmoon Staff	Cajado da Lua de Sangue do Mestre
9701	T6_2H_SHAPESHIFTER_MORGANA@1	Master's Bloodmoon Staff	Cajado da Lua de Sangue do Mestre
9702	T6_2H_SHAPESHIFTER_MORGANA@2	Master's Bloodmoon Staff	Cajado da Lua de Sangue do Mestre
9703	T6_2H_SHAPESHIFTER_MORGANA@3	Master's Bloodmoon Staff	Cajado da Lua de Sangue do Mestre
9704	T6_2H_SHAPESHIFTER_MORGANA@4	Master's Bloodmoon Staff	Cajado da Lua de Sangue do Mestre
9705	T7_2H_SHAPESHIFTER_MORGANA	Grandmaster's Bloodmoon Staff	Cajado da Lua de Sangue do Grão-mestre
9706	T7_2H_SHAPESHIFTER_MORGANA@1	Grandmaster's Bloodmoon Staff	Cajado da Lua de Sangue do Grão-mestre
9707	T7_2H_SHAPESHIFTER_MORGANA@2	Grandmaster's Bloodmoon Staff	Cajado da Lua de Sangue do Grão-mestre
9708	T7_2H_SHAPESHIFTER_MORGANA@3	Grandmaster's Bloodmoon Staff	Cajado da Lua de Sangue do Grão-mestre
9709	T7_2H_SHAPESHIFTER_MORGANA@4	Grandmaster's Bloodmoon Staff	Cajado da Lua de Sangue do Grão-mestre
9710	T8_2H_SHAPESHIFTER_MORGANA	Elder's Bloodmoon Staff	Cajado da Lua de Sangue do Ancião
9711	T8_2H_SHAPESHIFTER_MORGANA@1	Elder's Bloodmoon Staff	Cajado da Lua de Sangue do Ancião
9712	T8_2H_SHAPESHIFTER_MORGANA@2	Elder's Bloodmoon Staff	Cajado da Lua de Sangue do Ancião
9713	T8_2H_SHAPESHIFTER_MORGANA@3	Elder's Bloodmoon Staff	Cajado da Lua de Sangue do Ancião
9714	T8_2H_SHAPESHIFTER_MORGANA@4	Elder's Bloodmoon Staff	Cajado da Lua de Sangue do Ancião
9715	T4_2H_SHAPESHIFTER_HELL	Adept's Hellspawn Staff	Cajado Endemoniado do Adepto
9716	T4_2H_SHAPESHIFTER_HELL@1	Adept's Hellspawn Staff	Cajado Endemoniado do Adepto
9717	T4_2H_SHAPESHIFTER_HELL@2	Adept's Hellspawn Staff	Cajado Endemoniado do Adepto
9718	T4_2H_SHAPESHIFTER_HELL@3	Adept's Hellspawn Staff	Cajado Endemoniado do Adepto
9719	T4_2H_SHAPESHIFTER_HELL@4	Adept's Hellspawn Staff	Cajado Endemoniado do Adepto
9720	T5_2H_SHAPESHIFTER_HELL	Expert's Hellspawn Staff	Cajado Endemoniado do Perito
9721	T5_2H_SHAPESHIFTER_HELL@1	Expert's Hellspawn Staff	Cajado Endemoniado do Perito
9722	T5_2H_SHAPESHIFTER_HELL@2	Expert's Hellspawn Staff	Cajado Endemoniado do Perito
9723	T5_2H_SHAPESHIFTER_HELL@3	Expert's Hellspawn Staff	Cajado Endemoniado do Perito
9724	T5_2H_SHAPESHIFTER_HELL@4	Expert's Hellspawn Staff	Cajado Endemoniado do Perito
9725	T6_2H_SHAPESHIFTER_HELL	Master's Hellspawn Staff	Cajado Endemoniado do Mestre
9726	T6_2H_SHAPESHIFTER_HELL@1	Master's Hellspawn Staff	Cajado Endemoniado do Mestre
9727	T6_2H_SHAPESHIFTER_HELL@2	Master's Hellspawn Staff	Cajado Endemoniado do Mestre
9728	T6_2H_SHAPESHIFTER_HELL@3	Master's Hellspawn Staff	Cajado Endemoniado do Mestre
9729	T6_2H_SHAPESHIFTER_HELL@4	Master's Hellspawn Staff	Cajado Endemoniado do Mestre
9730	T7_2H_SHAPESHIFTER_HELL	Grandmaster's Hellspawn Staff	Cajado Endemoniado do Grão-mestre
9731	T7_2H_SHAPESHIFTER_HELL@1	Grandmaster's Hellspawn Staff	Cajado Endemoniado do Grão-mestre
9732	T7_2H_SHAPESHIFTER_HELL@2	Grandmaster's Hellspawn Staff	Cajado Endemoniado do Grão-mestre
9733	T7_2H_SHAPESHIFTER_HELL@3	Grandmaster's Hellspawn Staff	Cajado Endemoniado do Grão-mestre
9734	T7_2H_SHAPESHIFTER_HELL@4	Grandmaster's Hellspawn Staff	Cajado Endemoniado do Grão-mestre
9735	T8_2H_SHAPESHIFTER_HELL	Elder's Hellspawn Staff	Cajado Endemoniado do Ancião
9736	T8_2H_SHAPESHIFTER_HELL@1	Elder's Hellspawn Staff	Cajado Endemoniado do Ancião
9737	T8_2H_SHAPESHIFTER_HELL@2	Elder's Hellspawn Staff	Cajado Endemoniado do Ancião
9738	T8_2H_SHAPESHIFTER_HELL@3	Elder's Hellspawn Staff	Cajado Endemoniado do Ancião
9739	T8_2H_SHAPESHIFTER_HELL@4	Elder's Hellspawn Staff	Cajado Endemoniado do Ancião
9740	T4_2H_SHAPESHIFTER_KEEPER	Adept's Earthrune Staff	Cajado Rúnico da Terra do Adepto
9741	T4_2H_SHAPESHIFTER_KEEPER@1	Adept's Earthrune Staff	Cajado Rúnico da Terra do Adepto
9742	T4_2H_SHAPESHIFTER_KEEPER@2	Adept's Earthrune Staff	Cajado Rúnico da Terra do Adepto
9743	T4_2H_SHAPESHIFTER_KEEPER@3	Adept's Earthrune Staff	Cajado Rúnico da Terra do Adepto
9744	T4_2H_SHAPESHIFTER_KEEPER@4	Adept's Earthrune Staff	Cajado Rúnico da Terra do Adepto
9745	T5_2H_SHAPESHIFTER_KEEPER	Expert's Earthrune Staff	Cajado Rúnico da Terra do Perito
9746	T5_2H_SHAPESHIFTER_KEEPER@1	Expert's Earthrune Staff	Cajado Rúnico da Terra do Perito
9747	T5_2H_SHAPESHIFTER_KEEPER@2	Expert's Earthrune Staff	Cajado Rúnico da Terra do Perito
9748	T5_2H_SHAPESHIFTER_KEEPER@3	Expert's Earthrune Staff	Cajado Rúnico da Terra do Perito
9749	T5_2H_SHAPESHIFTER_KEEPER@4	Expert's Earthrune Staff	Cajado Rúnico da Terra do Perito
9750	T6_2H_SHAPESHIFTER_KEEPER	Master's Earthrune Staff	Cajado Rúnico da Terra do Mestre
9751	T6_2H_SHAPESHIFTER_KEEPER@1	Master's Earthrune Staff	Cajado Rúnico da Terra do Mestre
9752	T6_2H_SHAPESHIFTER_KEEPER@2	Master's Earthrune Staff	Cajado Rúnico da Terra do Mestre
9753	T6_2H_SHAPESHIFTER_KEEPER@3	Master's Earthrune Staff	Cajado Rúnico da Terra do Mestre
9754	T6_2H_SHAPESHIFTER_KEEPER@4	Master's Earthrune Staff	Cajado Rúnico da Terra do Mestre
9755	T7_2H_SHAPESHIFTER_KEEPER	Grandmaster's Earthrune Staff	Cajado Rúnico da Terra do Grão-mestre
9756	T7_2H_SHAPESHIFTER_KEEPER@1	Grandmaster's Earthrune Staff	Cajado Rúnico da Terra do Grão-mestre
9757	T7_2H_SHAPESHIFTER_KEEPER@2	Grandmaster's Earthrune Staff	Cajado Rúnico da Terra do Grão-mestre
9758	T7_2H_SHAPESHIFTER_KEEPER@3	Grandmaster's Earthrune Staff	Cajado Rúnico da Terra do Grão-mestre
9759	T7_2H_SHAPESHIFTER_KEEPER@4	Grandmaster's Earthrune Staff	Cajado Rúnico da Terra do Grão-mestre
9760	T8_2H_SHAPESHIFTER_KEEPER	Elder's Earthrune Staff	Cajado Rúnico da Terra do Ancião
9761	T8_2H_SHAPESHIFTER_KEEPER@1	Elder's Earthrune Staff	Cajado Rúnico da Terra do Ancião
9762	T8_2H_SHAPESHIFTER_KEEPER@2	Elder's Earthrune Staff	Cajado Rúnico da Terra do Ancião
9763	T8_2H_SHAPESHIFTER_KEEPER@3	Elder's Earthrune Staff	Cajado Rúnico da Terra do Ancião
9764	T8_2H_SHAPESHIFTER_KEEPER@4	Elder's Earthrune Staff	Cajado Rúnico da Terra do Ancião
9765	T4_2H_SHAPESHIFTER_AVALON	Adept's Lightcaller	Cajado Invocador da Luz do Adepto
9766	T4_2H_SHAPESHIFTER_AVALON@1	Adept's Lightcaller	Cajado Invocador da Luz do Adepto
9767	T4_2H_SHAPESHIFTER_AVALON@2	Adept's Lightcaller	Cajado Invocador da Luz do Adepto
9768	T4_2H_SHAPESHIFTER_AVALON@3	Adept's Lightcaller	Cajado Invocador da Luz do Adepto
9769	T4_2H_SHAPESHIFTER_AVALON@4	Adept's Lightcaller	Cajado Invocador da Luz do Adepto
9770	T5_2H_SHAPESHIFTER_AVALON	Expert's Lightcaller	Cajado Invocador da Luz do Perito
9771	T5_2H_SHAPESHIFTER_AVALON@1	Expert's Lightcaller	Cajado Invocador da Luz do Perito
9772	T5_2H_SHAPESHIFTER_AVALON@2	Expert's Lightcaller	Cajado Invocador da Luz do Perito
9773	T5_2H_SHAPESHIFTER_AVALON@3	Expert's Lightcaller	Cajado Invocador da Luz do Perito
9774	T5_2H_SHAPESHIFTER_AVALON@4	Expert's Lightcaller	Cajado Invocador da Luz do Perito
9775	T6_2H_SHAPESHIFTER_AVALON	Master's Lightcaller	Cajado Invocador da Luz do Mestre
9776	T6_2H_SHAPESHIFTER_AVALON@1	Master's Lightcaller	Cajado Invocador da Luz do Mestre
9777	T6_2H_SHAPESHIFTER_AVALON@2	Master's Lightcaller	Cajado Invocador da Luz do Mestre
9778	T6_2H_SHAPESHIFTER_AVALON@3	Master's Lightcaller	Cajado Invocador da Luz do Mestre
9779	T6_2H_SHAPESHIFTER_AVALON@4	Master's Lightcaller	Cajado Invocador da Luz do Mestre
9780	T7_2H_SHAPESHIFTER_AVALON	Grandmaster's Lightcaller	Cajado Invocador da Luz do Grão-mestre
9781	T7_2H_SHAPESHIFTER_AVALON@1	Grandmaster's Lightcaller	Cajado Invocador da Luz do Grão-mestre
9782	T7_2H_SHAPESHIFTER_AVALON@2	Grandmaster's Lightcaller	Cajado Invocador da Luz do Grão-mestre
9783	T7_2H_SHAPESHIFTER_AVALON@3	Grandmaster's Lightcaller	Cajado Invocador da Luz do Grão-mestre
9784	T7_2H_SHAPESHIFTER_AVALON@4	Grandmaster's Lightcaller	Cajado Invocador da Luz do Grão-mestre
9785	T8_2H_SHAPESHIFTER_AVALON	Elder's Lightcaller	Cajado Invocador da Luz do Ancião
9786	T8_2H_SHAPESHIFTER_AVALON@1	Elder's Lightcaller	Cajado Invocador da Luz do Ancião
9787	T8_2H_SHAPESHIFTER_AVALON@2	Elder's Lightcaller	Cajado Invocador da Luz do Ancião
9788	T8_2H_SHAPESHIFTER_AVALON@3	Elder's Lightcaller	Cajado Invocador da Luz do Ancião
9789	T8_2H_SHAPESHIFTER_AVALON@4	Elder's Lightcaller	Cajado Invocador da Luz do Ancião
9790	T4_2H_SHAPESHIFTER_CRYSTAL	Adept's Stillgaze Staff	Cajado Petrificante do Adepto
9791	T4_2H_SHAPESHIFTER_CRYSTAL@1	Adept's Stillgaze Staff	Cajado Petrificante do Adepto
9792	T4_2H_SHAPESHIFTER_CRYSTAL@2	Adept's Stillgaze Staff	Cajado Petrificante do Adepto
9793	T4_2H_SHAPESHIFTER_CRYSTAL@3	Adept's Stillgaze Staff	Cajado Petrificante do Adepto
9794	T4_2H_SHAPESHIFTER_CRYSTAL@4	Adept's Stillgaze Staff	Cajado Petrificante do Adepto
9795	T5_2H_SHAPESHIFTER_CRYSTAL	Expert's Stillgaze Staff	Cajado Petrificante do Perito
9796	T5_2H_SHAPESHIFTER_CRYSTAL@1	Expert's Stillgaze Staff	Cajado Petrificante do Perito
9797	T5_2H_SHAPESHIFTER_CRYSTAL@2	Expert's Stillgaze Staff	Cajado Petrificante do Perito
9798	T5_2H_SHAPESHIFTER_CRYSTAL@3	Expert's Stillgaze Staff	Cajado Petrificante do Perito
9799	T5_2H_SHAPESHIFTER_CRYSTAL@4	Expert's Stillgaze Staff	Cajado Petrificante do Perito
9800	T6_2H_SHAPESHIFTER_CRYSTAL	Master's Stillgaze Staff	Cajado Petrificante do Mestre
9801	T6_2H_SHAPESHIFTER_CRYSTAL@1	Master's Stillgaze Staff	Cajado Petrificante do Mestre
9802	T6_2H_SHAPESHIFTER_CRYSTAL@2	Master's Stillgaze Staff	Cajado Petrificante do Mestre
9803	T6_2H_SHAPESHIFTER_CRYSTAL@3	Master's Stillgaze Staff	Cajado Petrificante do Mestre
9804	T6_2H_SHAPESHIFTER_CRYSTAL@4	Master's Stillgaze Staff	Cajado Petrificante do Mestre
9805	T7_2H_SHAPESHIFTER_CRYSTAL	Grandmaster's Stillgaze Staff	Cajado Petrificante do Grão-mestre
9806	T7_2H_SHAPESHIFTER_CRYSTAL@1	Grandmaster's Stillgaze Staff	Cajado Petrificante do Grão-mestre
9807	T7_2H_SHAPESHIFTER_CRYSTAL@2	Grandmaster's Stillgaze Staff	Cajado Petrificante do Grão-mestre
9808	T7_2H_SHAPESHIFTER_CRYSTAL@3	Grandmaster's Stillgaze Staff	Cajado Petrificante do Grão-mestre
9809	T7_2H_SHAPESHIFTER_CRYSTAL@4	Grandmaster's Stillgaze Staff	Cajado Petrificante do Grão-mestre
9810	T8_2H_SHAPESHIFTER_CRYSTAL	Elder's Stillgaze Staff	Cajado Petrificante do Ancião
9811	T8_2H_SHAPESHIFTER_CRYSTAL@1	Elder's Stillgaze Staff	Cajado Petrificante do Ancião
9812	T8_2H_SHAPESHIFTER_CRYSTAL@2	Elder's Stillgaze Staff	Cajado Petrificante do Ancião
9813	T8_2H_SHAPESHIFTER_CRYSTAL@3	Elder's Stillgaze Staff	Cajado Petrificante do Ancião
9814	T8_2H_SHAPESHIFTER_CRYSTAL@4	Elder's Stillgaze Staff	Cajado Petrificante do Ancião
9815	T2_FURNITUREITEM_TROPHY_GENERAL	Adventurer's Handbook	Manual do Aventureiro
9816	T3_FURNITUREITEM_TROPHY_GENERAL	Magical Tome	Tomo Mágico
9817	T4_FURNITUREITEM_TROPHY_GENERAL	Ancient Scripture	Escritura Antiga
9818	T5_FURNITUREITEM_TROPHY_GENERAL	Tome of Knowledge	Tomo do Conhecimento
9819	T6_FURNITUREITEM_TROPHY_GENERAL	Encyclopedia of Power	Enciclopédia do Poder
9820	T7_FURNITUREITEM_TROPHY_GENERAL	Occult Octavo	Octavo Oculto
9821	T8_FURNITUREITEM_TROPHY_GENERAL	Ledger of Truths	Compêndio das Verdades
9822	T8_FURNITUREITEM_TROPHY_FISHING_BOSS	Trophy Shark	Troféu de Tubarão
9823	T2_FURNITUREITEM_TROPHY_MERCENARY	Novice Mercenary's Trophy	Troféu do Mercenário Novato
9824	T3_FURNITUREITEM_TROPHY_MERCENARY	Journeyman Mercenary's Trophy	Troféu do Mercenário Iniciante
9825	T4_FURNITUREITEM_TROPHY_MERCENARY	Adept Mercenary's Trophy	Troféu do Mercenário Adepto
9826	T5_FURNITUREITEM_TROPHY_MERCENARY	Expert Mercenary's Trophy	Troféu do Mercenário Perito
9827	T6_FURNITUREITEM_TROPHY_MERCENARY	Master Mercenary's Trophy	Troféu do Mercenário Mestre
9828	T7_FURNITUREITEM_TROPHY_MERCENARY	Grandmaster Mercenary's Trophy	Troféu do Mercenário Grão-mestre
9829	T8_FURNITUREITEM_TROPHY_MERCENARY	Elder Mercenary's Trophy	Troféu do Mercenário Ancião
9830	T2_FURNITUREITEM_TROPHY_HIDE	Stuffed Fox Head	Cabeça de Raposa Empalhada
9831	T3_FURNITUREITEM_TROPHY_HIDE	Stuffed Wolf Head	Cabeça de Lobo Empalhada
9832	T4_FURNITUREITEM_TROPHY_HIDE	Stuffed Boar Head	Cabeça de Javali Empalhada
9833	T5_FURNITUREITEM_TROPHY_HIDE	Stuffed Bear Head	Cabeça de Urso Empalhada
9834	T6_FURNITUREITEM_TROPHY_HIDE	Stuffed Direwolf Head	Cabeça de Lobo-vil Empalhada
9835	T7_FURNITUREITEM_TROPHY_HIDE	Stuffed Direboar Head	Cabeça de Javali-vil Empalhada
9836	T8_FURNITUREITEM_TROPHY_HIDE	Stuffed Direbear Head	Cabeça de Urso-vil Empalhada
9837	T2_FURNITUREITEM_TROPHY_ORE	Copper Ore Sample	Amostra de Minério de Cobre
9838	T3_FURNITUREITEM_TROPHY_ORE	Tin Ore Sample	Amostra de Minério de Estanho
9839	T4_FURNITUREITEM_TROPHY_ORE	Iron Ore Sample	Amostra de Minério de Ferro
9840	T5_FURNITUREITEM_TROPHY_ORE	Titanium Ore Sample	Amostra de Minério de Titânio
9841	T6_FURNITUREITEM_TROPHY_ORE	Runite Ore Sample	Amostra de Minério de Runita
9842	T7_FURNITUREITEM_TROPHY_ORE	Meteorite Ore Sample	Amostra de Minério de Meteorito
9843	T8_FURNITUREITEM_TROPHY_ORE	Adamantium Ore Sample	Amostra de Minério de Adamante
9844	T2_FURNITUREITEM_TROPHY_FIBER	Comfy Cotton Trophy	Troféu de Algodão Confortável
9845	T3_FURNITUREITEM_TROPHY_FIBER	Fine Flax Trophy	Troféu de Linho Fino
9846	T4_FURNITUREITEM_TROPHY_FIBER	Exquisite Hemp Trophy	Troféu de Cânhamo Requintado
9847	T5_FURNITUREITEM_TROPHY_FIBER	Soft Skyflower Trophy	Troféu de Verbena Suave
9848	T6_FURNITUREITEM_TROPHY_FIBER	Comfy Amberleaf Cotton Trophy	Troféu de Algodão-dourado Confortável
9849	T7_FURNITUREITEM_TROPHY_FIBER	Fine Sunflax Trophy	Troféu de Linhossol Fino
9850	T8_FURNITUREITEM_TROPHY_FIBER	Exquisite Ghost Hemp Trophy	Troféu de Cânhamo-fantasma Requintado
9851	T2_FURNITUREITEM_TROPHY_ROCK	Limestone Fragment	Fragmento de Calcário
9852	T3_FURNITUREITEM_TROPHY_ROCK	Sandstone Fragment	Fragmento de Arenito
9853	T4_FURNITUREITEM_TROPHY_ROCK	Travertine Fragment	Fragmento de Travertino
9854	T5_FURNITUREITEM_TROPHY_ROCK	Granite Fragment	Fragmento de Granito
9855	T6_FURNITUREITEM_TROPHY_ROCK	Slate Fragment	Fragmento de Ardósia
9856	T7_FURNITUREITEM_TROPHY_ROCK	Basalt Fragment	Fragmento de Basalto
9857	T8_FURNITUREITEM_TROPHY_ROCK	Marble Fragment	Fragmento de Mármore
9858	T2_FURNITUREITEM_TROPHY_WOOD	Birch Bonsai	Bonsai de Bétula
9859	T3_FURNITUREITEM_TROPHY_WOOD	Chestnut Bonsai	Bonsai de Castanheira
9860	T4_FURNITUREITEM_TROPHY_WOOD	Pine Bonsai	Bonsai de Pinheiro
9861	T5_FURNITUREITEM_TROPHY_WOOD	Cedar Bonsai	Bonsai de Cedro
9862	T6_FURNITUREITEM_TROPHY_WOOD	Bloodoak Bonsai	Bonsai de Carvalho-sangue
9863	T7_FURNITUREITEM_TROPHY_WOOD	Ashenbark Bonsai	Bonsai de Freixo
9864	T8_FURNITUREITEM_TROPHY_WOOD	Whitewood Bonsai	Bonsai de Pau-branco
9865	T2_FURNITUREITEM_TROPHY_FISH	Carp Trophy	Troféu de Carpa
9866	T3_FURNITUREITEM_TROPHY_FISH	Perch Trophy	Troféu de Perca
9867	T4_FURNITUREITEM_TROPHY_FISH	Pike Trophy	Troféu de Pique
9868	T5_FURNITUREITEM_TROPHY_FISH	Trout Trophy	Troféu de Truta
9869	T6_FURNITUREITEM_TROPHY_FISH	Zander Trophy	Troféu de Sander
9870	T7_FURNITUREITEM_TROPHY_FISH	Catfish Trophy	Troféu de Peixe-gato
9871	T8_FURNITUREITEM_TROPHY_FISH	Swordfish Trophy	Troféu de Peixe-espada
9872	UNIQUE_WEAPONMASTER_HEAD_PROTOTYPE		
9873	UNIQUE_WEAPONMASTER_ARMOR_PROTOTYPE		
9874	UNIQUE_WEAPONMASTER_SHOES_PROTOTYPE		
9875	UNIQUE_WEAPONMASTER_POTION_PROTOTYPE		
9876	UNIQUE_WEAPONMASTER_IDLE_PROTOTYPE		
9877	UNIQUE_GVGTOKEN_GENERIC	Siphoned Energy	Energia Engarrafada
9878	T4_CAPEITEM_FW_BRIDGEWATCH_BP	Adept's Bridgewatch Crest	Ornamento de Bridgewatch do Adepto
9879	T5_CAPEITEM_FW_BRIDGEWATCH_BP	Expert's Bridgewatch Crest	Ornamento de Bridgewatch do Perito
9880	T6_CAPEITEM_FW_BRIDGEWATCH_BP	Master's Bridgewatch Crest	Ornamento de Bridgewatch do Mestre
9881	T7_CAPEITEM_FW_BRIDGEWATCH_BP	Grandmaster's Bridgewatch Crest	Ornamento de Bridgewatch do Grão-mestre
9882	T8_CAPEITEM_FW_BRIDGEWATCH_BP	Elder's Bridgewatch Crest	Ornamento de Bridgewatch do Ancião
9883	T4_CAPEITEM_FW_FORTSTERLING_BP	Adept's Fort Sterling Crest	Ornamento de Fort Sterling do Adepto
9884	T5_CAPEITEM_FW_FORTSTERLING_BP	Expert's Fort Sterling Crest	Ornamento de Fort Sterling do Perito
9885	T6_CAPEITEM_FW_FORTSTERLING_BP	Master's Fort Sterling Crest	Ornamento de Fort Sterling do Mestre
9886	T7_CAPEITEM_FW_FORTSTERLING_BP	Grandmaster's Fort Sterling Crest	Ornamento de Fort Sterling do Grão-mestre
9887	T8_CAPEITEM_FW_FORTSTERLING_BP	Elder's Fort Sterling Crest	Ornamento de Fort Sterling do Ancião
9888	T4_CAPEITEM_FW_LYMHURST_BP	Adept's Lymhurst Crest	Ornamento de Lymhurst do Adepto
9889	T5_CAPEITEM_FW_LYMHURST_BP	Expert's Lymhurst Crest	Ornamento de Lymhurst do Perito
9890	T6_CAPEITEM_FW_LYMHURST_BP	Master's Lymhurst Crest	Ornamento de Lymhurst do Mestre
9891	T7_CAPEITEM_FW_LYMHURST_BP	Grandmaster's Lymhurst Crest	Ornamento de Lymhurst do Grão-mestre
9892	T8_CAPEITEM_FW_LYMHURST_BP	Elder's Lymhurst Crest	Ornamento de Lymhurst do Ancião
9893	T4_CAPEITEM_FW_MARTLOCK_BP	Adept's Martlock Crest	Ornamento de Martlock do Adepto
9894	T5_CAPEITEM_FW_MARTLOCK_BP	Expert's Martlock Crest	Ornamento de Martlock do Perito
9895	T6_CAPEITEM_FW_MARTLOCK_BP	Master's Martlock Crest	Ornamento de Martlock do Mestre
9896	T7_CAPEITEM_FW_MARTLOCK_BP	Grandmaster's Martlock Crest	Ornamento de Martlock do Grão-mestre
9897	T8_CAPEITEM_FW_MARTLOCK_BP	Elder's Martlock Crest	Ornamento de Martlock do Ancião
9898	T4_CAPEITEM_FW_THETFORD_BP	Adept's Thetford Crest	Ornamento de Thetford do Adepto
9899	T5_CAPEITEM_FW_THETFORD_BP	Expert's Thetford Crest	Ornamento de Thetford do Perito
9900	T6_CAPEITEM_FW_THETFORD_BP	Master's Thetford Crest	Ornamento de Thetford do Mestre
9901	T7_CAPEITEM_FW_THETFORD_BP	Grandmaster's Thetford Crest	Ornamento de Thetford do Grão-mestre
9902	T8_CAPEITEM_FW_THETFORD_BP	Elder's Thetford Crest	Ornamento de Thetford do Ancião
9903	T4_CAPEITEM_FW_CAERLEON_BP	Adept's Caerleon Crest	Ornamento de Caerleon do Adepto
9904	T5_CAPEITEM_FW_CAERLEON_BP	Expert's Caerleon Crest	Ornamento de Caerleon do Perito
9905	T6_CAPEITEM_FW_CAERLEON_BP	Master's Caerleon Crest	Ornamento de Caerleon do Mestre
9906	T7_CAPEITEM_FW_CAERLEON_BP	Grandmaster's Caerleon Crest	Ornamento de Caerleon do Grão-mestre
9907	T8_CAPEITEM_FW_CAERLEON_BP	Elder's Caerleon Crest	Ornamento de Caerleon do Ancião
9908	T4_CAPEITEM_SMUGGLER_BP	Adept's Smuggler Crest	Ornamento de Contrabandista do Adepto
9909	T5_CAPEITEM_SMUGGLER_BP	Expert's Smuggler Crest	Ornamento de Contrabandista do Perito
9910	T6_CAPEITEM_SMUGGLER_BP	Master's Smuggler Crest	Ornamento de Contrabandista do Mestre
9911	T7_CAPEITEM_SMUGGLER_BP	Grandmaster's Smuggler Crest	Ornamento de Contrabandista do Grão-mestre
9912	T8_CAPEITEM_SMUGGLER_BP	Elder's Smuggler Crest	Ornamento de Contrabandista do Ancião
9913	T4_CAPEITEM_FW_BRECILIEN_BP	Adept's Brecilien Crest	Ornamento de Brecilien do Adepto
9914	T5_CAPEITEM_FW_BRECILIEN_BP	Expert's Brecilien Crest	Ornamento de Brecilien do Perito
9915	T6_CAPEITEM_FW_BRECILIEN_BP	Master's Brecilien Crest	Ornamento de Brecilien do Mestre
9916	T7_CAPEITEM_FW_BRECILIEN_BP	Grandmaster's Brecilien Crest	Ornamento de Brecilien do Grão-mestre
9917	T8_CAPEITEM_FW_BRECILIEN_BP	Elder's Brecilien Crest	Ornamento de Brecilien do Ancião
9918	T4_CAPEITEM_AVALON_BP	Adept's Avalonian Crest	Ornamento Avaloniano do Adepto
9919	T5_CAPEITEM_AVALON_BP	Expert's Avalonian Crest	Ornamento Avaloniano do Perito
9920	T6_CAPEITEM_AVALON_BP	Master's Avalonian Crest	Ornamento Avaloniano do Mestre
9921	T7_CAPEITEM_AVALON_BP	Grandmaster's Avalonian Crest	Ornamento Avaloniano do Grão-mestre
9922	T8_CAPEITEM_AVALON_BP	Elder's Avalonian Crest	Ornamento Avaloniano do Ancião
9923	T4_CAPEITEM_HERETIC_BP	Adept's Heretic Crest	Ornamento Herege do Adepto
9924	T5_CAPEITEM_HERETIC_BP	Expert's Heretic Crest	Ornamento Herege do Perito
9925	T6_CAPEITEM_HERETIC_BP	Master's Heretic Crest	Ornamento Herege do Mestre
9926	T7_CAPEITEM_HERETIC_BP	Grandmaster's Heretic Crest	Ornamento Herege do Grão-mestre
9927	T8_CAPEITEM_HERETIC_BP	Elder's Heretic Crest	Ornamento Herege do Ancião
9928	T4_CAPEITEM_UNDEAD_BP	Adept's Undead Crest	Ornamento Morto-Vivo do Adepto
9929	T5_CAPEITEM_UNDEAD_BP	Expert's Undead Crest	Ornamento Morto-Vivo do Perito
9930	T6_CAPEITEM_UNDEAD_BP	Master's Undead Crest	Ornamento Morto-Vivo do Mestre
9931	T7_CAPEITEM_UNDEAD_BP	Grandmaster's Undead Crest	Ornamento Morto-Vivo do Grão-mestre
9932	T8_CAPEITEM_UNDEAD_BP	Elder's Undead Crest	Ornamento Morto-Vivo do Ancião
9933	T4_CAPEITEM_KEEPER_BP	Adept's Keeper Crest	Ornamento Protetor do Adepto
9934	T5_CAPEITEM_KEEPER_BP	Expert's Keeper Crest	Ornamento Protetor do Perito
9935	T6_CAPEITEM_KEEPER_BP	Master's Keeper Crest	Ornamento Protetor do Mestre
9936	T7_CAPEITEM_KEEPER_BP	Grandmaster's Keeper Crest	Ornamento Protetor do Grão-mestre
9937	T8_CAPEITEM_KEEPER_BP	Elder's Keeper Crest	Ornamento Protetor do Ancião
9938	T4_CAPEITEM_MORGANA_BP	Adept's Morgana Crest	Ornamento de Morgana do Adepto
9939	T5_CAPEITEM_MORGANA_BP	Expert's Morgana Crest	Ornamento de Morgana do Perito
9940	T6_CAPEITEM_MORGANA_BP	Master's Morgana Crest	Ornamento de Morgana do Mestre
9941	T7_CAPEITEM_MORGANA_BP	Grandmaster's Morgana Crest	Ornamento de Morgana do Grão-mestre
9942	T8_CAPEITEM_MORGANA_BP	Elder's Morgana Crest	Ornamento de Morgana do Ancião
9943	T4_CAPEITEM_DEMON_BP	Adept's Demon Crest	Ornamento Demoníaco do Adepto
9944	T5_CAPEITEM_DEMON_BP	Expert's Demon Crest	Ornamento Demoníaco do Perito
9945	T6_CAPEITEM_DEMON_BP	Master's Demon Crest	Ornamento Demoníaco do Mestre
9946	T7_CAPEITEM_DEMON_BP	Grandmaster's Demon Crest	Ornamento Demoníaco do Grão-mestre
9947	T8_CAPEITEM_DEMON_BP	Elder's Demon Crest	Ornamento Demoníaco do Ancião
9948	T1_FACTION_FOREST_TOKEN_1	Treeheart	Coração Arbóreo
9949	T1_FACTION_HIGHLAND_TOKEN_1	Rockheart	Coração Empedrado
9950	T1_FACTION_STEPPE_TOKEN_1	Beastheart	Coração Bestial
9951	T1_FACTION_MOUNTAIN_TOKEN_1	Mountainheart	Coração Montanhoso
9952	T1_FACTION_SWAMP_TOKEN_1	Vineheart	Coração Videira
9953	T1_FACTION_CAERLEON_TOKEN_1	Shadowheart	Coração Sombrio
9954	T4_LOOTBAG_EXPEDITION_ROYAL_SIGIL	Sealed Royal Sigil	Selo Real Fechado
9955	T4_LOOTBAG_ARENA_RANK_UP_IRON2	Crystal Arena Chest - Iron II	Baú da Arena de Cristal - Ferro II
9956	T4_LOOTBAG_ARENA_RANK_UP_IRON3	Crystal Arena Chest - Iron III	Baú da Arena de Cristal - Ferro III
9957	T4_LOOTBAG_ARENA_RANK_UP_IRON4	Crystal Arena Chest - Iron IV	Baú da Arena de Cristal - Ferro IV
9958	T5_LOOTBAG_ARENA_RANK_UP_BRONZE1	Crystal Arena Chest - Bronze I	Baú da Arena de Cristal - Bronze I
9959	T5_LOOTBAG_ARENA_RANK_UP_BRONZE2	Crystal Arena Chest - Bronze II	Baú da Arena de Cristal - Bronze II
9960	T5_LOOTBAG_ARENA_RANK_UP_BRONZE3	Crystal Arena Chest - Bronze III	Baú da Arena de Cristal - Bronze III
9961	T5_LOOTBAG_ARENA_RANK_UP_BRONZE4	Crystal Arena Chest - Bronze IV	Baú da Arena de Cristal - Bronze IV
9962	T6_LOOTBAG_ARENA_RANK_UP_SILVER1	Crystal Arena Chest - Silver I	Baú da Arena de Cristal - Prata I
9963	T6_LOOTBAG_ARENA_RANK_UP_SILVER2	Crystal Arena Chest - Silver II	Baú da Arena de Cristal - Prata II
9964	T6_LOOTBAG_ARENA_RANK_UP_SILVER3	Crystal Arena Chest - Silver III	Baú da Arena de Cristal - Prata III
9965	T6_LOOTBAG_ARENA_RANK_UP_SILVER4	Crystal Arena Chest - Silver IV	Baú da Arena de Cristal - Prata IV
9966	T7_LOOTBAG_ARENA_RANK_UP_GOLD1	Crystal Arena Chest - Gold I	Baú da Arena de Cristal - Ouro I
9967	T7_LOOTBAG_ARENA_RANK_UP_GOLD2	Crystal Arena Chest - Gold II	Baú da Arena de Cristal - Ouro II
9968	T7_LOOTBAG_ARENA_RANK_UP_GOLD3	Crystal Arena Chest - Gold III	Baú da Arena de Cristal - Ouro III
9969	T7_LOOTBAG_ARENA_RANK_UP_GOLD4	Crystal Arena Chest - Gold IV	Baú da Arena de Cristal - Ouro IV
9970	T8_LOOTBAG_ARENA_RANK_UP_CRYSTAL	Crystal Arena Chest - Crystal	Baú da Arena de Cristal - Cristal
9971	T2_LOOTBAG_ARENA_WIN_BASIC_IRON1	Victory Pouch (Iron I)	Bolsa de Vitória (Ferro I)
9972	T2_LOOTBAG_ARENA_WIN_BASIC_IRON2	Victory Pouch (Iron II)	Bolsa de Vitória (Ferro II)
9973	T2_LOOTBAG_ARENA_WIN_BASIC_IRON3	Victory Pouch (Iron III)	Bolsa da Vitória (Ferro III)
9974	T2_LOOTBAG_ARENA_WIN_BASIC_IRON4	Victory Pouch (Iron IV)	Bolsa da Vitória (Ferro IV)
9975	T2_LOOTBAG_ARENA_WIN_BASIC_BRONZE1	Victory Pouch (Bronze I)	Bolsa de Vitória (Bronze I)
9976	T2_LOOTBAG_ARENA_WIN_BASIC_BRONZE2	Victory Pouch (Bronze II)	Bolsa de Vitória (Bronze II)
9977	T2_LOOTBAG_ARENA_WIN_BASIC_BRONZE3	Victory Pouch (Bronze III)	Bolsa da Vitória (Bronze III)
9978	T2_LOOTBAG_ARENA_WIN_BASIC_BRONZE4	Victory Pouch (Bronze IV)	Bolsa da Vitória (Bronze IV)
9979	T2_LOOTBAG_ARENA_WIN_BASIC_SILVER1	Victory Pouch (Silver I)	Bolsa de Vitória (Prata I)
9980	T2_LOOTBAG_ARENA_WIN_BASIC_SILVER2	Victory Pouch (Silver II)	Bolsa de Vitória (Prata II)
9981	T2_LOOTBAG_ARENA_WIN_BASIC_SILVER3	Victory Pouch (Silver III)	Bolsa da Vitória (Prata III)
9982	T2_LOOTBAG_ARENA_WIN_BASIC_SILVER4	Victory Pouch (Silver IV)	Bolsa da Vitória (Prata IV)
9983	T2_LOOTBAG_ARENA_WIN_BASIC_GOLD1	Victory Pouch (Gold I)	Bolsa de Vitória (Ouro I)
9984	T2_LOOTBAG_ARENA_WIN_BASIC_GOLD2	Victory Pouch (Gold II)	Bolsa de Vitória (Ouro II)
9985	T2_LOOTBAG_ARENA_WIN_BASIC_GOLD3	Victory Pouch (Gold III)	Bolsa da Vitória (Ouro III)
9986	T2_LOOTBAG_ARENA_WIN_BASIC_GOLD4	Victory Pouch (Gold IV)	Bolsa da Vitória (Ouro IV)
9987	T2_LOOTBAG_ARENA_WIN_BASIC_CRYSTAL	Victory Pouch (Crystal)	Bolsa de Vitória (Cristal)
9988	T3_LOOTBAG_ARENA_WIN_PREMIUM_IRON1	Premium Victory Pouch (Iron I)	Bolsa de Vitória Premium (Ferro I)
9989	T3_LOOTBAG_ARENA_WIN_PREMIUM_IRON2	Premium Victory Pouch (Iron II)	Bolsa de Vitória Premium (Ferro II)
9990	T3_LOOTBAG_ARENA_WIN_PREMIUM_IRON3	Premium Victory Pouch (Iron III)	Bolsa da Vitória Premium (Ferro III)
9991	T3_LOOTBAG_ARENA_WIN_PREMIUM_IRON4	Premium Victory Pouch (Iron IV)	Bolsa da Vitória Premium (Ferro IV)
9992	T3_LOOTBAG_ARENA_WIN_PREMIUM_BRONZE1	Premium Victory Pouch (Bronze I)	Bolsa de Vitória Premium (Bronze I)
9993	T3_LOOTBAG_ARENA_WIN_PREMIUM_BRONZE2	Premium Victory Pouch (Bronze II)	Bolsa de Vitória Premium (Bronze II)
9994	T3_LOOTBAG_ARENA_WIN_PREMIUM_BRONZE3	Premium Victory Pouch (Bronze III)	Bolsa da Vitória Premium (Bronze III)
9995	T3_LOOTBAG_ARENA_WIN_PREMIUM_BRONZE4	Premium Victory Pouch (Bronze IV)	Bolsa da Vitória Premium (Bronze IV)
9996	T3_LOOTBAG_ARENA_WIN_PREMIUM_SILVER1	Premium Victory Pouch (Silver I)	Bolsa de Vitória Premium (Prata I)
9997	T3_LOOTBAG_ARENA_WIN_PREMIUM_SILVER2	Premium Victory Pouch (Silver II)	Bolsa de Vitória Premium (Prata II)
9998	T3_LOOTBAG_ARENA_WIN_PREMIUM_SILVER3	Premium Victory Pouch (Silver III)	Bolsa da Vitória Premium (Prata III)
9999	T3_LOOTBAG_ARENA_WIN_PREMIUM_SILVER4	Premium Victory Pouch (Silver IV)	Bolsa da Vitória Premium (Prata IV)
10000	T3_LOOTBAG_ARENA_WIN_PREMIUM_GOLD1	Premium Victory Pouch (Gold I)	Bolsa de Vitória Premium (Ouro I)
10001	T3_LOOTBAG_ARENA_WIN_PREMIUM_GOLD2	Premium Victory Pouch (Gold II)	Bolsa de Vitória Premium (Ouro II)
10002	T3_LOOTBAG_ARENA_WIN_PREMIUM_GOLD3	Premium Victory Pouch (Gold III)	Bolsa da Vitória Premium (Ouro III)
10003	T3_LOOTBAG_ARENA_WIN_PREMIUM_GOLD4	Premium Victory Pouch (Gold IV)	Bolsa da Vitória Premium (Ouro IV)
10004	T3_LOOTBAG_ARENA_WIN_PREMIUM_CRYSTAL	Premium Victory Pouch (Crystal)	Bolsa de Vitória Premium (Cristal)
10005	T4_LOOTBAG_ARENA_RANK_UP_2	Crystal Arena Chest - Iron II	Baú da Arena de Cristal - Ferro II
10006	T5_LOOTBAG_ARENA_RANK_UP_3	Crystal Arena Chest - Bronze I	Baú da Arena de Cristal - Bronze I
10007	T5_LOOTBAG_ARENA_RANK_UP_4	Crystal Arena Chest - Bronze II	Baú da Arena de Cristal - Bronze II
10008	T6_LOOTBAG_ARENA_RANK_UP_5	Crystal Arena Chest - Silver I	Baú da Arena de Cristal - Prata I
10009	T6_LOOTBAG_ARENA_RANK_UP_6	Crystal Arena Chest - Silver II	Baú da Arena de Cristal - Prata II
10010	T7_LOOTBAG_ARENA_RANK_UP_7	Crystal Arena Chest - Gold I	Baú da Arena de Cristal - Ouro I
10011	T7_LOOTBAG_ARENA_RANK_UP_8	Crystal Arena Chest - Gold II	Baú da Arena de Cristal - Ouro II
10012	T8_LOOTBAG_ARENA_RANK_UP_9	Crystal Arena Chest - Crystal	Baú da Arena de Cristal - Cristal
10013	T2_LOOTBAG_ARENA_WIN_BASIC_0	Victory Pouch (Arena)	Bolsa de Vitória (Arena)
10014	T2_LOOTBAG_ARENA_WIN_BASIC_1	Victory Pouch (Iron I)	Bolsa de Vitória (Ferro I)
10015	T2_LOOTBAG_ARENA_WIN_BASIC_2	Victory Pouch (Iron II)	Bolsa de Vitória (Iron II)
10016	T2_LOOTBAG_ARENA_WIN_BASIC_3	Victory Pouch (Bronze I)	Bolsa de Vitória (Bronze I)
10017	T2_LOOTBAG_ARENA_WIN_BASIC_4	Victory Pouch (Bronze II)	Bolsa de Vitória (Bronze II)
10018	T2_LOOTBAG_ARENA_WIN_BASIC_5	Victory Pouch (Silver I)	Bolsa de Vitória (Prata I)
10019	T2_LOOTBAG_ARENA_WIN_BASIC_6	Victory Pouch (Silver II)	Bolsa de Vitória (Prata II)
10020	T2_LOOTBAG_ARENA_WIN_BASIC_7	Victory Pouch (Gold I)	Bolsa de Vitória (Ouro I)
10021	T2_LOOTBAG_ARENA_WIN_BASIC_8	Victory Pouch (Gold II)	Bolsa de Vitória (Ouro II)
10022	T2_LOOTBAG_ARENA_WIN_BASIC_9	Victory Pouch (Crystal)	Bolsa de Vitória (cristal)
10023	T3_LOOTBAG_ARENA_WIN_PREMIUM_0	Premium Victory Pouch (Arena)	Bolsa de Vitória Premium (Arena)
10024	T3_LOOTBAG_ARENA_WIN_PREMIUM_1	Premium Victory Pouch (Iron I)	Bolsa de Vitória Premium (Ferro I)
10025	T3_LOOTBAG_ARENA_WIN_PREMIUM_2	Premium Victory Pouch (Iron II)	Bolsa de Vitória Premium (Iron II)
10026	T3_LOOTBAG_ARENA_WIN_PREMIUM_3	Premium Victory Pouch (Bronze I)	Bolsa de Vitória Premium (Bronze I)
10027	T3_LOOTBAG_ARENA_WIN_PREMIUM_4	Premium Victory Pouch (Bronze II)	Bolsa de Vitória Premium (Bronze II)
10028	T3_LOOTBAG_ARENA_WIN_PREMIUM_5	Premium Victory Pouch (Silver I)	Bolsa de Vitória Premium (Prata I)
10029	T3_LOOTBAG_ARENA_WIN_PREMIUM_6	Premium Victory Pouch (Silver II)	Bolsa de Vitória Premium (Prata II)
10030	T3_LOOTBAG_ARENA_WIN_PREMIUM_7	Premium Victory Pouch (Gold I)	Bolsa de Vitória Premium (Ouro I)
10031	T3_LOOTBAG_ARENA_WIN_PREMIUM_8	Premium Victory Pouch (Gold II)	Bolsa de Vitória Premium (Ouro II)
10032	T3_LOOTBAG_ARENA_WIN_PREMIUM_9	Premium Victory Pouch (Crystal)	Bolsa de Vitória Premium (cristal)
10033	T4_LOOTBAG_1V1_ARENA_RANK_UP_IRON2	1v1 Arena Chest - Iron II	Baú da Arena 1v1 - Ferro II
10034	T4_LOOTBAG_1V1_ARENA_RANK_UP_IRON3	1v1 Arena Chest - Iron III	Baú da Arena 1v1 - Ferro III
10035	T4_LOOTBAG_1V1_ARENA_RANK_UP_IRON4	1v1 Arena Chest - Iron IV	Baú da Arena 1v1 - Ferro IV
10036	T5_LOOTBAG_1V1_ARENA_RANK_UP_BRONZE1	1v1 Arena Chest - Bronze I	Baú da Arena 1v1 - Bronze I
10037	T5_LOOTBAG_1V1_ARENA_RANK_UP_BRONZE2	1v1 Arena Chest - Bronze II	Baú da Arena 1v1 - Bronze II
10038	T5_LOOTBAG_1V1_ARENA_RANK_UP_BRONZE3	1v1 Arena Chest - Bronze III	Baú da Arena 1v1 - Bronze III
10039	T5_LOOTBAG_1V1_ARENA_RANK_UP_BRONZE4	1v1 Arena Chest - Bronze IV	Baú da Arena 1v1 - Bronze IV
10040	T6_LOOTBAG_1V1_ARENA_RANK_UP_SILVER1	1v1 Arena Chest - Silver I	Baú da Arena 1v1 - Prata I
10041	T6_LOOTBAG_1V1_ARENA_RANK_UP_SILVER2	1v1 Arena Chest - Silver II	Baú da Arena 1v1 - Prata II
10042	T6_LOOTBAG_1V1_ARENA_RANK_UP_SILVER3	1v1 Arena Chest - Silver III	Baú da Arena 1v1 - Prata III
10043	T6_LOOTBAG_1V1_ARENA_RANK_UP_SILVER4	1v1 Arena Chest - Silver IV	Baú da Arena 1v1 - Prata IV
10044	T7_LOOTBAG_1V1_ARENA_RANK_UP_GOLD1	1v1 Arena Chest - Gold I	Baú da Arena 1v1 - Ouro I
10045	T7_LOOTBAG_1V1_ARENA_RANK_UP_GOLD2	1v1 Arena Chest - Gold II	Baú da Arena 1v1 - Ouro II
10046	T7_LOOTBAG_1V1_ARENA_RANK_UP_GOLD3	1v1 Arena Chest - Gold III	Baú da Arena 1v1 - Ouro III
10047	T7_LOOTBAG_1V1_ARENA_RANK_UP_GOLD4	1v1 Arena Chest - Gold IV	Baú da Arena 1v1 - Ouro IV
10048	T8_LOOTBAG_1V1_ARENA_RANK_UP_CRYSTAL	1v1 Arena Chest - Crystal	Baú da Arena 1v1 - Cristal
10049	T2_LOOTBAG_1V1_ARENA_WIN_BASIC_IRON1	1v1 Victory Pouch (Iron I)	Bolsa de Vitória 1v1 (Ferro I)
10050	T2_LOOTBAG_1V1_ARENA_WIN_BASIC_IRON2	1v1 Victory Pouch (Iron II)	Bolsa de Vitória 1v1 (Ferro II)
10051	T2_LOOTBAG_1V1_ARENA_WIN_BASIC_IRON3	1v1 Victory Pouch (Iron III)	Bolsa de Vitória 1v1 (Ferro III)
10052	T2_LOOTBAG_1V1_ARENA_WIN_BASIC_IRON4	1v1 Victory Pouch (Iron IV)	Bolsa de Vitória 1v1 (Ferro IV)
10053	T2_LOOTBAG_1V1_ARENA_WIN_BASIC_BRONZE1	1v1 Victory Pouch (Bronze I)	Bolsa de Vitória 1v1 (Bronze I)
10054	T2_LOOTBAG_1V1_ARENA_WIN_BASIC_BRONZE2	1v1 Victory Pouch (Bronze II)	Bolsa de Vitória 1v1 (Bronze II)
10055	T2_LOOTBAG_1V1_ARENA_WIN_BASIC_BRONZE3	1v1 Victory Pouch (Bronze III)	Bolsa de Vitória 1v1 (Bronze III)
10056	T2_LOOTBAG_1V1_ARENA_WIN_BASIC_BRONZE4	1v1 Victory Pouch (Bronze IV)	Bolsa de Vitória 1v1 (Bronze IV)
10057	T2_LOOTBAG_1V1_ARENA_WIN_BASIC_SILVER1	1v1 Victory Pouch (Silver I)	Bolsa de Vitória 1v1 (Prata I)
10058	T2_LOOTBAG_1V1_ARENA_WIN_BASIC_SILVER2	1v1 Victory Pouch (Silver II)	Bolsa de Vitória 1v1 (Prata II)
10059	T2_LOOTBAG_1V1_ARENA_WIN_BASIC_SILVER3	1v1 Victory Pouch (Silver III)	Bolsa de Vitória 1v1 (Prata III)
10060	T2_LOOTBAG_1V1_ARENA_WIN_BASIC_SILVER4	1v1 Victory Pouch (Silver IV)	Bolsa de Vitória 1v1 (Prata IV)
10061	T2_LOOTBAG_1V1_ARENA_WIN_BASIC_GOLD1	1v1 Victory Pouch (Gold I)	Bolsa de Vitória 1v1 (Ouro I)
10062	T2_LOOTBAG_1V1_ARENA_WIN_BASIC_GOLD2	1v1 Victory Pouch (Gold II)	Bolsa de Vitória 1v1 (Ouro II)
10063	T2_LOOTBAG_1V1_ARENA_WIN_BASIC_GOLD3	1v1 Victory Pouch (Gold III)	Bolsa de Vitória 1v1 (Ouro III)
10064	T2_LOOTBAG_1V1_ARENA_WIN_BASIC_GOLD4	1v1 Victory Pouch (Gold IV)	Bolsa de Vitória 1v1 (Ouro IV)
10065	T2_LOOTBAG_1V1_ARENA_WIN_BASIC_CRYSTAL	1v1 Victory Pouch (Crystal)	Bolsa de Vitória 1v1 (Cristal)
10066	T3_LOOTBAG_1V1_ARENA_WIN_PREMIUM_IRON1	1v1 Premium Victory Pouch (Iron I)	Bolsa de Vitória Premium 1v1 (Ferro I)
10067	T3_LOOTBAG_1V1_ARENA_WIN_PREMIUM_IRON2	1v1 Premium Victory Pouch (Iron II)	Bolsa de Vitória Premium 1v1 (Ferro II)
10068	T3_LOOTBAG_1V1_ARENA_WIN_PREMIUM_IRON3	1v1 Premium Victory Pouch (Iron III)	Bolsa de Vitória Premium 1v1 (Ferro III)
10069	T3_LOOTBAG_1V1_ARENA_WIN_PREMIUM_IRON4	1v1 Premium Victory Pouch (Iron IV)	Bolsa de Vitória Premium 1v1 (Ferro IV)
10070	T3_LOOTBAG_1V1_ARENA_WIN_PREMIUM_BRONZE1	1v1 Premium Victory Pouch (Bronze I)	Bolsa de Vitória Premium 1v1 (Bronze I)
10071	T3_LOOTBAG_1V1_ARENA_WIN_PREMIUM_BRONZE2	1v1 Premium Victory Pouch (Bronze II)	Bolsa de Vitória Premium 1v1 (Bronze II)
10072	T3_LOOTBAG_1V1_ARENA_WIN_PREMIUM_BRONZE3	1v1 Premium Victory Pouch (Bronze III)	Bolsa de Vitória Premium 1v1 (Bronze III)
10073	T3_LOOTBAG_1V1_ARENA_WIN_PREMIUM_BRONZE4	1v1 Premium Victory Pouch (Bronze IV)	Bolsa de Vitória Premium 1v1 (Bronze IV)
10074	T3_LOOTBAG_1V1_ARENA_WIN_PREMIUM_SILVER1	1v1 Premium Victory Pouch (Silver I)	Bolsa de Vitória Premium 1v1 (Prata I)
10075	T3_LOOTBAG_1V1_ARENA_WIN_PREMIUM_SILVER2	1v1 Premium Victory Pouch (Silver II)	Bolsa de Vitória Premium 1v1 (Prata II)
10076	T3_LOOTBAG_1V1_ARENA_WIN_PREMIUM_SILVER3	1v1 Premium Victory Pouch (Silver III)	Bolsa de Vitória Premium 1v1 (Prata III)
10077	T3_LOOTBAG_1V1_ARENA_WIN_PREMIUM_SILVER4	1v1 Premium Victory Pouch (Silver IV)	Bolsa de Vitória Premium 1v1 (Prata IV)
10078	T3_LOOTBAG_1V1_ARENA_WIN_PREMIUM_GOLD1	1v1 Premium Victory Pouch (Gold I)	Bolsa de Vitória Premium 1v1 (Ouro I)
10079	T3_LOOTBAG_1V1_ARENA_WIN_PREMIUM_GOLD2	1v1 Premium Victory Pouch (Gold II)	Bolsa de Vitória Premium 1v1 (Ouro II)
10080	T3_LOOTBAG_1V1_ARENA_WIN_PREMIUM_GOLD3	1v1 Premium Victory Pouch (Gold III)	Bolsa de Vitória Premium 1v1 (Ouro III)
10081	T3_LOOTBAG_1V1_ARENA_WIN_PREMIUM_GOLD4	1v1 Premium Victory Pouch (Gold IV)	Bolsa de Vitória Premium 1v1 (Ouro IV)
10082	T3_LOOTBAG_1V1_ARENA_WIN_PREMIUM_CRYSTAL	1v1 Premium Victory Pouch (Crystal)	Bolsa de Vitória Premium 1v1 (Cristal)
10083	T4_LOOTCHEST_CRYSTAL_LEAGUE	Adept's Crystal League Chest	Baú da Liga de Cristal do Adepto
10084	T5_LOOTCHEST_CRYSTAL_LEAGUE	Expert's Crystal League Chest	Baú da Liga de Cristal do Perito
10085	T6_LOOTCHEST_CRYSTAL_LEAGUE	Master's Crystal League Chest	Baú da Liga de Cristal do Mestre
10086	T7_LOOTCHEST_CRYSTAL_LEAGUE	Grandmaster's Crystal League Chest	Baú da Liga de Cristal do Grão-mestre
10087	T8_LOOTCHEST_CRYSTAL_LEAGUE	Elder's Crystal League Chest	Baú da Liga de Cristal do Ancião
10088	UNIQUE_SKILLBOOK_ADC_GENERAL_01	Adventurer's Tome	Tomo do Aventureiro
10089	UNIQUE_SILVERBAG_ADC_GENERAL_01	Bag of Silver	Sacola de Prata
10090	UNIQUE_REPAIRPOWDER_ADC_GENERAL_01	Scroll of Repair	Pergaminho da Reparação
10091	UNIQUE_REPAIRPOWDER_ADC_GENERAL_01_NONTRADEABLE		
10092	UNIQUE_LOOTCHEST_ADC_OCT2018_01	Harvest Challenge Chest	Baú de Desafio da Coleta
10093	UNIQUE_LOOTCHEST_ADC_NOV2018	Grim Challenge Chest	Baú do Desafio Sombrio
10094	UNIQUE_LOOTCHEST_ADC_DEC2018	Yuletide Challenge Chest	Baú do Desafio de Yule
10095	UNIQUE_LOOTCHEST_ADC_JAN2019	Frost Challenge Chest	Baú do Desafio Gelado
10096	UNIQUE_LOOTCHEST_ADC_FEB2019	Carnival Challenge Chest	Baú do Desafio de Carnaval
10097	UNIQUE_LOOTCHEST_ADC_MAR2019	Keeper Challenge Chest	Baú do Desafio do Protetor
10098	UNIQUE_LOOTCHEST_ADC_APR2019	Hunter Challenge Chest	Baú do Desafio do Caçador
10099	UNIQUE_LOOTCHEST_ADC_MAY2019	Morgana Challenge Chest	Baú do Desafio de Morgana
10100	UNIQUE_LOOTCHEST_ADC_JUN2019	Knight Challenge Chest	Baú do Desafio do Cavaleiro
10101	UNIQUE_LOOTCHEST_ADC_JUL2019	Undead Challenge Chest	Baú do Desafio do Morto-Vivo
10102	UNIQUE_LOOTCHEST_ADC_AUG2019	Divine Challenge Chest	Baú do Desafio Divino
10103	UNIQUE_LOOTCHEST_ADC_SEP2019	Heretic Challenge Chest	Baú do Desafio do Herege
10104	UNIQUE_LOOTCHEST_ADC_OCT2019	Harvest Challenge Chest	Baú de Desafio da Coleta
10105	UNIQUE_AVATARRING_ADC_NOV2018	Avatar Ring: Grim Challenge	Borda de Avatar: Desafio Sombrio
10106	UNIQUE_AVATARRING_ADC_DEC2018	Avatar Ring: Yuletide Challenge	Borda de Avatar: Desafio de Yule
10107	UNIQUE_AVATARRING_ADC_JAN2019	Avatar Ring: Frost Challenge	Borda de Avatar: Desafio Gelado
10108	UNIQUE_AVATARRING_ADC_FEB2019	Avatar Ring: Carnival Challenge	Borda de Avatar: Desafio de Carnaval
10109	UNIQUE_AVATARRING_ADC_MAR2019	Avatar Ring: Keeper Challenge	Borda de Avatar: Desafio do Protetor
10110	UNIQUE_AVATARRING_ADC_APR2019	Avatar Ring: Hunter Challenge	Borda de Avatar: Desafio do Caçador
10111	UNIQUE_AVATARRING_ADC_MAY2019	Avatar Ring: Morgana Challenge	Borda de Avatar: Desafio de Morgana
10112	UNIQUE_AVATARRING_ADC_JUN2019	Avatar Ring: Knight Challenge	Borda de Avatar: Desafio do Cavaleiro
10113	UNIQUE_AVATARRING_ADC_JUL2019	Avatar Ring: Undead Challenge	Borda de Avatar: Desafio do Morto-Vivo
10114	UNIQUE_AVATARRING_ADC_AUG2019	Avatar Ring: Divine Challenge	Borda de Avatar: Desafio Divino
10115	UNIQUE_AVATARRING_ADC_SEP2019	Avatar Ring: Heretic Challenge	Borda de Avatar: Desafio do Herege
10116	UNIQUE_AVATARRING_ADC_OCT2019	Avatar Ring: Harvest Challenge	Borda de Avatar: Desafio da Colheita
10117	UNIQUE_AVATARRING_CHARITY_MARCH2020	Avatar Ring: Staff of Hermes	Borda de Avatar: Cajado de Hermes
10118	UNIQUE_AVATARRING_ADC_TOKENLOCKED_01	Avatar Ring: Adventurer	Borda de Avatar: Aventureiro
10119	UNIQUE_AVATARRING_ADC_TOKENLOCKED_NATURE	Avatar Ring: Nature Spirit	Borda de Avatar: Espírito da Natureza
10120	UNIQUE_AVATARRING_ADC_TOKENLOCKED_FIRE	Avatar Ring: Inferno	Borda de Avatar: Infernal
10121	UNIQUE_AVATARRING_ADC_TOKENLOCKED_ARCANE	Avatar Ring: Enigma	Borda de Avatar: Enigma
10122	UNIQUE_AVATARRING_ADC_TOKENLOCKED_SWORDS	Avatar Ring: Crossed Blades	Borda de Avatar: Lâminas Cruzadas
10123	UNIQUE_AVATARRING_ADC_TOKENLOCKED_FARMING	Avatar Ring: Farmer	Borda de Avatar: Fazendeiro
10124	UNIQUE_AVATARRING_ADC_TOKENLOCKED_AXES	Avatar Ring: Crossed Axes	Borda de Avatar: Machados Cruzados
10125	UNIQUE_AVATARRING_ADC_TOKENLOCKED_FISHING	Avatar Ring: Fisherman	Borda de Avatar: Pescador
10126	UNIQUE_AVATARRING_ADC_TOKENLOCKED_NECROMANCER	Avatar Ring: Necromancer	Borda de Avatar: Necromante
10127	UNIQUE_AVATAR_ADC_TOKENLOCKED_01	Avatar: Adventurer	Avatar: Aventureiro
10128	T6_GENERAL_FAMEBUFF	Scroll of Fame	Pergaminho de Fama
10129	T8_GVGSEASONREWARD_FAMEBUFF	Elder's Knight's Vow	Voto do Cavaleiro Ancião
10130	T7_GVGSEASONREWARD_FAMEBUFF	Grandmaster's Knight's Vow	Voto do Cavaleiro Grão-mestre
10131	T6_GVGSEASONREWARD_FAMEBUFF	Master's Knight's Vow	Voto do Cavaleiro Mestre
10132	T5_GVGSEASONREWARD_FAMEBUFF	Expert's Knight's Vow	Voto do Cavaleiro Perito
10133	T4_GVGSEASONREWARD_FAMEBUFF	Adept's Knight's Vow	Voto do Cavaleiro Adepto
10134	T8_GVGSEASONREWARD_FAMEBUFF_SHORT		
10135	T7_GVGSEASONREWARD_FAMEBUFF_SHORT		
10136	T6_GVGSEASONREWARD_FAMEBUFF_SHORT		
10137	T5_GVGSEASONREWARD_FAMEBUFF_SHORT		
10138	T4_GVGSEASONREWARD_FAMEBUFF_SHORT		
10139	UNIQUE_LOOTCHEST_FACTIONCAMPAIGN_REWARD_NEUTRAL		
10140	UNIQUE_LOOTCHEST_FACTIONCAMPAIGN_REWARD_SWAMP_01	Iron Campaign Chest: Thetford	Baú de Campanha de Ferro: Thetford
10141	UNIQUE_LOOTCHEST_FACTIONCAMPAIGN_REWARD_SWAMP_02	Bronze Campaign Chest: Thetford	Baú de Campanha de Bronze: Thetford
10142	UNIQUE_LOOTCHEST_FACTIONCAMPAIGN_REWARD_SWAMP_03	Silver Campaign Chest: Thetford	Baú de Campanha de Prata: Thetford
10143	UNIQUE_LOOTCHEST_FACTIONCAMPAIGN_REWARD_SWAMP_04	Gold Campaign Chest: Thetford	Baú de Campanha de Ouro: Thetford
10144	UNIQUE_LOOTCHEST_FACTIONCAMPAIGN_REWARD_MOUNTAIN_01	Iron Campaign Chest: Fort Sterling	Baú de Campanha de Ferro: Fort Sterling
10145	UNIQUE_LOOTCHEST_FACTIONCAMPAIGN_REWARD_MOUNTAIN_02	Bronze Campaign Chest: Fort Sterling	Baú de Campanha de Bronze: Fort Sterling
10146	UNIQUE_LOOTCHEST_FACTIONCAMPAIGN_REWARD_MOUNTAIN_03	Silver Campaign Chest: Fort Sterling	Baú de Campanha de Prata: Fort Sterling
10147	UNIQUE_LOOTCHEST_FACTIONCAMPAIGN_REWARD_MOUNTAIN_04	Gold Campaign Chest: Fort Sterling	Baú de Campanha de Ouro: Fort Sterling
10148	UNIQUE_LOOTCHEST_FACTIONCAMPAIGN_REWARD_FOREST_01	Iron Campaign Chest: Lymhurst	Baú de Campanha de Ferro: Lymhurst
10149	UNIQUE_LOOTCHEST_FACTIONCAMPAIGN_REWARD_FOREST_02	Bronze Campaign Chest: Lymhurst	Baú de Campanha de Bronze: Lymhurst
10150	UNIQUE_LOOTCHEST_FACTIONCAMPAIGN_REWARD_FOREST_03	Silver Campaign Chest: Lymhurst	Baú de Campanha de Prata: Lymhurst
10151	UNIQUE_LOOTCHEST_FACTIONCAMPAIGN_REWARD_FOREST_04	Gold Campaign Chest: Lymhurst	Baú de Campanha de Ouro: Lymhurst
10152	UNIQUE_LOOTCHEST_FACTIONCAMPAIGN_REWARD_STEPPE_01	Iron Campaign Chest: Bridgewatch	Baú de Campanha de Ferro: Bridgewatch
10153	UNIQUE_LOOTCHEST_FACTIONCAMPAIGN_REWARD_STEPPE_02	Bronze Campaign Chest: Bridgewatch	Baú de Campanha de Bronze: Bridgewatch
10154	UNIQUE_LOOTCHEST_FACTIONCAMPAIGN_REWARD_STEPPE_03	Silver Campaign Chest: Bridgewatch	Baú de Campanha de Prata: Bridgewatch
10155	UNIQUE_LOOTCHEST_FACTIONCAMPAIGN_REWARD_STEPPE_04	Gold Campaign Chest: Bridgewatch	Baú de Campanha de Ouro: Bridgewatch
10156	UNIQUE_LOOTCHEST_FACTIONCAMPAIGN_REWARD_HIGHLAND_01	Iron Campaign Chest: Martlock	Baú de Campanha de Ferro: Martlock
10157	UNIQUE_LOOTCHEST_FACTIONCAMPAIGN_REWARD_HIGHLAND_02	Bronze Campaign Chest: Martlock	Baú de Campanha de Bronze: Martlock
10158	UNIQUE_LOOTCHEST_FACTIONCAMPAIGN_REWARD_HIGHLAND_03	Silver Campaign Chest: Martlock	Baú de Campanha de Prata: Martlock
10159	UNIQUE_LOOTCHEST_FACTIONCAMPAIGN_REWARD_HIGHLAND_04	Gold Campaign Chest: Martlock	Baú de Campanha de Ouro: Martlock
10160	UNIQUE_LOOTCHEST_FACTIONCAMPAIGN_REWARD_CAERLEON_01	Iron Campaign Chest: Caerleon	Baú de Campanha de Ferro: Caerleon
10161	UNIQUE_LOOTCHEST_FACTIONCAMPAIGN_REWARD_CAERLEON_02	Bronze Campaign Chest: Caerleon	Baú de Campanha de Bronze: Caerleon
10162	UNIQUE_LOOTCHEST_FACTIONCAMPAIGN_REWARD_CAERLEON_03	Silver Campaign Chest: Caerleon	Baú de Campanha de Prata: Caerleon
10163	UNIQUE_LOOTCHEST_FACTIONCAMPAIGN_REWARD_CAERLEON_04	Gold Campaign Chest: Caerleon	Baú de Campanha de Ouro: Caerleon
10164	UNIQUE_LOOTCHEST_CONQUEROR_WEEKLY_REWARD	Grand Conqueror's Chest	Baú Grande do Conquistador
10165	UNIQUE_LOOTCHEST_CONQUEROR_FAVOR_PURCHASE	Conqueror's Chest	Baú do Conquistador
10166	UNIQUE_LOOTCHEST_CONQUEROR_SEASON_SMALL_IRON_REST_PH		
10167	UNIQUE_LOOTCHEST_CONQUEROR_SEASON_SMALL_BRONZE_REST_PH		
10168	UNIQUE_LOOTCHEST_CONQUEROR_SEASON_SMALL_BRONZE_500_PH		
10169	UNIQUE_LOOTCHEST_CONQUEROR_SEASON_SMALL_BRONZE_250_PH		
10170	UNIQUE_LOOTCHEST_CONQUEROR_SEASON_SMALL_BRONZE_125_PH		
10171	UNIQUE_LOOTCHEST_CONQUEROR_SEASON_SMALL_BRONZE_50_PH		
10172	UNIQUE_LOOTCHEST_CONQUEROR_SEASON_SMALL_SILVER_REST_PH		
10173	UNIQUE_LOOTCHEST_CONQUEROR_SEASON_SMALL_SILVER_150_PH		
10174	UNIQUE_LOOTCHEST_CONQUEROR_SEASON_SMALL_SILVER_75_PH		
10175	UNIQUE_LOOTCHEST_CONQUEROR_SEASON_SMALL_SILVER_25_PH		
10176	UNIQUE_LOOTCHEST_CONQUEROR_SEASON_SMALL_GOLD_REST_PH		
10177	UNIQUE_LOOTCHEST_CONQUEROR_SEASON_SMALL_GOLD_50_PH		
10178	UNIQUE_LOOTCHEST_CONQUEROR_SEASON_SMALL_GOLD_25_PH		
10179	UNIQUE_LOOTCHEST_CONQUEROR_SEASON_SMALL_GOLD_10_PH		
10180	UNIQUE_LOOTCHEST_CONQUEROR_SEASON_SMALL_CRYSTAL_REST_PH		
10181	UNIQUE_LOOTCHEST_CONQUEROR_SEASON_SMALL_CRYSTAL_10_PH		
10182	UNIQUE_LOOTCHEST_CONQUEROR_SEASON_SMALL_CRYSTAL_5_PH		
10183	UNIQUE_LOOTCHEST_CONQUEROR_SEASON_SMALL_CRYSTAL_3_PH		
10184	UNIQUE_LOOTCHEST_CONQUEROR_SEASON_SMALL_CRYSTAL_2_PH		
10185	UNIQUE_LOOTCHEST_CONQUEROR_SEASON_SMALL_CRYSTAL_1_PH		
10186	UNIQUE_LOOTCHEST_CONQUEROR_SEASON_MEDIUM_IRON_REST_PH		
10187	UNIQUE_LOOTCHEST_CONQUEROR_SEASON_MEDIUM_BRONZE_REST_PH		
10188	UNIQUE_LOOTCHEST_CONQUEROR_SEASON_MEDIUM_BRONZE_500_PH		
10189	UNIQUE_LOOTCHEST_CONQUEROR_SEASON_MEDIUM_BRONZE_250_PH		
10190	UNIQUE_LOOTCHEST_CONQUEROR_SEASON_MEDIUM_BRONZE_125_PH		
10191	UNIQUE_LOOTCHEST_CONQUEROR_SEASON_MEDIUM_BRONZE_50_PH		
10192	UNIQUE_LOOTCHEST_CONQUEROR_SEASON_MEDIUM_SILVER_REST_PH		
10193	UNIQUE_LOOTCHEST_CONQUEROR_SEASON_MEDIUM_SILVER_150_PH		
10194	UNIQUE_LOOTCHEST_CONQUEROR_SEASON_MEDIUM_SILVER_75_PH		
10195	UNIQUE_LOOTCHEST_CONQUEROR_SEASON_MEDIUM_SILVER_25_PH		
10196	UNIQUE_LOOTCHEST_CONQUEROR_SEASON_MEDIUM_GOLD_REST_PH		
10197	UNIQUE_LOOTCHEST_CONQUEROR_SEASON_MEDIUM_GOLD_50_PH		
10198	UNIQUE_LOOTCHEST_CONQUEROR_SEASON_MEDIUM_GOLD_25_PH		
10199	UNIQUE_LOOTCHEST_CONQUEROR_SEASON_MEDIUM_GOLD_10_PH		
10200	UNIQUE_LOOTCHEST_CONQUEROR_SEASON_MEDIUM_CRYSTAL_REST_PH		
10201	UNIQUE_LOOTCHEST_CONQUEROR_SEASON_MEDIUM_CRYSTAL_10_PH		
10202	UNIQUE_LOOTCHEST_CONQUEROR_SEASON_MEDIUM_CRYSTAL_5_PH		
10203	UNIQUE_LOOTCHEST_CONQUEROR_SEASON_MEDIUM_CRYSTAL_3_PH		
10204	UNIQUE_LOOTCHEST_CONQUEROR_SEASON_MEDIUM_CRYSTAL_2_PH		
10205	UNIQUE_LOOTCHEST_CONQUEROR_SEASON_MEDIUM_CRYSTAL_1_PH		
10206	UNIQUE_LOOTCHEST_CONQUEROR_SEASON_BIG_IRON_REST_PH		
10207	UNIQUE_LOOTCHEST_CONQUEROR_SEASON_BIG_BRONZE_REST_PH		
10208	UNIQUE_LOOTCHEST_CONQUEROR_SEASON_BIG_BRONZE_500_PH		
10209	UNIQUE_LOOTCHEST_CONQUEROR_SEASON_BIG_BRONZE_250_PH		
10210	UNIQUE_LOOTCHEST_CONQUEROR_SEASON_BIG_BRONZE_125_PH		
10211	UNIQUE_LOOTCHEST_CONQUEROR_SEASON_BIG_BRONZE_50_PH		
10212	UNIQUE_LOOTCHEST_CONQUEROR_SEASON_BIG_SILVER_REST_PH		
10213	UNIQUE_LOOTCHEST_CONQUEROR_SEASON_BIG_SILVER_150_PH		
10214	UNIQUE_LOOTCHEST_CONQUEROR_SEASON_BIG_SILVER_75_PH		
10215	UNIQUE_LOOTCHEST_CONQUEROR_SEASON_BIG_SILVER_25_PH		
10216	UNIQUE_LOOTCHEST_CONQUEROR_SEASON_BIG_GOLD_REST_PH		
10217	UNIQUE_LOOTCHEST_CONQUEROR_SEASON_BIG_GOLD_50_PH		
10218	UNIQUE_LOOTCHEST_CONQUEROR_SEASON_BIG_GOLD_25_PH		
10219	UNIQUE_LOOTCHEST_CONQUEROR_SEASON_BIG_GOLD_10_PH		
10220	UNIQUE_LOOTCHEST_CONQUEROR_SEASON_BIG_CRYSTAL_REST_PH		
10221	UNIQUE_LOOTCHEST_CONQUEROR_SEASON_BIG_CRYSTAL_10_PH		
10222	UNIQUE_LOOTCHEST_CONQUEROR_SEASON_BIG_CRYSTAL_5_PH		
10223	UNIQUE_LOOTCHEST_CONQUEROR_SEASON_BIG_CRYSTAL_3_PH		
10224	UNIQUE_LOOTCHEST_CONQUEROR_SEASON_BIG_CRYSTAL_2_PH		
10225	UNIQUE_LOOTCHEST_CONQUEROR_SEASON_BIG_CRYSTAL_1_PH		
10226	UNIQUE_LOOTCHEST_CONQUEROR_SEASON_SMALL_IRON_REST_S22		
10227	UNIQUE_LOOTCHEST_CONQUEROR_SEASON_SMALL_BRONZE_REST_S22		
10228	UNIQUE_LOOTCHEST_CONQUEROR_SEASON_SMALL_BRONZE_500_S22		
10229	UNIQUE_LOOTCHEST_CONQUEROR_SEASON_SMALL_BRONZE_250_S22		
10230	UNIQUE_LOOTCHEST_CONQUEROR_SEASON_SMALL_BRONZE_125_S22		
10231	UNIQUE_LOOTCHEST_CONQUEROR_SEASON_SMALL_BRONZE_50_S22		
10232	UNIQUE_LOOTCHEST_CONQUEROR_SEASON_SMALL_SILVER_REST_S22		
10233	UNIQUE_LOOTCHEST_CONQUEROR_SEASON_SMALL_SILVER_150_S22		
10234	UNIQUE_LOOTCHEST_CONQUEROR_SEASON_SMALL_SILVER_75_S22		
10235	UNIQUE_LOOTCHEST_CONQUEROR_SEASON_SMALL_SILVER_25_S22		
10236	UNIQUE_LOOTCHEST_CONQUEROR_SEASON_SMALL_GOLD_REST_S22		
10237	UNIQUE_LOOTCHEST_CONQUEROR_SEASON_SMALL_GOLD_50_S22		
10238	UNIQUE_LOOTCHEST_CONQUEROR_SEASON_SMALL_GOLD_25_S22		
10239	UNIQUE_LOOTCHEST_CONQUEROR_SEASON_SMALL_GOLD_10_S22		
10240	UNIQUE_LOOTCHEST_CONQUEROR_SEASON_SMALL_CRYSTAL_REST_S22		
10241	UNIQUE_LOOTCHEST_CONQUEROR_SEASON_SMALL_CRYSTAL_10_S22		
10242	UNIQUE_LOOTCHEST_CONQUEROR_SEASON_SMALL_CRYSTAL_5_S22		
10243	UNIQUE_LOOTCHEST_CONQUEROR_SEASON_SMALL_CRYSTAL_3_S22		
10244	UNIQUE_LOOTCHEST_CONQUEROR_SEASON_SMALL_CRYSTAL_2_S22		
10245	UNIQUE_LOOTCHEST_CONQUEROR_SEASON_SMALL_CRYSTAL_1_S22		
10246	UNIQUE_LOOTCHEST_CONQUEROR_SEASON_MEDIUM_IRON_REST_S22		
10247	UNIQUE_LOOTCHEST_CONQUEROR_SEASON_MEDIUM_BRONZE_REST_S22		
10248	UNIQUE_LOOTCHEST_CONQUEROR_SEASON_MEDIUM_BRONZE_500_S22		
10249	UNIQUE_LOOTCHEST_CONQUEROR_SEASON_MEDIUM_BRONZE_250_S22		
10250	UNIQUE_LOOTCHEST_CONQUEROR_SEASON_MEDIUM_BRONZE_125_S22		
10251	UNIQUE_LOOTCHEST_CONQUEROR_SEASON_MEDIUM_BRONZE_50_S22		
10252	UNIQUE_LOOTCHEST_CONQUEROR_SEASON_MEDIUM_SILVER_REST_S22		
10253	UNIQUE_LOOTCHEST_CONQUEROR_SEASON_MEDIUM_SILVER_150_S22		
10254	UNIQUE_LOOTCHEST_CONQUEROR_SEASON_MEDIUM_SILVER_75_S22		
10255	UNIQUE_LOOTCHEST_CONQUEROR_SEASON_MEDIUM_SILVER_25_S22		
10256	UNIQUE_LOOTCHEST_CONQUEROR_SEASON_MEDIUM_GOLD_REST_S22		
10257	UNIQUE_LOOTCHEST_CONQUEROR_SEASON_MEDIUM_GOLD_50_S22		
10258	UNIQUE_LOOTCHEST_CONQUEROR_SEASON_MEDIUM_GOLD_25_S22		
10259	UNIQUE_LOOTCHEST_CONQUEROR_SEASON_MEDIUM_GOLD_10_S22		
10260	UNIQUE_LOOTCHEST_CONQUEROR_SEASON_MEDIUM_CRYSTAL_REST_S22		
10261	UNIQUE_LOOTCHEST_CONQUEROR_SEASON_MEDIUM_CRYSTAL_10_S22		
10262	UNIQUE_LOOTCHEST_CONQUEROR_SEASON_MEDIUM_CRYSTAL_5_S22		
10263	UNIQUE_LOOTCHEST_CONQUEROR_SEASON_MEDIUM_CRYSTAL_3_S22		
10264	UNIQUE_LOOTCHEST_CONQUEROR_SEASON_MEDIUM_CRYSTAL_2_S22		
10265	UNIQUE_LOOTCHEST_CONQUEROR_SEASON_MEDIUM_CRYSTAL_1_S22		
10266	UNIQUE_LOOTCHEST_CONQUEROR_SEASON_BIG_IRON_REST_S22		
10267	UNIQUE_LOOTCHEST_CONQUEROR_SEASON_BIG_BRONZE_REST_S22		
10268	UNIQUE_LOOTCHEST_CONQUEROR_SEASON_BIG_BRONZE_500_S22		
10269	UNIQUE_LOOTCHEST_CONQUEROR_SEASON_BIG_BRONZE_250_S22		
10270	UNIQUE_LOOTCHEST_CONQUEROR_SEASON_BIG_BRONZE_125_S22		
10271	UNIQUE_LOOTCHEST_CONQUEROR_SEASON_BIG_BRONZE_50_S22		
10272	UNIQUE_LOOTCHEST_CONQUEROR_SEASON_BIG_SILVER_REST_S22		
10273	UNIQUE_LOOTCHEST_CONQUEROR_SEASON_BIG_SILVER_150_S22		
10274	UNIQUE_LOOTCHEST_CONQUEROR_SEASON_BIG_SILVER_75_S22		
10275	UNIQUE_LOOTCHEST_CONQUEROR_SEASON_BIG_SILVER_25_S22		
10276	UNIQUE_LOOTCHEST_CONQUEROR_SEASON_BIG_GOLD_REST_S22		
10277	UNIQUE_LOOTCHEST_CONQUEROR_SEASON_BIG_GOLD_50_S22		
10278	UNIQUE_LOOTCHEST_CONQUEROR_SEASON_BIG_GOLD_25_S22		
10279	UNIQUE_LOOTCHEST_CONQUEROR_SEASON_BIG_GOLD_10_S22		
10280	UNIQUE_LOOTCHEST_CONQUEROR_SEASON_BIG_CRYSTAL_REST_S22		
10281	UNIQUE_LOOTCHEST_CONQUEROR_SEASON_BIG_CRYSTAL_10_S22		
10282	UNIQUE_LOOTCHEST_CONQUEROR_SEASON_BIG_CRYSTAL_5_S22		
10283	UNIQUE_LOOTCHEST_CONQUEROR_SEASON_BIG_CRYSTAL_3_S22		
10284	UNIQUE_LOOTCHEST_CONQUEROR_SEASON_BIG_CRYSTAL_2_S22		
10285	UNIQUE_LOOTCHEST_CONQUEROR_SEASON_BIG_CRYSTAL_1_S22		
10286	UNIQUE_LOOTCHEST_CONQUEROR_SEASON_SMALL_IRON_REST_S23		
10287	UNIQUE_LOOTCHEST_CONQUEROR_SEASON_SMALL_BRONZE_REST_S23		
10288	UNIQUE_LOOTCHEST_CONQUEROR_SEASON_SMALL_BRONZE_500_S23		
10289	UNIQUE_LOOTCHEST_CONQUEROR_SEASON_SMALL_BRONZE_250_S23		
10290	UNIQUE_LOOTCHEST_CONQUEROR_SEASON_SMALL_BRONZE_125_S23		
10291	UNIQUE_LOOTCHEST_CONQUEROR_SEASON_SMALL_BRONZE_50_S23		
10292	UNIQUE_LOOTCHEST_CONQUEROR_SEASON_SMALL_SILVER_REST_S23		
10293	UNIQUE_LOOTCHEST_CONQUEROR_SEASON_SMALL_SILVER_150_S23		
10294	UNIQUE_LOOTCHEST_CONQUEROR_SEASON_SMALL_SILVER_75_S23		
10295	UNIQUE_LOOTCHEST_CONQUEROR_SEASON_SMALL_SILVER_25_S23		
10296	UNIQUE_LOOTCHEST_CONQUEROR_SEASON_SMALL_GOLD_REST_S23		
10297	UNIQUE_LOOTCHEST_CONQUEROR_SEASON_SMALL_GOLD_50_S23		
10298	UNIQUE_LOOTCHEST_CONQUEROR_SEASON_SMALL_GOLD_25_S23		
10299	UNIQUE_LOOTCHEST_CONQUEROR_SEASON_SMALL_GOLD_10_S23		
10300	UNIQUE_LOOTCHEST_CONQUEROR_SEASON_SMALL_CRYSTAL_REST_S23		
10301	UNIQUE_LOOTCHEST_CONQUEROR_SEASON_SMALL_CRYSTAL_10_S23		
10302	UNIQUE_LOOTCHEST_CONQUEROR_SEASON_SMALL_CRYSTAL_5_S23		
10303	UNIQUE_LOOTCHEST_CONQUEROR_SEASON_SMALL_CRYSTAL_3_S23		
10304	UNIQUE_LOOTCHEST_CONQUEROR_SEASON_SMALL_CRYSTAL_2_S23		
10305	UNIQUE_LOOTCHEST_CONQUEROR_SEASON_SMALL_CRYSTAL_1_S23		
10306	UNIQUE_LOOTCHEST_CONQUEROR_SEASON_MEDIUM_IRON_REST_S23		
10307	UNIQUE_LOOTCHEST_CONQUEROR_SEASON_MEDIUM_BRONZE_REST_S23		
10308	UNIQUE_LOOTCHEST_CONQUEROR_SEASON_MEDIUM_BRONZE_500_S23		
10309	UNIQUE_LOOTCHEST_CONQUEROR_SEASON_MEDIUM_BRONZE_250_S23		
10310	UNIQUE_LOOTCHEST_CONQUEROR_SEASON_MEDIUM_BRONZE_125_S23		
10311	UNIQUE_LOOTCHEST_CONQUEROR_SEASON_MEDIUM_BRONZE_50_S23		
10312	UNIQUE_LOOTCHEST_CONQUEROR_SEASON_MEDIUM_SILVER_REST_S23		
10313	UNIQUE_LOOTCHEST_CONQUEROR_SEASON_MEDIUM_SILVER_150_S23		
10314	UNIQUE_LOOTCHEST_CONQUEROR_SEASON_MEDIUM_SILVER_75_S23		
10315	UNIQUE_LOOTCHEST_CONQUEROR_SEASON_MEDIUM_SILVER_25_S23		
10316	UNIQUE_LOOTCHEST_CONQUEROR_SEASON_MEDIUM_GOLD_REST_S23		
10317	UNIQUE_LOOTCHEST_CONQUEROR_SEASON_MEDIUM_GOLD_50_S23		
10318	UNIQUE_LOOTCHEST_CONQUEROR_SEASON_MEDIUM_GOLD_25_S23		
10319	UNIQUE_LOOTCHEST_CONQUEROR_SEASON_MEDIUM_GOLD_10_S23		
10320	UNIQUE_LOOTCHEST_CONQUEROR_SEASON_MEDIUM_CRYSTAL_REST_S23		
10321	UNIQUE_LOOTCHEST_CONQUEROR_SEASON_MEDIUM_CRYSTAL_10_S23		
10322	UNIQUE_LOOTCHEST_CONQUEROR_SEASON_MEDIUM_CRYSTAL_5_S23		
10323	UNIQUE_LOOTCHEST_CONQUEROR_SEASON_MEDIUM_CRYSTAL_3_S23		
10324	UNIQUE_LOOTCHEST_CONQUEROR_SEASON_MEDIUM_CRYSTAL_2_S23		
10325	UNIQUE_LOOTCHEST_CONQUEROR_SEASON_MEDIUM_CRYSTAL_1_S23		
10326	UNIQUE_LOOTCHEST_CONQUEROR_SEASON_BIG_IRON_REST_S23		
10327	UNIQUE_LOOTCHEST_CONQUEROR_SEASON_BIG_BRONZE_REST_S23		
10328	UNIQUE_LOOTCHEST_CONQUEROR_SEASON_BIG_BRONZE_500_S23		
10329	UNIQUE_LOOTCHEST_CONQUEROR_SEASON_BIG_BRONZE_250_S23		
10330	UNIQUE_LOOTCHEST_CONQUEROR_SEASON_BIG_BRONZE_125_S23		
10331	UNIQUE_LOOTCHEST_CONQUEROR_SEASON_BIG_BRONZE_50_S23		
10332	UNIQUE_LOOTCHEST_CONQUEROR_SEASON_BIG_SILVER_REST_S23		
10333	UNIQUE_LOOTCHEST_CONQUEROR_SEASON_BIG_SILVER_150_S23		
10334	UNIQUE_LOOTCHEST_CONQUEROR_SEASON_BIG_SILVER_75_S23		
10335	UNIQUE_LOOTCHEST_CONQUEROR_SEASON_BIG_SILVER_25_S23		
10336	UNIQUE_LOOTCHEST_CONQUEROR_SEASON_BIG_GOLD_REST_S23		
10337	UNIQUE_LOOTCHEST_CONQUEROR_SEASON_BIG_GOLD_50_S23		
10338	UNIQUE_LOOTCHEST_CONQUEROR_SEASON_BIG_GOLD_25_S23		
10339	UNIQUE_LOOTCHEST_CONQUEROR_SEASON_BIG_GOLD_10_S23		
10340	UNIQUE_LOOTCHEST_CONQUEROR_SEASON_BIG_CRYSTAL_REST_S23		
10341	UNIQUE_LOOTCHEST_CONQUEROR_SEASON_BIG_CRYSTAL_10_S23		
10342	UNIQUE_LOOTCHEST_CONQUEROR_SEASON_BIG_CRYSTAL_5_S23		
10343	UNIQUE_LOOTCHEST_CONQUEROR_SEASON_BIG_CRYSTAL_3_S23		
10344	UNIQUE_LOOTCHEST_CONQUEROR_SEASON_BIG_CRYSTAL_2_S23		
10345	UNIQUE_LOOTCHEST_CONQUEROR_SEASON_BIG_CRYSTAL_1_S23		
10346	UNIQUE_LOOTCHEST_CONQUEROR_SEASON_SMALL_IRON_REST_S24		
10347	UNIQUE_LOOTCHEST_CONQUEROR_SEASON_SMALL_BRONZE_REST_S24		
10348	UNIQUE_LOOTCHEST_CONQUEROR_SEASON_SMALL_BRONZE_500_S24		
10349	UNIQUE_LOOTCHEST_CONQUEROR_SEASON_SMALL_BRONZE_250_S24		
10350	UNIQUE_LOOTCHEST_CONQUEROR_SEASON_SMALL_BRONZE_125_S24		
10351	UNIQUE_LOOTCHEST_CONQUEROR_SEASON_SMALL_BRONZE_50_S24		
10352	UNIQUE_LOOTCHEST_CONQUEROR_SEASON_SMALL_SILVER_REST_S24		
10353	UNIQUE_LOOTCHEST_CONQUEROR_SEASON_SMALL_SILVER_150_S24		
10354	UNIQUE_LOOTCHEST_CONQUEROR_SEASON_SMALL_SILVER_75_S24		
10355	UNIQUE_LOOTCHEST_CONQUEROR_SEASON_SMALL_SILVER_25_S24		
10356	UNIQUE_LOOTCHEST_CONQUEROR_SEASON_SMALL_GOLD_REST_S24		
10357	UNIQUE_LOOTCHEST_CONQUEROR_SEASON_SMALL_GOLD_50_S24		
10358	UNIQUE_LOOTCHEST_CONQUEROR_SEASON_SMALL_GOLD_25_S24		
10359	UNIQUE_LOOTCHEST_CONQUEROR_SEASON_SMALL_GOLD_10_S24		
10360	UNIQUE_LOOTCHEST_CONQUEROR_SEASON_SMALL_CRYSTAL_REST_S24		
10361	UNIQUE_LOOTCHEST_CONQUEROR_SEASON_SMALL_CRYSTAL_10_S24		
10362	UNIQUE_LOOTCHEST_CONQUEROR_SEASON_SMALL_CRYSTAL_5_S24		
10363	UNIQUE_LOOTCHEST_CONQUEROR_SEASON_SMALL_CRYSTAL_3_S24		
10364	UNIQUE_LOOTCHEST_CONQUEROR_SEASON_SMALL_CRYSTAL_2_S24		
10365	UNIQUE_LOOTCHEST_CONQUEROR_SEASON_SMALL_CRYSTAL_1_S24		
10366	UNIQUE_LOOTCHEST_CONQUEROR_SEASON_MEDIUM_IRON_REST_S24		
10367	UNIQUE_LOOTCHEST_CONQUEROR_SEASON_MEDIUM_BRONZE_REST_S24		
10368	UNIQUE_LOOTCHEST_CONQUEROR_SEASON_MEDIUM_BRONZE_500_S24		
10369	UNIQUE_LOOTCHEST_CONQUEROR_SEASON_MEDIUM_BRONZE_250_S24		
10370	UNIQUE_LOOTCHEST_CONQUEROR_SEASON_MEDIUM_BRONZE_125_S24		
10371	UNIQUE_LOOTCHEST_CONQUEROR_SEASON_MEDIUM_BRONZE_50_S24		
10372	UNIQUE_LOOTCHEST_CONQUEROR_SEASON_MEDIUM_SILVER_REST_S24		
10373	UNIQUE_LOOTCHEST_CONQUEROR_SEASON_MEDIUM_SILVER_150_S24		
10374	UNIQUE_LOOTCHEST_CONQUEROR_SEASON_MEDIUM_SILVER_75_S24		
10375	UNIQUE_LOOTCHEST_CONQUEROR_SEASON_MEDIUM_SILVER_25_S24		
10376	UNIQUE_LOOTCHEST_CONQUEROR_SEASON_MEDIUM_GOLD_REST_S24		
10377	UNIQUE_LOOTCHEST_CONQUEROR_SEASON_MEDIUM_GOLD_50_S24		
10378	UNIQUE_LOOTCHEST_CONQUEROR_SEASON_MEDIUM_GOLD_25_S24		
10379	UNIQUE_LOOTCHEST_CONQUEROR_SEASON_MEDIUM_GOLD_10_S24		
10380	UNIQUE_LOOTCHEST_CONQUEROR_SEASON_MEDIUM_CRYSTAL_REST_S24		
10381	UNIQUE_LOOTCHEST_CONQUEROR_SEASON_MEDIUM_CRYSTAL_10_S24		
10382	UNIQUE_LOOTCHEST_CONQUEROR_SEASON_MEDIUM_CRYSTAL_5_S24		
10383	UNIQUE_LOOTCHEST_CONQUEROR_SEASON_MEDIUM_CRYSTAL_3_S24		
10384	UNIQUE_LOOTCHEST_CONQUEROR_SEASON_MEDIUM_CRYSTAL_2_S24		
10385	UNIQUE_LOOTCHEST_CONQUEROR_SEASON_MEDIUM_CRYSTAL_1_S24		
10386	UNIQUE_LOOTCHEST_CONQUEROR_SEASON_BIG_IRON_REST_S24		
10387	UNIQUE_LOOTCHEST_CONQUEROR_SEASON_BIG_BRONZE_REST_S24		
10388	UNIQUE_LOOTCHEST_CONQUEROR_SEASON_BIG_BRONZE_500_S24		
10389	UNIQUE_LOOTCHEST_CONQUEROR_SEASON_BIG_BRONZE_250_S24		
10390	UNIQUE_LOOTCHEST_CONQUEROR_SEASON_BIG_BRONZE_125_S24		
10391	UNIQUE_LOOTCHEST_CONQUEROR_SEASON_BIG_BRONZE_50_S24		
10392	UNIQUE_LOOTCHEST_CONQUEROR_SEASON_BIG_SILVER_REST_S24		
10393	UNIQUE_LOOTCHEST_CONQUEROR_SEASON_BIG_SILVER_150_S24		
10394	UNIQUE_LOOTCHEST_CONQUEROR_SEASON_BIG_SILVER_75_S24		
10395	UNIQUE_LOOTCHEST_CONQUEROR_SEASON_BIG_SILVER_25_S24		
10396	UNIQUE_LOOTCHEST_CONQUEROR_SEASON_BIG_GOLD_REST_S24		
10397	UNIQUE_LOOTCHEST_CONQUEROR_SEASON_BIG_GOLD_50_S24		
10398	UNIQUE_LOOTCHEST_CONQUEROR_SEASON_BIG_GOLD_25_S24		
10399	UNIQUE_LOOTCHEST_CONQUEROR_SEASON_BIG_GOLD_10_S24		
10400	UNIQUE_LOOTCHEST_CONQUEROR_SEASON_BIG_CRYSTAL_REST_S24		
10401	UNIQUE_LOOTCHEST_CONQUEROR_SEASON_BIG_CRYSTAL_10_S24		
10402	UNIQUE_LOOTCHEST_CONQUEROR_SEASON_BIG_CRYSTAL_5_S24		
10403	UNIQUE_LOOTCHEST_CONQUEROR_SEASON_BIG_CRYSTAL_3_S24		
10404	UNIQUE_LOOTCHEST_CONQUEROR_SEASON_BIG_CRYSTAL_2_S24		
10405	UNIQUE_LOOTCHEST_CONQUEROR_SEASON_BIG_CRYSTAL_1_S24		
10406	UNIQUE_LOOTCHEST_CONQUEROR_SEASON_SMALL_IRON_REST_S25		
10407	UNIQUE_LOOTCHEST_CONQUEROR_SEASON_SMALL_BRONZE_REST_S25		
10408	UNIQUE_LOOTCHEST_CONQUEROR_SEASON_SMALL_BRONZE_500_S25		
10409	UNIQUE_LOOTCHEST_CONQUEROR_SEASON_SMALL_BRONZE_250_S25		
10410	UNIQUE_LOOTCHEST_CONQUEROR_SEASON_SMALL_BRONZE_125_S25		
10411	UNIQUE_LOOTCHEST_CONQUEROR_SEASON_SMALL_BRONZE_50_S25		
10412	UNIQUE_LOOTCHEST_CONQUEROR_SEASON_SMALL_SILVER_REST_S25		
10413	UNIQUE_LOOTCHEST_CONQUEROR_SEASON_SMALL_SILVER_150_S25		
10414	UNIQUE_LOOTCHEST_CONQUEROR_SEASON_SMALL_SILVER_75_S25		
10415	UNIQUE_LOOTCHEST_CONQUEROR_SEASON_SMALL_SILVER_25_S25		
10416	UNIQUE_LOOTCHEST_CONQUEROR_SEASON_SMALL_GOLD_REST_S25		
10417	UNIQUE_LOOTCHEST_CONQUEROR_SEASON_SMALL_GOLD_50_S25		
10418	UNIQUE_LOOTCHEST_CONQUEROR_SEASON_SMALL_GOLD_25_S25		
10419	UNIQUE_LOOTCHEST_CONQUEROR_SEASON_SMALL_GOLD_10_S25		
10420	UNIQUE_LOOTCHEST_CONQUEROR_SEASON_SMALL_CRYSTAL_REST_S25		
10421	UNIQUE_LOOTCHEST_CONQUEROR_SEASON_SMALL_CRYSTAL_10_S25		
10422	UNIQUE_LOOTCHEST_CONQUEROR_SEASON_SMALL_CRYSTAL_5_S25		
10423	UNIQUE_LOOTCHEST_CONQUEROR_SEASON_SMALL_CRYSTAL_3_S25		
10424	UNIQUE_LOOTCHEST_CONQUEROR_SEASON_SMALL_CRYSTAL_2_S25		
10425	UNIQUE_LOOTCHEST_CONQUEROR_SEASON_SMALL_CRYSTAL_1_S25		
10426	UNIQUE_LOOTCHEST_CONQUEROR_SEASON_MEDIUM_IRON_REST_S25		
10427	UNIQUE_LOOTCHEST_CONQUEROR_SEASON_MEDIUM_BRONZE_REST_S25		
10428	UNIQUE_LOOTCHEST_CONQUEROR_SEASON_MEDIUM_BRONZE_500_S25		
10429	UNIQUE_LOOTCHEST_CONQUEROR_SEASON_MEDIUM_BRONZE_250_S25		
10430	UNIQUE_LOOTCHEST_CONQUEROR_SEASON_MEDIUM_BRONZE_125_S25		
10431	UNIQUE_LOOTCHEST_CONQUEROR_SEASON_MEDIUM_BRONZE_50_S25		
10432	UNIQUE_LOOTCHEST_CONQUEROR_SEASON_MEDIUM_SILVER_REST_S25		
10433	UNIQUE_LOOTCHEST_CONQUEROR_SEASON_MEDIUM_SILVER_150_S25		
10434	UNIQUE_LOOTCHEST_CONQUEROR_SEASON_MEDIUM_SILVER_75_S25		
10435	UNIQUE_LOOTCHEST_CONQUEROR_SEASON_MEDIUM_SILVER_25_S25		
10436	UNIQUE_LOOTCHEST_CONQUEROR_SEASON_MEDIUM_GOLD_REST_S25		
10437	UNIQUE_LOOTCHEST_CONQUEROR_SEASON_MEDIUM_GOLD_50_S25		
10438	UNIQUE_LOOTCHEST_CONQUEROR_SEASON_MEDIUM_GOLD_25_S25		
10439	UNIQUE_LOOTCHEST_CONQUEROR_SEASON_MEDIUM_GOLD_10_S25		
10440	UNIQUE_LOOTCHEST_CONQUEROR_SEASON_MEDIUM_CRYSTAL_REST_S25		
10441	UNIQUE_LOOTCHEST_CONQUEROR_SEASON_MEDIUM_CRYSTAL_10_S25		
10442	UNIQUE_LOOTCHEST_CONQUEROR_SEASON_MEDIUM_CRYSTAL_5_S25		
10443	UNIQUE_LOOTCHEST_CONQUEROR_SEASON_MEDIUM_CRYSTAL_3_S25		
10444	UNIQUE_LOOTCHEST_CONQUEROR_SEASON_MEDIUM_CRYSTAL_2_S25		
10445	UNIQUE_LOOTCHEST_CONQUEROR_SEASON_MEDIUM_CRYSTAL_1_S25		
10446	UNIQUE_LOOTCHEST_CONQUEROR_SEASON_BIG_IRON_REST_S25		
10447	UNIQUE_LOOTCHEST_CONQUEROR_SEASON_BIG_BRONZE_REST_S25		
10448	UNIQUE_LOOTCHEST_CONQUEROR_SEASON_BIG_BRONZE_500_S25		
10449	UNIQUE_LOOTCHEST_CONQUEROR_SEASON_BIG_BRONZE_250_S25		
10450	UNIQUE_LOOTCHEST_CONQUEROR_SEASON_BIG_BRONZE_125_S25		
10451	UNIQUE_LOOTCHEST_CONQUEROR_SEASON_BIG_BRONZE_50_S25		
10452	UNIQUE_LOOTCHEST_CONQUEROR_SEASON_BIG_SILVER_REST_S25		
10453	UNIQUE_LOOTCHEST_CONQUEROR_SEASON_BIG_SILVER_150_S25		
10454	UNIQUE_LOOTCHEST_CONQUEROR_SEASON_BIG_SILVER_75_S25		
10455	UNIQUE_LOOTCHEST_CONQUEROR_SEASON_BIG_SILVER_25_S25		
10456	UNIQUE_LOOTCHEST_CONQUEROR_SEASON_BIG_GOLD_REST_S25		
10457	UNIQUE_LOOTCHEST_CONQUEROR_SEASON_BIG_GOLD_50_S25		
10458	UNIQUE_LOOTCHEST_CONQUEROR_SEASON_BIG_GOLD_25_S25		
10459	UNIQUE_LOOTCHEST_CONQUEROR_SEASON_BIG_GOLD_10_S25		
10460	UNIQUE_LOOTCHEST_CONQUEROR_SEASON_BIG_CRYSTAL_REST_S25		
10461	UNIQUE_LOOTCHEST_CONQUEROR_SEASON_BIG_CRYSTAL_10_S25		
10462	UNIQUE_LOOTCHEST_CONQUEROR_SEASON_BIG_CRYSTAL_5_S25		
10463	UNIQUE_LOOTCHEST_CONQUEROR_SEASON_BIG_CRYSTAL_3_S25		
10464	UNIQUE_LOOTCHEST_CONQUEROR_SEASON_BIG_CRYSTAL_2_S25		
10465	UNIQUE_LOOTCHEST_CONQUEROR_SEASON_BIG_CRYSTAL_1_S25		
10466	UNIQUE_LOOTCHEST_CONQUEROR_SEASON_SMALL_IRON_REST_S26		
10467	UNIQUE_LOOTCHEST_CONQUEROR_SEASON_SMALL_BRONZE_REST_S26		
10468	UNIQUE_LOOTCHEST_CONQUEROR_SEASON_SMALL_BRONZE_500_S26		
10469	UNIQUE_LOOTCHEST_CONQUEROR_SEASON_SMALL_BRONZE_250_S26		
10470	UNIQUE_LOOTCHEST_CONQUEROR_SEASON_SMALL_BRONZE_125_S26		
10471	UNIQUE_LOOTCHEST_CONQUEROR_SEASON_SMALL_BRONZE_50_S26		
10472	UNIQUE_LOOTCHEST_CONQUEROR_SEASON_SMALL_SILVER_REST_S26		
10473	UNIQUE_LOOTCHEST_CONQUEROR_SEASON_SMALL_SILVER_150_S26		
10474	UNIQUE_LOOTCHEST_CONQUEROR_SEASON_SMALL_SILVER_75_S26		
10475	UNIQUE_LOOTCHEST_CONQUEROR_SEASON_SMALL_SILVER_25_S26		
10476	UNIQUE_LOOTCHEST_CONQUEROR_SEASON_SMALL_GOLD_REST_S26		
10477	UNIQUE_LOOTCHEST_CONQUEROR_SEASON_SMALL_GOLD_50_S26		
10478	UNIQUE_LOOTCHEST_CONQUEROR_SEASON_SMALL_GOLD_25_S26		
10479	UNIQUE_LOOTCHEST_CONQUEROR_SEASON_SMALL_GOLD_10_S26		
10480	UNIQUE_LOOTCHEST_CONQUEROR_SEASON_SMALL_CRYSTAL_REST_S26		
10481	UNIQUE_LOOTCHEST_CONQUEROR_SEASON_SMALL_CRYSTAL_10_S26		
10482	UNIQUE_LOOTCHEST_CONQUEROR_SEASON_SMALL_CRYSTAL_5_S26		
10483	UNIQUE_LOOTCHEST_CONQUEROR_SEASON_SMALL_CRYSTAL_3_S26		
10484	UNIQUE_LOOTCHEST_CONQUEROR_SEASON_SMALL_CRYSTAL_2_S26		
10485	UNIQUE_LOOTCHEST_CONQUEROR_SEASON_SMALL_CRYSTAL_1_S26		
10486	UNIQUE_LOOTCHEST_CONQUEROR_SEASON_MEDIUM_IRON_REST_S26		
10487	UNIQUE_LOOTCHEST_CONQUEROR_SEASON_MEDIUM_BRONZE_REST_S26		
10488	UNIQUE_LOOTCHEST_CONQUEROR_SEASON_MEDIUM_BRONZE_500_S26		
10489	UNIQUE_LOOTCHEST_CONQUEROR_SEASON_MEDIUM_BRONZE_250_S26		
10490	UNIQUE_LOOTCHEST_CONQUEROR_SEASON_MEDIUM_BRONZE_125_S26		
10491	UNIQUE_LOOTCHEST_CONQUEROR_SEASON_MEDIUM_BRONZE_50_S26		
10492	UNIQUE_LOOTCHEST_CONQUEROR_SEASON_MEDIUM_SILVER_REST_S26		
10493	UNIQUE_LOOTCHEST_CONQUEROR_SEASON_MEDIUM_SILVER_150_S26		
10494	UNIQUE_LOOTCHEST_CONQUEROR_SEASON_MEDIUM_SILVER_75_S26		
10495	UNIQUE_LOOTCHEST_CONQUEROR_SEASON_MEDIUM_SILVER_25_S26		
10496	UNIQUE_LOOTCHEST_CONQUEROR_SEASON_MEDIUM_GOLD_REST_S26		
10497	UNIQUE_LOOTCHEST_CONQUEROR_SEASON_MEDIUM_GOLD_50_S26		
10498	UNIQUE_LOOTCHEST_CONQUEROR_SEASON_MEDIUM_GOLD_25_S26		
10499	UNIQUE_LOOTCHEST_CONQUEROR_SEASON_MEDIUM_GOLD_10_S26		
10500	UNIQUE_LOOTCHEST_CONQUEROR_SEASON_MEDIUM_CRYSTAL_REST_S26		
10501	UNIQUE_LOOTCHEST_CONQUEROR_SEASON_MEDIUM_CRYSTAL_10_S26		
10502	UNIQUE_LOOTCHEST_CONQUEROR_SEASON_MEDIUM_CRYSTAL_5_S26		
10503	UNIQUE_LOOTCHEST_CONQUEROR_SEASON_MEDIUM_CRYSTAL_3_S26		
10504	UNIQUE_LOOTCHEST_CONQUEROR_SEASON_MEDIUM_CRYSTAL_2_S26		
10505	UNIQUE_LOOTCHEST_CONQUEROR_SEASON_MEDIUM_CRYSTAL_1_S26		
10506	UNIQUE_LOOTCHEST_CONQUEROR_SEASON_BIG_IRON_REST_S26		
10507	UNIQUE_LOOTCHEST_CONQUEROR_SEASON_BIG_BRONZE_REST_S26		
10508	UNIQUE_LOOTCHEST_CONQUEROR_SEASON_BIG_BRONZE_500_S26		
10509	UNIQUE_LOOTCHEST_CONQUEROR_SEASON_BIG_BRONZE_250_S26		
10510	UNIQUE_LOOTCHEST_CONQUEROR_SEASON_BIG_BRONZE_125_S26		
10511	UNIQUE_LOOTCHEST_CONQUEROR_SEASON_BIG_BRONZE_50_S26		
10512	UNIQUE_LOOTCHEST_CONQUEROR_SEASON_BIG_SILVER_REST_S26		
10513	UNIQUE_LOOTCHEST_CONQUEROR_SEASON_BIG_SILVER_150_S26		
10514	UNIQUE_LOOTCHEST_CONQUEROR_SEASON_BIG_SILVER_75_S26		
10515	UNIQUE_LOOTCHEST_CONQUEROR_SEASON_BIG_SILVER_25_S26		
10516	UNIQUE_LOOTCHEST_CONQUEROR_SEASON_BIG_GOLD_REST_S26		
10517	UNIQUE_LOOTCHEST_CONQUEROR_SEASON_BIG_GOLD_50_S26		
10518	UNIQUE_LOOTCHEST_CONQUEROR_SEASON_BIG_GOLD_25_S26		
10519	UNIQUE_LOOTCHEST_CONQUEROR_SEASON_BIG_GOLD_10_S26		
10520	UNIQUE_LOOTCHEST_CONQUEROR_SEASON_BIG_CRYSTAL_REST_S26		
10521	UNIQUE_LOOTCHEST_CONQUEROR_SEASON_BIG_CRYSTAL_10_S26		
10522	UNIQUE_LOOTCHEST_CONQUEROR_SEASON_BIG_CRYSTAL_5_S26		
10523	UNIQUE_LOOTCHEST_CONQUEROR_SEASON_BIG_CRYSTAL_3_S26		
10524	UNIQUE_LOOTCHEST_CONQUEROR_SEASON_BIG_CRYSTAL_2_S26		
10525	UNIQUE_LOOTCHEST_CONQUEROR_SEASON_BIG_CRYSTAL_1_S26		
10526	UNIQUE_LOOTCHEST_BATTLEMOUNT_CRYSTAL	Crystal Battle Mount Chest	Baú da Montaria de Batalha de Cristal
10527	UNIQUE_LOOTCHEST_BATTLEMOUNT_GOLD	Gold Battle Mount Chest	Baú da Montaria de Batalha de Ouro
10528	UNIQUE_LOOTCHEST_BATTLEMOUNT_SILVER	Silver Battle Mount Chest	Baú da Montaria de Batalha de Prata
10529	UNIQUE_LOOTCHEST_BATTLEMOUNT_BRONZE	Bronze Battle Mount Chest	Baú da Montaria de Batalha de Bronze
10530	UNIQUE_FURNITUREITEM_GVG_SEASON_09_1ST	1st Place Statue - Season 9	Estátua de 1º lugar - Temporada 9
10531	UNIQUE_FURNITUREITEM_GVG_SEASON_09_2ND	2nd Place Statue - Season 9	Estátua de 2º lugar - Temporada 9
10532	UNIQUE_FURNITUREITEM_GVG_SEASON_09_3RD	3rd Place Statue - Season 9	Estátua de 3º lugar - Temporada 9
10533	UNIQUE_FURNITUREITEM_GVG_SEASON_10_1ST	1st Place Statue - Season 10	Estátua do 1° lugar - Temporada 10
10534	UNIQUE_FURNITUREITEM_GVG_SEASON_10_2ND	2nd Place Statue - Season 10	Estátua do 2° lugar - Temporada 10
10535	UNIQUE_FURNITUREITEM_GVG_SEASON_10_3RD	3rd Place Statue - Season 10	Estátua do 3° lugar - Temporada 10
10536	UNIQUE_FURNITUREITEM_GVG_SEASON_11_1ST	1st Place Statue - Season 11	Estátua de 1º lugar - Temporada 11
10537	UNIQUE_FURNITUREITEM_GVG_SEASON_11_2ND	2nd Place Statue - Season 11	Estátua de 2º lugar - Temporada 11
10538	UNIQUE_FURNITUREITEM_GVG_SEASON_11_3RD	3rd Place Statue - Season 11	Estátua de 3º lugar - Temporada 11
10539	UNIQUE_FURNITUREITEM_GVG_SEASON_12_1ST	1st Place Statue - Season 12	Estátua de 1° lugar - Temporada 12
10540	UNIQUE_FURNITUREITEM_GVG_SEASON_12_2ND	2nd Place Statue - Season 12	Estátua de 2° lugar - Temporada 12
10541	UNIQUE_FURNITUREITEM_GVG_SEASON_12_3RD	3rd Place Statue - Season 12	Estátua de 3° lugar - Temporada 12
10542	UNIQUE_FURNITUREITEM_GVG_SEASON_13_1ST	1st Place Statue - Season 13	Estátua de 1° lugar - Temporada 13
10543	UNIQUE_FURNITUREITEM_GVG_SEASON_13_2ND	2nd Place Statue - Season 13	Estátua de 2° lugar - Temporada 13
10544	UNIQUE_FURNITUREITEM_GVG_SEASON_13_3RD	3rd Place Statue - Season 13	Estátua de 3° lugar - Temporada 13
10545	UNIQUE_FURNITUREITEM_GVG_SEASON_ENERGY_RUSH_1ST	1st Place Statue - Energy Surge Season	Estátua de 1º lugar - Temporada da Onda de Energia
10546	UNIQUE_FURNITUREITEM_GVG_SEASON_ENERGY_RUSH_2ND	2nd Place Statue - Energy Surge Season	Estátua de 2º lugar - Temporada da Onda de Energia
10547	UNIQUE_FURNITUREITEM_GVG_SEASON_ENERGY_RUSH_3RD	3rd Place Statue - Energy Surge Season	Estátua de 3º lugar - Temporada da Onda de Energia
10548	UNIQUE_FURNITUREITEM_GVG_SEASON_14_1ST	1st Place Statue - Season 14	Estátua de 1° lugar - Temporada 14
10549	UNIQUE_FURNITUREITEM_GVG_SEASON_14_2ND	2nd Place Statue - Season 14	Estátua de 2° lugar - Temporada 14
10550	UNIQUE_FURNITUREITEM_GVG_SEASON_14_3RD	3rd Place Statue - Season 14	Estátua de 3° lugar - Temporada 14
10551	UNIQUE_FURNITUREITEM_GVG_SEASON_15_1ST	1st Place Statue - Season 15	Estátua de 1° lugar - Temporada 15
10552	UNIQUE_FURNITUREITEM_GVG_SEASON_15_2ND	2nd Place Statue - Season 15	Estátua de 2° lugar - Temporada 15
10553	UNIQUE_FURNITUREITEM_GVG_SEASON_15_3RD	3rd Place Statue - Season 15	Estátua de 3° lugar - Temporada 15
10554	UNIQUE_FURNITUREITEM_GVG_SEASON_16_1ST	1st Place Statue - Season 16	Estátua de 1° lugar - Temporada 16
10555	UNIQUE_FURNITUREITEM_GVG_SEASON_16_2ND	2nd Place Statue - Season 16	Estátua de 2° lugar - Temporada 16
10556	UNIQUE_FURNITUREITEM_GVG_SEASON_16_3RD	3rd Place Statue - Season 16	Estátua de 3° lugar - Temporada 16
10557	UNIQUE_FURNITUREITEM_GVG_SEASON_17_1ST	1st Place Statue - Season 17	Estátua de 1° lugar - Temporada 17
10558	UNIQUE_FURNITUREITEM_GVG_SEASON_17_2ND	2nd Place Statue - Season 17	Estátua de 2° lugar - Temporada 17
10559	UNIQUE_FURNITUREITEM_GVG_SEASON_17_3RD	3rd Place Statue - Season 17	Estátua de 3° lugar - Temporada 17
10560	UNIQUE_FURNITUREITEM_GVG_SEASON_18_1ST	1st Place Statue - Season 18	Estátua de 1° lugar - Temporada 18
10561	UNIQUE_FURNITUREITEM_GVG_SEASON_18_2ND	2nd Place Statue - Season 18	Estátua de 2° lugar - Temporada 18
10562	UNIQUE_FURNITUREITEM_GVG_SEASON_18_3RD	3rd Place Statue - Season 18	Estátua de 3° lugar - Temporada 18
10563	UNIQUE_AVATARRING_GVGSEASONREWARD_1ST	Avatar Ring: Season 1st Place	Borda de Avatar: 1º lugar na temporada
10564	UNIQUE_AVATARRING_GVGSEASONREWARD_2ND	Avatar Ring: Season 2nd Place	Borda de Avatar: 2º lugar na temporada
10565	UNIQUE_AVATARRING_GVGSEASONREWARD_3RD	Avatar Ring: Season 3rd Place	Borda de Avatar: 3º lugar na temporada
10566	UNIQUE_AVATARRING_GVGSEASONREWARD_CRYSTAL	Avatar Ring Set: Season Crystal Rank	Conjunto de Borda de Avatar: Classificação Cristal na temporada
10567	UNIQUE_AVATARRING_GVGSEASONREWARD_GOLD	Avatar Ring Set: Season Gold Rank	Conjunto de Borda de Avatar: Classificação Ouro na temporada
10568	UNIQUE_AVATARRING_GVGSEASONREWARD_SILVER	Avatar Ring Set: Season Silver Rank	Conjunto de Borda de Avatar: Classificação Prata na temporada
10569	UNIQUE_AVATARRING_GVGSEASONREWARD_BRONZE	Avatar Ring Set: Season Bronze Rank	Conjunto de Borda de Avatar: Classificação Bronze na temporada
10570	UNIQUE_AVATARRING_GVGSEASONREWARD_IRON	Avatar Ring: Season Iron Rank	Conjunto de Borda de Avatar: Classificação Ferro na temporada
10571	UNIQUE_AVATARRING_GVGSEASONREWARD_AVALON_INVASION	Avatar Ring: Avalonian Invasion	Borda de Avatar: Invasão Avaloniana
10572	UNIQUE_AVATARRING_ARENA_CRYSTAL	Avatar Ring: Crystal Arena Crystal Rank	Borda de Avatar: Classificação de Cristal da Arena de Cristal
10573	UNIQUE_AVATARRING_ARENA_GOLD1	Avatar Ring: Crystal Arena Gold Rank	Borda de Avatar: Classificação Ouro da Arena de Cristal
10574	UNIQUE_AVATARRING_ARENA_SILVER1	Avatar Ring: Crystal Arena Silver Rank	Borda de Avatar: Classificação Prata da Arena de Cristal
10575	UNIQUE_AVATARRING_TELLAFRIEND	Avatar Ring: Recruiter	Borda de Avatar: Recrutador
10576	UNIQUE_AVATARRING_ORIGINAL_PLAYER	Avatar Ring: Seasoned Adventurer	Borda de Avatar: Aventureiro Amadurecido
10577	UNIQUE_AVATARRING_BRECILIEN	Avatar Ring: Wanderer in the Mists	Borda de Avatar: Andarilho nas Brumas
10578	UNIQUE_AVATAR_BRECILIEN	Avatar: Wanderer in the Mists	Avatar: Andarilho nas Brumas
10579	UNIQUE_AVATARRING_SMUGGLER	Avatar Ring: Smuggler	Borda de Avatar: Contrabandista
10580	UNIQUE_AVATAR_SMUGGLER	Avatar: Smuggler	Avatar: Contrabandista
10581	UNIQUE_AVATARRING_HELLDUNGEON	Avatar Ring: Doom Slayer	Borda de Avatar: Aniquilador da Perdição
10582	UNIQUE_AVATAR_HELLDUNGEON	Avatar: Doom Slayer	Avatar: Aniquilador da Perdição
10583	UNIQUE_AVATARRING_DRAGON_FACTION	Avatar Ring: Ancient Mystic	Borda de Avatar: Místico Ancestral
10584	UNIQUE_AVATAR_DRAGON_FACTION	Avatar: Ancient Mystic	Avatar: Místico Ancestral
10585	UNIQUE_AVATAR_GVGSEASON_04	Avatar: Guild Season 4	Avatar: Temporada 4 de guildas
10586	UNIQUE_AVATAR_GVGSEASON_05	Avatar: Guild Season 5	Avatar: Temporada de Guildas 5
10587	UNIQUE_AVATAR_GVGSEASON_06	Avatar: Guild Season 6	Avatar: Temporada 6 de guildas
10588	UNIQUE_AVATAR_GVGSEASON_07	Avatar: Guild Season 7	Avatar: Temporada 7 de guildas
10589	UNIQUE_AVATAR_GVGSEASON_AVALON_INVASION	Avatar: Avalonian Invasion	Avatar: Invasão Avaloniana
10590	UNIQUE_AVATAR_GVGSEASON_08	Avatar: Guild Season 8	Avatar: Temporada 8 de guildas
10591	UNIQUE_AVATAR_GVGSEASON_09	Avatar: Guild Season 9	Avatar: Temporada 9 de guildas
10592	UNIQUE_AVATAR_GVGSEASON_10	Avatar: Guild Season 10	Avatar: Temporada 10 de guildas
10593	UNIQUE_AVATAR_GVGSEASON_11	Avatar: Guild Season 11	Avatar: Temporada de Guildas 11
10594	UNIQUE_AVATAR_GVGSEASON_12	Avatar: Guild Season 12	Avatar: Temporada de Guildas 12
10595	UNIQUE_AVATAR_GVGSEASON_13	Avatar: Guild Season 13	Avatar: Temporada de Guildas 13
10596	UNIQUE_AVATAR_GVGSEASON_ENERGY_RUSH_CRYSTAL	Avatar Set: Energy Surge Crystal Rank	Conjunto de Avatar: Rank de Cristal da Onda de Energia
10597	UNIQUE_AVATAR_GVGSEASON_ENERGY_RUSH_GOLD	Avatar Set: Energy Surge Gold Rank	Conjunto de Avatar: Rank de Ouro da Onda de Energia
10598	UNIQUE_AVATAR_GVGSEASON_ENERGY_RUSH_SILVER	Avatar Set: Energy Surge Silver Rank	Conjunto de Avatar: Rank de Prata da Onda de Energia
10599	UNIQUE_AVATAR_GVGSEASON_ENERGY_RUSH_BRONZE	Avatar: Energy Surge Bronze Rank	Avatar: Rank de Bronze da Onda de Energia
10600	UNIQUE_AVATAR_GVGSEASON_14_CRYSTAL	Avatar Set: Season 14 Crystal Rank	Conjunto de Avatar: Classificação de Cristal da Temporada 14
10601	UNIQUE_AVATAR_GVGSEASON_14_GOLD	Avatar Set: Season 14 Gold Rank	Conjunto de Avatar: Classificação de Ouro da Temporada 14
10602	UNIQUE_AVATAR_GVGSEASON_14_SILVER	Avatar Set: Season 14 Silver Rank	Conjunto de Avatar: Classificação de Prata da Temporada 14
10603	UNIQUE_AVATAR_GVGSEASON_14_BRONZE	Avatar: Season 14 Bronze Rank	Avatar: Classificação de Bronze da Temporada 14
10604	UNIQUE_AVATAR_GVGSEASON_15_CRYSTAL	Avatar Set: Season 15 Crystal Rank	Conjunto de Avatar: Classificação de Cristal da Temporada 15
10605	UNIQUE_AVATAR_GVGSEASON_15_GOLD	Avatar Set: Season 15 Gold Rank	Conjunto de Avatar: Classificação de Ouro da Temporada 15
10606	UNIQUE_AVATAR_GVGSEASON_15_SILVER	Avatar Set: Season 15 Silver Rank	Conjunto de Avatar: Classificação de Prata da Temporada 15
10607	UNIQUE_AVATAR_GVGSEASON_15_BRONZE	Avatar: Season 15 Bronze Rank	Avatar: Classificação de Bronze da Temporada 15
10608	UNIQUE_AVATAR_GVGSEASON_16_CRYSTAL	Avatar Set: Season 16 Crystal Rank	Conjunto de Avatar: Classificação de Cristal da Temporada 16
10609	UNIQUE_AVATAR_GVGSEASON_16_GOLD	Avatar Set: Season 16 Gold Rank	Conjunto de Avatar: Classificação de Ouro da Temporada 16
10610	UNIQUE_AVATAR_GVGSEASON_16_SILVER	Avatar Set: Season 16 Silver Rank	Conjunto de Avatar: Classificação de Prata da Temporada 16
10611	UNIQUE_AVATAR_GVGSEASON_16_BRONZE	Avatar: Season 16 Bronze Rank	Avatar: Classificação de Bronze da Temporada 16
10612	UNIQUE_AVATAR_GVGSEASON_17_CRYSTAL	Avatar Set: Season 17 Crystal Rank	Conjunto de Avatar: Classificação de Cristal da Temporada 17
10613	UNIQUE_AVATAR_GVGSEASON_17_GOLD	Avatar Set: Season 17 Gold Rank	Conjunto de Avatar: Classificação de Ouro da Temporada 17
10614	UNIQUE_AVATAR_GVGSEASON_17_SILVER	Avatar Set: Season 17 Silver Rank	Conjunto de Avatar: Classificação de Prata da Temporada 17
10615	UNIQUE_AVATAR_GVGSEASON_17_BRONZE	Avatar: Season 17 Bronze Rank	Avatar: Classificação de Bronze da Temporada 17
10616	UNIQUE_AVATAR_GVGSEASON_18_CRYSTAL	Avatar Set: Season 18 Crystal Rank	Conjunto de Avatar: Classificação de Cristal da Temporada 18
10617	UNIQUE_AVATAR_GVGSEASON_18_GOLD	Avatar Set: Season 18 Gold Rank	Conjunto de Avatar: Classificação de Ouro da Temporada 18
10618	UNIQUE_AVATAR_GVGSEASON_18_SILVER	Avatar Set: Season 18 Silver Rank	Conjunto de Avatar: Classificação de Prata da Temporada 18
10619	UNIQUE_AVATAR_GVGSEASON_18_BRONZE	Avatar: Season 18 Bronze Rank	Avatar: Classificação de Bronze da Temporada 18
10620	UNIQUE_AVATAR_GVGSEASON_19_CRYSTAL	Avatar Set: Crystal Sword Dancer	Avatar: Dançarino de Espadas de Cristal
10621	UNIQUE_AVATAR_GVGSEASON_19_GOLD	Avatar Set: Gold Sword Dancer	Avatar: Dançarino de Espadas de de Ouro
10622	UNIQUE_AVATAR_GVGSEASON_19_SILVER	Avatar Set: Silver Sword Dancer	Avatar: Dançarino de Espadas de Prata
10623	UNIQUE_AVATAR_GVGSEASON_19_BRONZE	Avatar: Bronze Sword Dancer	Avatar: Dançarino de Espadas de Bronze
10624	UNIQUE_AVATAR_GVGSEASON_20_CRYSTAL	Avatar Set: Crystal Conqueror	Conjunto de Avatar: Conquistador de Cristal
10625	UNIQUE_AVATAR_GVGSEASON_20_GOLD	Avatar Set: Gold Conqueror	Conjunto de Avatar: Conquistador de Ouro
10626	UNIQUE_AVATAR_GVGSEASON_20_SILVER	Avatar Set: Silver Conqueror	Conjunto de Avatar: Conquistador de Prata
10627	UNIQUE_AVATAR_GVGSEASON_20_BRONZE	Avatar: Bronze Conqueror	Avatar: Conquistador de Bronze
10628	UNIQUE_AVATAR_GVGSEASON_21_CRYSTAL	Avatar Set: Crystal Pyromancer	Conjunto de Avatar: Piromante de Cristal
10629	UNIQUE_AVATAR_GVGSEASON_21_GOLD	Avatar Set: Gold Pyromancer	Conjunto de Avatar: Piromante de Ouro
10630	UNIQUE_AVATAR_GVGSEASON_21_SILVER	Avatar Set: Silver Pyromancer	Conjunto de Avatar: Piromante de Prata
10631	UNIQUE_AVATAR_GVGSEASON_21_BRONZE	Avatar: Bronze Pyromancer	Avatar: Piromante de Bronze
10632	UNIQUE_AVATAR_GVGSEASON_22_CRYSTAL	Avatar Set: Crystal Sharpshooter	Conjunto de Avatar: Franco-atirador de Elite de Cristal
10633	UNIQUE_AVATAR_GVGSEASON_22_GOLD	Avatar Set: Gold Sharpshooter	Conjunto de Avatar: Franco-atirador de Elite de Ouro
10634	UNIQUE_AVATAR_GVGSEASON_22_SILVER	Avatar Set: Silver Sharpshooter	Conjunto de Avatar: Franco-atirador de Elite de Prata
10635	UNIQUE_AVATAR_GVGSEASON_22_BRONZE	Avatar: Bronze Sharpshooter	Avatar: Franco-atirador de Elite de Bronze
10636	UNIQUE_AVATAR_GVGSEASON_23_CRYSTAL	Avatar: Crystal Guardian	Avatar: Guardião de Cristal
10637	UNIQUE_AVATAR_GVGSEASON_23_GOLD	Avatar: Gold Guardian	Avatar: Guardião de Ouro
10638	UNIQUE_AVATAR_GVGSEASON_23_SILVER	Avatar: Silver Guardian	Avatar: Guardião de Prata
10639	UNIQUE_AVATAR_GVGSEASON_23_BRONZE	Avatar: Bronze Guardian	Avatar: Guardião de Bronze
10640	UNIQUE_AVATAR_GVGSEASON_24_CRYSTAL	Avatar: Crystal Dread Knight	Avatar: Cavaleiro Temível de Cristal
10641	UNIQUE_AVATAR_GVGSEASON_24_GOLD	Avatar: Gold Dread Knight	Avatar: Cavaleiro Temível de Ouro
10642	UNIQUE_AVATAR_GVGSEASON_24_SILVER	Avatar: Silver Dread Knight	Avatar: Cavaleiro Temível de Prata
10643	UNIQUE_AVATAR_GVGSEASON_24_BRONZE	Avatar: Bronze Dread Knight	Avatar: Cavaleiro Temível de Bronze
10644	UNIQUE_AVATAR_GVGSEASON_25_CRYSTAL	Avatar: Crystal Arcanist	Avatar: Arcanista de Cristal
10645	UNIQUE_AVATAR_GVGSEASON_25_GOLD	Avatar: Gold Arcanist	Avatar: Arcanista de Ouro
10646	UNIQUE_AVATAR_GVGSEASON_25_SILVER	Avatar: Silver Arcanist	Avatar: Arcanista de Prata
10647	UNIQUE_AVATAR_GVGSEASON_25_BRONZE	Avatar: Bronze Arcanist	Avatar: Arcanista de Bronze
10648	UNIQUE_AVATAR_GVGSEASON_26_CRYSTAL	Avatar Set: Crystal Fencer	Conjunto de Avatar: Esgrimista de Cristal
10649	UNIQUE_AVATAR_GVGSEASON_26_GOLD	Avatar Set: Gold Fencer	Conjunto de Avatar: Esgrimista de Ouro
10650	UNIQUE_AVATAR_GVGSEASON_26_SILVER	Avatar Set: Silver Fencer	Conjunto de Avatar: Esgrimista de Prata
10651	UNIQUE_AVATAR_GVGSEASON_26_BRONZE	Avatar: Bronze Fencer	Avatar: Esgrimista de Bronze
10652	UNIQUE_AVATAR_GVGSEASON_27_CRYSTAL	Avatar: Crystal Miner	Avatar: Minerador de Cristal
10653	UNIQUE_AVATAR_GVGSEASON_27_GOLD	Avatar: Gold Miner	Avatar: Minerador de Ouro
10654	UNIQUE_AVATAR_GVGSEASON_27_SILVER	Avatar: Silver Miner	Avatar: Minerador de Prata
10655	UNIQUE_AVATAR_GVGSEASON_27_BRONZE	Avatar: Bronze Miner	Avatar: Minerador de Bronze
10656	UNIQUE_AVATAR_GVGSEASON_28_CRYSTAL	Avatar: Crystal Fisher	Avatar: Pescador de Cristal
10657	UNIQUE_AVATAR_GVGSEASON_28_GOLD	Avatar: Gold Fisher	Avatar: Pescador de Ouro
10658	UNIQUE_AVATAR_GVGSEASON_28_SILVER	Avatar: Silver Fisher	Avatar: Pescador de Prata
10659	UNIQUE_AVATAR_GVGSEASON_28_BRONZE	Avatar: Bronze Fisher	Avatar: Pescador de Bronze
10660	UNIQUE_AVATAR_GVGSEASON_29_CRYSTAL	Avatar: Crystal Hunter	Avatar: Caçador de Cristal
10661	UNIQUE_AVATAR_GVGSEASON_29_GOLD	Avatar: Gold Hunter	Avatar: Caçador de Ouro
10662	UNIQUE_AVATAR_GVGSEASON_29_SILVER	Avatar: Silver Hunter	Avatar: Caçador de Prata
10663	UNIQUE_AVATAR_GVGSEASON_29_BRONZE	Avatar: Bronze Hunter	Avatar: Caçador de Bronze
10664	UNIQUE_AVATAR_GVGSEASON_30_CRYSTAL	Avatar: Crystal Harvester	Avatar: Ceifeiro de Cristal
10665	UNIQUE_AVATAR_GVGSEASON_30_SILVER	Avatar: Silver Harvester	Avatar: Ceifeiro de Prata
10666	UNIQUE_AVATAR_GVGSEASON_31_CRYSTAL	Avatar: Crystal Lumberjack	Avatar: Lenhador de Cristal
10667	UNIQUE_AVATAR_GVGSEASON_31_SILVER	Avatar: Silver Lumberjack	Avatar: Lenhador de Prata
10668	UNIQUE_AVATAR_GVGSEASON_32_CRYSTAL	Avatar: Crystal War Champion	Avatar: Campeão de Guerra de Cristal
10669	UNIQUE_AVATAR_GVGSEASON_32_SILVER	Avatar: Silver War Champion	Avatar: Campeão de Guerra de Prata
10670	UNIQUE_AVATAR_GVGSEASON_33_CRYSTAL	Avatar: Crystal Marked Warrior	Avatar: Guerreiro Marcado a Cristal
10671	UNIQUE_AVATAR_GVGSEASON_33_SILVER	Avatar: Silver Marked Warrior	Avatar: Guerreiro Marcado a Prata
10672	UNIQUE_AVATAR_GVGSEASON_34_CRYSTAL	Avatar: Crystal Flameward	Avatar: Guarda-chamas de Cristal
10673	UNIQUE_AVATAR_GVGSEASON_34_SILVER	Avatar: Silver Flameward	Avatar: Guarda-chamas de Prata
10674	UNIQUE_AVATAR_GVGSEASON_35_CRYSTAL		
10675	UNIQUE_AVATAR_GVGSEASON_35_SILVER		
10676	UNIQUE_AVATAR_GVGSEASON_14_CRYSTAL_SINGLE	Crystal Avatar - Season 14	Avatar de Cristal - Temporada 14
10677	UNIQUE_AVATAR_GVGSEASON_14_GOLD_SINGLE	Gold Avatar - Season 14	Avatar de Ouro - Temporada 14
10678	UNIQUE_AVATAR_GVGSEASON_14_SILVER_SINGLE	Silver Avatar - Season 14	Avatar de Prata - Temporada 14
10679	UNIQUE_AVATAR_GVGSEASON_14_BRONZE_SINGLE	Bronze Avatar - Season 14	Avatar de Bronze - Temporada 14
10680	UNIQUE_AVATAR_GVGSEASON_15_CRYSTAL_SINGLE	Crystal Avatar - Season 15	Avatar de Cristal - Temporada 15
10681	UNIQUE_AVATAR_GVGSEASON_15_GOLD_SINGLE	Gold Avatar - Season 15	Avatar de Ouro - Temporada 15
10682	UNIQUE_AVATAR_GVGSEASON_15_SILVER_SINGLE	Silver Avatar - Season 15	Avatar de Prata - Temporada 15
10683	UNIQUE_AVATAR_GVGSEASON_15_BRONZE_SINGLE	Bronze Avatar - Season 15	Avatar de Bronze - Temporada 15
10684	UNIQUE_AVATAR_GVGSEASON_16_CRYSTAL_SINGLE	Crystal Avatar - Season 16	Avatar de Cristal - Temporada 16
10685	UNIQUE_AVATAR_GVGSEASON_16_GOLD_SINGLE	Gold Avatar - Season 16	Avatar de Ouro - Temporada 16
10686	UNIQUE_AVATAR_GVGSEASON_16_SILVER_SINGLE	Silver Avatar - Season 16	Avatar de Prata - Temporada 16
10687	UNIQUE_AVATAR_GVGSEASON_16_BRONZE_SINGLE	Bronze Avatar - Season 16	Avatar de Bronze - Temporada 16
10688	UNIQUE_AVATAR_GVGSEASON_17_CRYSTAL_SINGLE	Crystal Avatar - Season 17	Avatar de Cristal - Temporada 17
10689	UNIQUE_AVATAR_GVGSEASON_17_GOLD_SINGLE	Gold Avatar - Season 17	Avatar de Ouro - Temporada 17
10690	UNIQUE_AVATAR_GVGSEASON_17_SILVER_SINGLE	Silver Avatar - Season 17	Avatar de Prata - Temporada 17
10691	UNIQUE_AVATAR_GVGSEASON_17_BRONZE_SINGLE	Bronze Avatar - Season 17	Avatar de Bronze - Temporada 17
10692	UNIQUE_AVATAR_GVGSEASON_18_CRYSTAL_SINGLE	Crystal Avatar - Season 18	Avatar de Cristal - Temporada 18
10693	UNIQUE_AVATAR_GVGSEASON_18_GOLD_SINGLE	Gold Avatar - Season 18	Avatar de Ouro - Temporada 18
10694	UNIQUE_AVATAR_GVGSEASON_18_SILVER_SINGLE	Silver Avatar - Season 18	Avatar de Prata - Temporada 18
10695	UNIQUE_AVATAR_GVGSEASON_18_BRONZE_SINGLE	Bronze Avatar - Season 18	Avatar de Bronze - Temporada 18
10696	UNIQUE_AVATAR_GVGSEASON_19_CRYSTAL_SINGLE	Crystal Avatar - Season 19	Avatar de Cristal - Temporada 19
10697	UNIQUE_AVATAR_GVGSEASON_19_GOLD_SINGLE	Gold Avatar - Season 19	Avatar de Ouro - Temporada 19
10698	UNIQUE_AVATAR_GVGSEASON_19_SILVER_SINGLE	Silver Avatar - Season 19	Avatar de Prata - Temporada 19
10699	UNIQUE_AVATAR_GVGSEASON_19_BRONZE_SINGLE	Bronze Avatar - Season 19	Avatar de Bronze - Temporada 19
10700	UNIQUE_AVATAR_GVGSEASON_20_CRYSTAL_SINGLE	Crystal Avatar - Season 20	Avatar de Cristal - Temporada 20
10701	UNIQUE_AVATAR_GVGSEASON_20_GOLD_SINGLE	Gold Avatar - Season 20	Avatar de Ouro - Temporada 20
10702	UNIQUE_AVATAR_GVGSEASON_20_SILVER_SINGLE	Silver Avatar - Season 20	Avatar de Prata - Temporada 20
10703	UNIQUE_AVATAR_GVGSEASON_20_BRONZE_SINGLE	Bronze Avatar - Season 20	Avatar de Bronze - Temporada 20
10704	UNIQUE_AVATAR_GVGSEASON_21_CRYSTAL_SINGLE	Crystal Avatar - Season 21	Avatar de Cristal - Temporada 21
10705	UNIQUE_AVATAR_GVGSEASON_21_GOLD_SINGLE	Gold Avatar - Season 21	Avatar de Ouro - Temporada 21
10706	UNIQUE_AVATAR_GVGSEASON_21_SILVER_SINGLE	Silver Avatar - Season 21	Avatar de Prata - Temporada 21
10707	UNIQUE_AVATAR_GVGSEASON_21_BRONZE_SINGLE	Bronze Avatar - Season 21	Avatar de Bronze - Temporada 21
10708	UNIQUE_AVATAR_GVGSEASON_22_CRYSTAL_SINGLE	Crystal Avatar - Season 22	Avatar de Cristal - Temporada 22
10709	UNIQUE_AVATAR_GVGSEASON_22_GOLD_SINGLE	Gold Avatar - Season 22	Avatar de Ouro - Temporada 22
10710	UNIQUE_AVATAR_GVGSEASON_22_SILVER_SINGLE	Silver Avatar - Season 22	Avatar de Prata - Temporada 22
10711	UNIQUE_AVATAR_GVGSEASON_22_BRONZE_SINGLE	Bronze Avatar - Season 22	Avatar de Bronze - Temporada 22
10712	UNIQUE_AVATAR_GVGSEASON_23_CRYSTAL_SINGLE	Crystal Avatar - Season 23	Avatar de Cristal - Temporada 23
10713	UNIQUE_AVATAR_GVGSEASON_23_GOLD_SINGLE	Gold Avatar - Season 23	Avatar de Ouro - Temporada 23
10714	UNIQUE_AVATAR_GVGSEASON_23_SILVER_SINGLE	Silver Avatar - Season 23	Avatar de Prata - Temporada 23
10715	UNIQUE_AVATAR_GVGSEASON_23_BRONZE_SINGLE	Bronze Avatar - Season 23	Avatar de Bronze - Temporada 23
10716	UNIQUE_AVATAR_GVGSEASON_24_CRYSTAL_SINGLE	Crystal Avatar - Season 24	Avatar de Cristal - Temporada 24
10717	UNIQUE_AVATAR_GVGSEASON_24_GOLD_SINGLE	Gold Avatar - Season 24	Avatar de Ouro - Temporada 24
10718	UNIQUE_AVATAR_GVGSEASON_24_SILVER_SINGLE	Silver Avatar - Season 24	Avatar de Prata - Temporada 24
10719	UNIQUE_AVATAR_GVGSEASON_24_BRONZE_SINGLE	Bronze Avatar - Season 24	Avatar de Bronze - Temporada 24
10720	UNIQUE_AVATAR_GVGSEASON_25_CRYSTAL_SINGLE	Crystal Avatar - Season 25	Avatar de Cristal - Temporada 25
10721	UNIQUE_AVATAR_GVGSEASON_25_GOLD_SINGLE	Gold Avatar - Season 25	Avatar de Ouro - Temporada 25
10722	UNIQUE_AVATAR_GVGSEASON_25_SILVER_SINGLE	Silver Avatar - Season 25	Avatar de Prata - Temporada 25
10723	UNIQUE_AVATAR_GVGSEASON_25_BRONZE_SINGLE	Bronze Avatar - Season 25	Avatar de Bronze - Temporada 25
10724	UNIQUE_AVATAR_GVGSEASON_26_CRYSTAL_SINGLE	Crystal Avatar - Season 26	Avatar de Cristal - Temporada 26
10725	UNIQUE_AVATAR_GVGSEASON_26_GOLD_SINGLE	Gold Avatar - Season 26	Avatar de Ouro - Temporada 26
10726	UNIQUE_AVATAR_GVGSEASON_26_SILVER_SINGLE	Silver Avatar - Season 26	Avatar de Prata - Temporada 26
10727	UNIQUE_AVATAR_GVGSEASON_26_BRONZE_SINGLE	Bronze Avatar - Season 26	Avatar de Bronze - Temporada 26
10728	UNIQUE_AVATAR_GVGSEASON_27_CRYSTAL_SINGLE	Crystal Avatar - Season 27	Avatar de Cristal - Temporada 27
10729	UNIQUE_AVATAR_GVGSEASON_27_GOLD_SINGLE	Gold Avatar - Season 27	Avatar de Ouro - Temporada 27
10730	UNIQUE_AVATAR_GVGSEASON_27_SILVER_SINGLE	Silver Avatar - Season 27	Avatar de Prata - Temporada 27
10731	UNIQUE_AVATAR_GVGSEASON_27_BRONZE_SINGLE	Bronze Avatar - Season 27	Avatar de Bronze - Temporada 27
10732	UNIQUE_AVATAR_GVGSEASON_28_CRYSTAL_SINGLE	Crystal Avatar - Season 28	Avatar de Cristal - Temporada 28
10733	UNIQUE_AVATAR_GVGSEASON_28_GOLD_SINGLE	Gold Avatar - Season 28	Avatar de Ouro - Temporada 28
10734	UNIQUE_AVATAR_GVGSEASON_28_SILVER_SINGLE	Silver Avatar - Season 28	Avatar de Prata - Temporada 28
10735	UNIQUE_AVATAR_GVGSEASON_28_BRONZE_SINGLE	Bronze Avatar - Season 28	Avatar de Bronze - Temporada 28
10736	UNIQUE_AVATAR_GVGSEASON_29_CRYSTAL_SINGLE	Crystal Avatar - Season 29	Avatar de Cristal - Temporada 29
10737	UNIQUE_AVATAR_GVGSEASON_29_GOLD_SINGLE	Gold Avatar - Season 29	Avatar de Ouro - Temporada 29
10738	UNIQUE_AVATAR_GVGSEASON_29_SILVER_SINGLE	Silver Avatar - Season 29	Avatar de Prata - Temporada 29
10739	UNIQUE_AVATAR_GVGSEASON_29_BRONZE_SINGLE	Bronze Avatar - Season 29	Avatar de Bronze - Temporada 29
10740	UNIQUE_AVATAR_GVGSEASON_30_CRYSTAL_SINGLE	Crystal Avatar - Season 30	Avatar de Cristal - Temporada 30
10741	UNIQUE_AVATAR_GVGSEASON_30_SILVER_SINGLE	Silver Avatar - Season 30	Avatar de Prata - Temporada 30
10742	UNIQUE_AVATAR_GVGSEASON_31_CRYSTAL_SINGLE	Crystal Avatar - Season 31	Avatar de Cristal - Temporada 31
10743	UNIQUE_AVATAR_GVGSEASON_31_SILVER_SINGLE	Silver Avatar - Season 31	Avatar de Prata - Temporada 31
10744	UNIQUE_AVATAR_GVGSEASON_LEGACY_AVATARS_GOLD		
10745	UNIQUE_AVATAR_GVGSEASON_LEGACY_AVATARS_BRONZE		
10746	UNIQUE_AVATARRING_CRUCIBLE_TOP10	Avatar Ring: Crucible II Warrior	Borda de Avatar: Guerreiro do Crucible II
10747	T5_CORRUPTED_NONLETHAL_MAP	Corrupted Dungeon Map (Hunter)	Mapa de Masmorra Corrompida (Caçador)
10748	T6_CORRUPTED_LETHAL_MAP	Corrupted Dungeon Map (Stalker/Slayer)	Mapa de Masmorra Corrompida (Perseguidor/Matador)
10749	T6_HELLGATE_2V2_LETHAL_1_MAP	Master's Hellgate Ritual (2v2 - Lethal)	Ritual de Hellgate do Mestre (2 vs 2 - Letal)
10750	T7_HELLGATE_5V5_LETHAL_1_MAP	Grandmaster's Hellgate Ritual (5v5 - Lethal)	Ritual de Hellgate do Grão-mestre (5 vs 5 - Letal)
10751	T8_HELLGATE_10V10_LETHAL_1_MAP	Elder's Hellgate Ritual (10v10 - Lethal)	Ritual de Hellgate do Ancião (10 vs 10 - Letal)
10752	T5_HELLGATE_2V2_NON_LETHAL_1_MAP	Expert's Hellgate Ritual (2v2 - Nonlethal)	Ritual de Hellgate do Perito (2 vs 2 - Não letal)
10753	T5_HELLGATE_5V5_NON_LETHAL_1_MAP	Expert's Hellgate Ritual (5v5 - Nonlethal)	Ritual de Hellgate do Perito (5 vs 5 - Não letal)
10754	T5_HELLGATE_10V10_NON_LETHAL_1_MAP	Expert's Hellgate Ritual (10v10 - Nonlethal)	Ritual de Hellgate do Perito(10 vs 10 - Não letal)
10755	T6_RANDOM_DUNGEON_ELITE_TOKEN_1	Master's Dungeon Map (Large Group)	Mapa de Masmorra do Mestre (Grupo grande)
10756	T7_RANDOM_DUNGEON_ELITE_TOKEN_1	Grandmaster's Dungeon Map (Large Group)	Mapa de Masmorra do Grão-mestre (Grupo grande)
10757	T8_RANDOM_DUNGEON_ELITE_TOKEN_1	Elder's Dungeon Map (Large Group)	Mapa de Masmorra do Ancião (Grupo grande)
10758	T6_RANDOM_DUNGEON_ELITE_TOKEN_D1@1		
10759	T7_RANDOM_DUNGEON_ELITE_TOKEN_D1@1		
10760	T8_RANDOM_DUNGEON_ELITE_TOKEN_D1@1		
10761	T6_RANDOM_DUNGEON_ELITE_TOKEN_2@1	Uncommon Master's Dungeon Map (Large Group)	Mapa de Masmorra do Mestre Incomum (Grupo grande)
10762	T7_RANDOM_DUNGEON_ELITE_TOKEN_2@1	Uncommon Grandmaster's Dungeon Map (Large Group)	Mapa de Masmorra do Grão-mestre Incomum (Grupo grande)
10763	T8_RANDOM_DUNGEON_ELITE_TOKEN_2@1	Uncommon Elder's Dungeon Map (Large Group)	Mapa de Masmorra do Ancião Incomum (Grupo grande)
10764	T6_RANDOM_DUNGEON_ELITE_TOKEN_D2@2		
10765	T7_RANDOM_DUNGEON_ELITE_TOKEN_D2@2		
10766	T8_RANDOM_DUNGEON_ELITE_TOKEN_D2@2		
10767	T6_RANDOM_DUNGEON_ELITE_TOKEN_3@2	Rare Master's Dungeon Map (Large Group)	Mapa de Masmorra do Mestre Raro (Grupo grande)
10768	T7_RANDOM_DUNGEON_ELITE_TOKEN_3@2	Rare Grandmaster's Dungeon Map (Large Group)	Mapa de Masmorra do Grão-mestre Raro (Grupo grande)
10769	T8_RANDOM_DUNGEON_ELITE_TOKEN_3@2	Rare Elder's Dungeon Map (Large Group)	Mapa de Masmorra do Ancião Raro (Grupo grande)
10770	T6_RANDOM_DUNGEON_ELITE_TOKEN_D3@3		
10771	T7_RANDOM_DUNGEON_ELITE_TOKEN_D3@3		
10772	T8_RANDOM_DUNGEON_ELITE_TOKEN_D3@3		
10773	T6_RANDOM_DUNGEON_ELITE_TOKEN_4@3	Exceptional Master's Dungeon Map (Large Group)	Mapa de Masmorra do Mestre Excepcional (Grupo grande)
10774	T7_RANDOM_DUNGEON_ELITE_TOKEN_4@3	Exceptional Grandmaster's Dungeon Map (Large Group)	Mapa de Masmorra do Grão-mestre Excepcional (Grupo grande)
10775	T8_RANDOM_DUNGEON_ELITE_TOKEN_4@3	Exceptional Elder's Dungeon Map (Large Group)	Mapa de Masmorra do Ancião Excepcional (Grupo grande)
10776	T6_RANDOM_DUNGEON_ELITE_TOKEN_D4@4		
10777	T7_RANDOM_DUNGEON_ELITE_TOKEN_D4@4		
10778	T8_RANDOM_DUNGEON_ELITE_TOKEN_D4@4		
10779	T2_RANDOM_DUNGEON_SOLO_TOKEN_1		
10780	T3_RANDOM_DUNGEON_SOLO_TOKEN_1	Journeyman's Dungeon Map (Solo)	Mapa de Masmorra do Iniciante (Solo)
10781	T4_RANDOM_DUNGEON_SOLO_TOKEN_1	Adept's Dungeon Map (Solo)	Mapa de Masmorra do Adepto (Solo)
10782	T5_RANDOM_DUNGEON_SOLO_TOKEN_1	Expert's Dungeon Map (Solo)	Mapa de Masmorra do Perito (Solo)
10783	T6_RANDOM_DUNGEON_SOLO_TOKEN_1	Master's Dungeon Map (Solo)	Mapa de Masmorra do Mestre (Solo)
10784	T7_RANDOM_DUNGEON_SOLO_TOKEN_1	Grandmaster's Dungeon Map (Solo)	Mapa de Masmorra do Grão-mestre (Solo)
10785	T8_RANDOM_DUNGEON_SOLO_TOKEN_1	Elder's Dungeon Map (Solo)	Mapa de Masmorra do Ancião (Solo)
10786	T2_RANDOM_DUNGEON_SOLO_TOKEN_D1@1		
10787	T3_RANDOM_DUNGEON_SOLO_TOKEN_D1@1		
10788	T4_RANDOM_DUNGEON_SOLO_TOKEN_D1@1		
10789	T5_RANDOM_DUNGEON_SOLO_TOKEN_D1@1		
10790	T6_RANDOM_DUNGEON_SOLO_TOKEN_D1@1		
10791	T7_RANDOM_DUNGEON_SOLO_TOKEN_D1@1		
10792	T8_RANDOM_DUNGEON_SOLO_TOKEN_D1@1		
10793	T4_RANDOM_DUNGEON_SOLO_TOKEN_2@1	Uncommon Adept's Dungeon Map (Solo)	Mapa de Masmorra Incomum do Adepto (Solo)
10794	T5_RANDOM_DUNGEON_SOLO_TOKEN_2@1	Uncommon Expert's Dungeon Map (Solo)	Mapa de Masmorra Incomum do Perito (Solo)
10795	T6_RANDOM_DUNGEON_SOLO_TOKEN_2@1	Uncommon Master's Dungeon Map (Solo)	Mapa de Masmorra Incomum do Mestre (Solo)
10796	T7_RANDOM_DUNGEON_SOLO_TOKEN_2@1	Uncommon Grandmaster's Dungeon Map (Solo)	Mapa de Masmorra Incomum do Grão-mestre (Solo)
10797	T8_RANDOM_DUNGEON_SOLO_TOKEN_2@1	Uncommon Elder's Dungeon Map (Solo)	Mapa de Masmorra Incomum do Ancião (Solo)
10798	T4_RANDOM_DUNGEON_SOLO_TOKEN_D2@2		
10799	T5_RANDOM_DUNGEON_SOLO_TOKEN_D2@2		
10800	T6_RANDOM_DUNGEON_SOLO_TOKEN_D2@2		
10801	T7_RANDOM_DUNGEON_SOLO_TOKEN_D2@2		
10802	T8_RANDOM_DUNGEON_SOLO_TOKEN_D2@2		
10803	T4_RANDOM_DUNGEON_SOLO_TOKEN_3@2	Rare Adept's Dungeon Map (Solo)	Mapa de Masmorra Raro do Adepto (Solo)
10804	T5_RANDOM_DUNGEON_SOLO_TOKEN_3@2	Rare Expert's Dungeon Map (Solo)	Mapa de Masmorra Raro do Perito (Solo)
10805	T6_RANDOM_DUNGEON_SOLO_TOKEN_3@2	Rare Master's Dungeon Map (Solo)	Mapa de Masmorra Raro do Mestre (Solo)
10806	T7_RANDOM_DUNGEON_SOLO_TOKEN_3@2	Rare Grandmaster's Dungeon Map (Solo)	Mapa de Masmorra Raro do Grão-mestre (Solo)
10807	T8_RANDOM_DUNGEON_SOLO_TOKEN_3@2	Rare Elder's Dungeon Map (Solo)	Mapa de Masmorra Raro do Ancião (Solo)
10808	T4_RANDOM_DUNGEON_SOLO_TOKEN_D3@3		
10809	T5_RANDOM_DUNGEON_SOLO_TOKEN_D3@3		
10810	T6_RANDOM_DUNGEON_SOLO_TOKEN_D3@3		
10811	T7_RANDOM_DUNGEON_SOLO_TOKEN_D3@3		
10812	T8_RANDOM_DUNGEON_SOLO_TOKEN_D3@3		
10813	T4_RANDOM_DUNGEON_SOLO_TOKEN_4@3	Exceptional Adept's Dungeon Map (Solo)	Mapa de Masmorra Excepcional do Adepto (Solo)
10814	T5_RANDOM_DUNGEON_SOLO_TOKEN_4@3	Exceptional Expert's Dungeon Map (Solo)	Mapa de Masmorra Excepcional do Perito (Solo)
10815	T6_RANDOM_DUNGEON_SOLO_TOKEN_4@3	Exceptional Master's Dungeon Map (Solo)	Mapa de Masmorra Excepcional do Mestre (Solo)
10816	T7_RANDOM_DUNGEON_SOLO_TOKEN_4@3	Exceptional Grandmaster's Dungeon Map (Solo)	Mapa de Masmorra Excepcional do Grão-mestre (Solo)
10817	T8_RANDOM_DUNGEON_SOLO_TOKEN_4@3	Exceptional Elder's Dungeon Map (Solo)	Mapa de Masmorra Excepcional do Ancião (Solo)
10818	T4_RANDOM_DUNGEON_SOLO_TOKEN_D4@4		
10819	T5_RANDOM_DUNGEON_SOLO_TOKEN_D4@4		
10820	T6_RANDOM_DUNGEON_SOLO_TOKEN_D4@4		
10821	T7_RANDOM_DUNGEON_SOLO_TOKEN_D4@4		
10822	T8_RANDOM_DUNGEON_SOLO_TOKEN_D4@4		
10823	T4_RANDOM_DUNGEON_TOKEN_1	Adept's Dungeon Map (Group)	Mapa de Masmorra do Adepto (Grupo)
10824	T5_RANDOM_DUNGEON_TOKEN_1	Expert's Dungeon Map (Group)	Mapa de Masmorra do Perito (Grupo)
10825	T6_RANDOM_DUNGEON_TOKEN_1	Master's Dungeon Map (Group)	Mapa de Masmorra do Mestre (Grupo)
10826	T7_RANDOM_DUNGEON_TOKEN_1	Grandmaster's Dungeon Map (Group)	Mapa de Masmorra do Grão-mestre (Grupo)
10827	T8_RANDOM_DUNGEON_TOKEN_1	Elder's Dungeon Map (Group)	Mapa de Masmorra do Ancião (Grupo)
10828	T4_RANDOM_DUNGEON_TOKEN_D1@1		
10829	T5_RANDOM_DUNGEON_TOKEN_D1@1		
10830	T6_RANDOM_DUNGEON_TOKEN_D1@1		
10831	T7_RANDOM_DUNGEON_TOKEN_D1@1		
10832	T8_RANDOM_DUNGEON_TOKEN_D1@1		
10833	T4_RANDOM_DUNGEON_TOKEN_2@1	Uncommon Adept's Dungeon Map (Group)	Mapa de Masmorra Incomum do Adepto (Grupo)
10834	T5_RANDOM_DUNGEON_TOKEN_2@1	Uncommon Expert's Dungeon Map (Group)	Mapa de Masmorra Incomum do Perito (Grupo)
10835	T6_RANDOM_DUNGEON_TOKEN_2@1	Uncommon Master's Dungeon Map (Group)	Mapa de Masmorra Incomum do Mestre (Grupo)
10836	T7_RANDOM_DUNGEON_TOKEN_2@1	Uncommon Grandmaster's Dungeon Map (Group)	Mapa de Masmorra Incomum do Grão-mestre (Grupo)
10837	T8_RANDOM_DUNGEON_TOKEN_2@1	Uncommon Elder's Dungeon Map (Group)	Mapa de Masmorra Incomum do Ancião (Grupo)
10838	T4_RANDOM_DUNGEON_TOKEN_D2@2		
10839	T5_RANDOM_DUNGEON_TOKEN_D2@2		
10840	T6_RANDOM_DUNGEON_TOKEN_D2@2		
10841	T7_RANDOM_DUNGEON_TOKEN_D2@2		
10842	T8_RANDOM_DUNGEON_TOKEN_D2@2		
10843	T4_RANDOM_DUNGEON_TOKEN_3@2	Rare Adept's Dungeon Map (Group)	Mapa de Masmorra Raro do Adepto (Grupo)
10844	T5_RANDOM_DUNGEON_TOKEN_3@2	Rare Expert's Dungeon Map (Group)	Mapa de Masmorra Raro do Perito (Grupo)
10845	T6_RANDOM_DUNGEON_TOKEN_3@2	Rare Master's Dungeon Map (Group)	Mapa de Masmorra Raro do Mestre (Grupo)
10846	T7_RANDOM_DUNGEON_TOKEN_3@2	Rare Grandmaster's Dungeon Map (Group)	Mapa de Masmorra Raro do Grão-mestre (Grupo)
10847	T8_RANDOM_DUNGEON_TOKEN_3@2	Rare Elder's Dungeon Map (Group)	Mapa de Masmorra Raro do Ancião (Grupo)
10848	T4_RANDOM_DUNGEON_TOKEN_D3@3		
10849	T5_RANDOM_DUNGEON_TOKEN_D3@3		
10850	T6_RANDOM_DUNGEON_TOKEN_D3@3		
10851	T7_RANDOM_DUNGEON_TOKEN_D3@3		
10852	T8_RANDOM_DUNGEON_TOKEN_D3@3		
10853	T4_RANDOM_DUNGEON_TOKEN_4@3	Exceptional Adept's Dungeon Map (Group)	Mapa de Masmorra Excepcional do Adepto (Grupo)
10854	T5_RANDOM_DUNGEON_TOKEN_4@3	Exceptional Expert's Dungeon Map (Group)	Mapa de Masmorra Excepcional do Perito (Grupo)
10855	T6_RANDOM_DUNGEON_TOKEN_4@3	Exceptional Master's Dungeon Map (Group)	Mapa de Masmorra Excepcional do Mestre (Grupo)
10856	T7_RANDOM_DUNGEON_TOKEN_4@3	Exceptional Grandmaster's Dungeon Map (Group)	Mapa de Masmorra Excepcional do Grão-mestre (Grupo)
10857	T8_RANDOM_DUNGEON_TOKEN_4@3	Exceptional Elder's Dungeon Map (Group)	Mapa de Masmorra Excepcional do Ancião (Grupo)
10858	T4_RANDOM_DUNGEON_TOKEN_D4@4		
10859	T5_RANDOM_DUNGEON_TOKEN_D4@4		
10860	T6_RANDOM_DUNGEON_TOKEN_D4@4		
10861	T7_RANDOM_DUNGEON_TOKEN_D4@4		
10862	T8_RANDOM_DUNGEON_TOKEN_D4@4		
10863	T6_SHARD_RANDOM_DUNGEON_ELITE_DRAGON_TOKEN	Master's Waystone Fragment	Fragmento de Pedra-Guia do Mestre
10864	T7_SHARD_RANDOM_DUNGEON_ELITE_DRAGON_TOKEN	Grandmaster's Waystone Fragment	Fragmento de Pedra-Guia do Grão-mestre
10865	T8_SHARD_RANDOM_DUNGEON_ELITE_DRAGON_TOKEN	Elder's Waystone Fragment	Fragmento de Pedra-Guia do Ancião
10866	T6_RANDOM_DUNGEON_ELITE_DRAGON_TOKEN_D1@1		
10867	T6_RANDOM_DUNGEON_ELITE_DRAGON_TOKEN_D2@2		
10868	T6_RANDOM_DUNGEON_ELITE_DRAGON_TOKEN_D3@3		
10869	T6_RANDOM_DUNGEON_ELITE_DRAGON_TOKEN_D4@4		
10870	T7_RANDOM_DUNGEON_ELITE_DRAGON_TOKEN_D1@1		
10871	T7_RANDOM_DUNGEON_ELITE_DRAGON_TOKEN_D2@2		
10872	T7_RANDOM_DUNGEON_ELITE_DRAGON_TOKEN_D3@3		
10873	T7_RANDOM_DUNGEON_ELITE_DRAGON_TOKEN_D4@4		
10874	T8_RANDOM_DUNGEON_ELITE_DRAGON_TOKEN_D1@1		
10875	T8_RANDOM_DUNGEON_ELITE_DRAGON_TOKEN_D2@2		
10876	T8_RANDOM_DUNGEON_ELITE_DRAGON_TOKEN_D3@3		
10877	T8_RANDOM_DUNGEON_ELITE_DRAGON_TOKEN_D4@4		
10878	SKIN_HORSE_FOUNDER_LEGENDARY	Legendary Explorer's Horse	Cavalo do Explorador Lendário
10879	UNIQUE_UNLOCK_SKIN_HORSE_FOUNDER_LEGENDARY	Riding Horse Skin: Legendary Explorer	Fantasia de Cavalo: Explorador Lendário
10880	SKIN_HORSE_STARTERPACK	Legendary Adventurer's Horse	Cavalo do Aventureiro Lendário
10881	UNIQUE_UNLOCK_SKIN_HORSE_STARTERPACK	Riding Horse Skin: Legendary Adventurer	Fantasia de Cavalo: Aventureiro Lendário
10882	SKIN_HORSE_TELLAFRIEND	Recruiter's Horse	Cavalo do Recrutador
10883	UNIQUE_UNLOCK_SKIN_HORSE_TELLAFRIEND	Riding Horse Skin: Recruiter	Fantasia de Cavalo: Recrutador
10884	SKIN_HORSE_PONY_TELLAFRIEND	Recruiter's Pony	Pônei do Recrutador
10885	UNIQUE_UNLOCK_SKIN_HORSE_PONY_TELLAFRIEND	Riding Horse Skin: Recruiter's Pony	Fantasia de Cavalo: Pônei do Recrutador
10886	SKIN_HORSE_UNDEAD	Bonehorse	Cavalo Amaldiçoado
10887	UNIQUE_UNLOCK_SKIN_HORSE_UNDEAD	Riding Horse Skin: Bonehorse	Fantasia de Cavalo: Cavalo Amaldiçoado
10888	SKIN_HORSE_UNDEAD_HALLOWEEN	Horse Macabre	Cavalo Macabro
10889	UNIQUE_UNLOCK_SKIN_HORSE_UNDEAD_HALLOWEEN	Riding Horse Skin: Horse Macabre	Fantasia de Cavalo: Cavalo Macabro
10890	SKIN_HORSE_BROWN	Brown Mare	Égua Marrom
10891	SKIN_HORSE_KEEPER	Keeper Horse	Cavalo do Protetor
10892	SKIN_HORSE_UNICORN	Nightshade Unicorn	Unicórnio da Noite
10893	SKIN_HORSE_GUILDBANNER	Jousting Horse	Cavalo de Justa
10894	UNIQUE_UNLOCK_SKIN_HORSE_GUILDBANNER	Riding Horse Skin: Jousting Horse	Fantasia de Cavalo: Cavalo de Justa
10895	UNIQUE_UNLOCK_SKIN_HORSE_GUILDBANNER_UNTRADEABLE		
10896	UNIQUE_UNLOCK_SKIN_HORSE_GUILDBANNER_UNTRADEABLE_2025		
10897	SKIN_HORSE_UNICORN_WHITE_TELLAFRIEND	Unicorn	Unicórnio
10898	UNIQUE_UNLOCK_SKIN_HORSE_UNICORN_WHITE_TELLAFRIEND	Riding Horse Skin: Unicorn	Fantasia de Cavalo: Unicórnio
10899	UNIQUE_UNLOCK_SKIN_HORSE_UNICORN_WHITE_TELLAFRIEND_UNTRADEABLE		
10900	UNIQUE_UNLOCK_SKIN_HORSE_UNICORN_WHITE_TELLAFRIEND_UNTRADEABLE_2025		
10901	SKIN_HORSE_JESTER_TELLAFRIEND	Jester Horse	Cavalo Bobo
10902	UNIQUE_UNLOCK_SKIN_HORSE_JESTER_TELLAFRIEND	Riding Horse Skin: Jester Horse	Fantasia de Cavalo: Cavalo Bobo
10903	UNIQUE_UNLOCK_SKIN_HORSE_JESTER_TELLAFRIEND_UNTRADEABLE		
10904	UNIQUE_UNLOCK_SKIN_HORSE_JESTER_TELLAFRIEND_UNTRADEABLE_2026		
10905	SKIN_HORSE_VAMPIRE_TELLAFRIEND	Horsferatu	Cavampiro
10906	UNIQUE_UNLOCK_SKIN_HORSE_VAMPIRE_TELLAFRIEND	Riding Horse Skin: Horsferatu	Fantasia de Cavalo: Cavampiro
10907	UNIQUE_UNLOCK_SKIN_HORSE_VAMPIRE_TELLAFRIEND_UNTRADEABLE		
10908	UNIQUE_UNLOCK_SKIN_HORSE_VAMPIRE_TELLAFRIEND_UNTRADEABLE_2025		
10909	SKIN_HORSE_QUESTING_BEAST	Chimera	Quimera
10910	UNIQUE_UNLOCK_SKIN_HORSE_QUESTING_BEAST	Riding Horse Skin: Chimera	Fantasia de Cavalo: Quimera
10911	SKIN_ARMORED_HORSE_ARENA	Arena Veteran's Armored Horse	Cavalo Blindado do Veterano de Arena
10912	UNIQUE_UNLOCK_SKIN_ARMORED_HORSE_ARENA_COPY	Armored Horse Skin: Arena Veteran	Fantasia de Cavalo Blindado: Veterano de Arena
10913	UNIQUE_UNLOCK_SKIN_ARMORED_HORSE_ARENA	Armored Horse Skin: Arena Veteran	Fantasia de Cavalo Blindado: Veterano de Arena
10914	SKIN_ARMORED_HORSE_MORGANA	Morgana Mare	Égua de Morgana
10915	UNIQUE_UNLOCK_SKIN_ARMORED_HORSE_MORGANA	Armored Horse Skin: Morgana Mare	Fantasia de Cavalo Blindado: Égua de Morgana
10916	SKIN_ARMORED_HORSE_UNDEAD	Armored Bonehorse	Cavalo Amaldiçoado Blindado
10917	UNIQUE_UNLOCK_SKIN_ARMORED_HORSE_UNDEAD	Armored Horse Skin: Armored Bonehorse	Fantasia de Cavalo Blindado: Cavalo Amaldiçoado Blindado
10918	UNIQUE_UNLOCK_SKIN_ARMORED_HORSE_UNDEAD_UNTRADEABLE		
10919	UNIQUE_UNLOCK_SKIN_ARMORED_HORSE_UNDEAD_UNTRADEABLE_2026		
10920	SKIN_ARMORED_HORSE_T5_MOUNT_GUILD	Expert's Heraldic Warhorse	Cavalo de Guerra Heráldico do Perito
10921	SKIN_ARMORED_HORSE_T6_MOUNT_GUILD	Master's Heraldic Warhorse	Cavalo de Guerra Heráldico do Mestre
10922	SKIN_ARMORED_HORSE_T7_MOUNT_GUILD	Grandmaster's Heraldic Warhorse	Cavalo de Guerra Heráldico do Grão-mestre
10923	SKIN_ARMORED_HORSE_T8_MOUNT_GUILD	Elder's Heraldic Warhorse	Cavalo de Guerra Heráldico do Ancião
10924	SKIN_ARMORED_HORSE_PONY_NATIVE_CLIENT	Armored Pony	Pônei Blindado
10925	SKIN_ARMORED_HORSE_GREEN_TELLAFRIEND		
10926	UNIQUE_UNLOCK_SKIN_ARMORED_HORSE_GREEN_TELLAFRIEND		
10927	SKIN_ARMORED_HORSE_HERETIC_PONY_TELLAFRIEND	Heretic Warsteed	Corcel de Guerra Herege
10928	UNIQUE_UNLOCK_SKIN_ARMORED_HORSE_HERETIC_PONY_TELLAFRIEND	Armored Horse Skin: Heretic Warsteed	Fantasia de Cavalo Blindado: Corcel de Guerra Herege
10929	UNIQUE_UNLOCK_SKIN_ARMORED_HORSE_HERETIC_PONY_TELLAFRIEND_UNTRADEABLE		
10930	UNIQUE_UNLOCK_SKIN_ARMORED_HORSE_HERETIC_PONY_TELLAFRIEND_UNTRADEABLE_2026		
10931	SKIN_OX_FOUNDER_LEGENDARY	Legendary Explorer's Ox	Boi do Explorador Lendário
10932	UNIQUE_UNLOCK_SKIN_OX_FOUNDER_LEGENDARY	Transport Ox Skin: Legendary Explorer	Fantasia de Boi de Transporte: Explorador Lendário
10933	SKIN_OX_CART_STARTERPACK	Legendary Adventurer's Cart	Carroça do Aventureiro Lendário
10934	UNIQUE_UNLOCK_SKIN_OX_CART_STARTERPACK	Transport Ox Skin: Legendary Adventurer's Cart	Fantasia de Boi de Transporte: Carroça do Aventureiro Lendário
10935	SKIN_OX_YAK_TELLAFRIEND	Recruiter's Yak	Yak do Recrutador
10936	UNIQUE_UNLOCK_SKIN_OX_YAK_TELLAFRIEND	Transport Ox Skin: Recruiter's Yak	Fantasia de Boi de Transporte: Yak do Recrutador
10937	SKIN_OX_TRANSPORT_RAM_TELLAFRIEND	Recruiter's Bighorn Ram	Carneiro Selvagem do Recrutador
10938	UNIQUE_UNLOCK_SKIN_OX_TRANSPORT_RAM_TELLAFRIEND	Transport Ox Skin: Recruiter's Bighorn Ram	Fantasia de Boi de Transporte: Carneiro Selvagem do Recrutador
10939	SKIN_OX_BLACKMARKET	Black Market Ox	Boi do Mercado Negro
10940	SKIN_OX_BISON_AH	Auction House Ox	Boi da Casa de Leilão
10941	SKIN_OX_BISON_ROYAL	Royal Ox	Boi da Realeza
10942	SKIN_OX_CART_HERETIC	Heretic Cart	Carroça Herege
10943	UNIQUE_UNLOCK_SKIN_OX_CART_HERETIC	Transport Ox Skin: Heretic Cart	Fantasia de Boi de Transporte: Carroça Herege
10944	SKIN_OX_CART_LUXUS_TELLAFRIEND	Luxury Cart	Carroça de Luxo
10945	UNIQUE_UNLOCK_SKIN_OX_CART_LUXUS_TELLAFRIEND	Transport Ox Skin: Luxury Cart	Fantasia de Boi de Transporte: Carroça de Luxo
10946	UNIQUE_UNLOCK_SKIN_OX_CART_LUXUS_TELLAFRIEND_UNTRADEABLE		
10947	UNIQUE_UNLOCK_SKIN_OX_CART_LUXUS_TELLAFRIEND_UNTRADEABLE_2025		
10948	SKIN_OX_FARMER_TELLAFRIEND	Farmer's Ox	Boi de Fazendeiro
10949	UNIQUE_UNLOCK_SKIN_OX_FARMER_TELLAFRIEND	Transport Ox Skin: Farmer's Ox	Fantasia de Boi de Transporte: Boi de Fazendeiro
10950	UNIQUE_UNLOCK_SKIN_OX_FARMER_TELLAFRIEND_UNTRADEABLE		
10951	UNIQUE_UNLOCK_SKIN_OX_FARMER_TELLAFRIEND_UNTRADEABLE_2026		
10952	SKIN_OX_XMAS_YAK_TELLAFRIEND	Yuletide Yak	Iaque de Yule
10953	UNIQUE_UNLOCK_SKIN_OX_XMAS_YAK_TELLAFRIEND	Transport Ox Skin: Yuletide Yak	Fantasia de Boi de Transporte: Iaque de Yule
10954	UNIQUE_UNLOCK_SKIN_OX_XMAS_YAK_TELLAFRIEND_UNTRADEABLE		
10955	SKIN_OX_BETSY_TELLAFRIEND	Ol' Betsy	Vaquinha Velha
10956	UNIQUE_UNLOCK_SKIN_OX_BETSY_TELLAFRIEND	Transport Ox Skin: Ol' Betsy	Fantasia de Boi de Transporte: Vaquinha Velha
10957	UNIQUE_UNLOCK_SKIN_OX_BETSY_TELLAFRIEND_UNTRADEABLE		
10958	UNIQUE_UNLOCK_SKIN_OX_BETSY_TELLAFRIEND_UNTRADEABLE_2026		
10959	SKIN_DIREWOLF_WHITE	Ghostwolf	Lobo-fantasma
10960	UNIQUE_UNLOCK_SKIN_DIREWOLF_WHITE	Direwolf Skin: Ghostwolf	Fantasia de Lobo: Lobo-fantasma
10961	SKIN_DIREWOLF_SPECTER	Specter Wolf	Lobo Espectral
10962	UNIQUE_UNLOCK_SKIN_DIREWOLF_SPECTER	Direwolf Skin: Specter Wolf	Fantasia de Lobo: Lobo Espectral
10963	SKIN_DIREWOLF_GREY_TELLAFRIEND	Recruiter's Grey Wolf	Lobo Cinzento do Recrutador
10964	UNIQUE_UNLOCK_SKIN_DIREWOLF_GREY_TELLAFRIEND	Direwolf Skin: Recruiter's Grey Wolf	Fantasia de Lobo: Lobo Cinzento do Recrutador
10965	SKIN_DIREWOLF_BLOODHOUND_TELLAFRIEND	Recruiter's Rottweiler	Rottweiler do Recrutador
10966	UNIQUE_UNLOCK_SKIN_DIREWOLF_BLOODHOUND_TELLAFRIEND	Direwolf Skin: Recruiter's Rottweiler	Fantasia de Lobo: Rottweiler do Recrutador
10967	SKIN_DIREWOLF_BERNARD_TELLAFRIEND	Recruiter's Saint Bernard	São Bernardo do Recrutador
10968	UNIQUE_UNLOCK_SKIN_DIREWOLF_BERNARD_TELLAFRIEND	Direwolf Skin: Recruiter's Saint Bernard	Fantasia de Lobo: São Bernardo do Recrutador
10969	SKIN_DIREWOLF_HUSKYSLEIGH_TELLAFRIEND	Recruiter's Husky Sled	Trenó de Husky do Recrutador
10970	UNIQUE_UNLOCK_SKIN_DIREWOLF_HUSKYSLEIGH_TELLAFRIEND	Direwolf Skin: Recruiter's Husky Sled	Fantasia de Lobo: Trenó de Husky do Recrutador
10971	SKIN_DIREWOLF_DIREFOX_TELLAFRIEND	Recruiter's Dire Fox	Raposa-Vil do Recrutador
10972	UNIQUE_UNLOCK_SKIN_DIREWOLF_DIREFOX_TELLAFRIEND	Direwolf Skin: Recruiter's Dire Fox	Fantasia de Lobo: Raposa-Vil do Recrutador
10973	SKIN_DIREWOLF_BOBTAIL	Sheepdog	Bobtail
10974	UNIQUE_UNLOCK_SKIN_DIREWOLF_BOBTAIL	Direwolf Skin: Sheepdog	Fantasia de Lobo: Bobtail
10975	UNIQUE_UNLOCK_SKIN_DIREWOLF_BOBTAIL_UNTRADEABLE		
10976	SKIN_DIREWOLF_HYENA_TELLAFRIEND	Ironjaw Hyena	Hiena Blindada
10977	UNIQUE_UNLOCK_SKIN_DIREWOLF_HYENA_TELLAFRIEND	Direwolf Skin: Ironjaw Hyena	Fantasia de Lobo-vil: Hiena Blindada
10978	UNIQUE_UNLOCK_SKIN_DIREWOLF_HYENA_TELLAFRIEND_UNTRADEABLE		
10979	SKIN_DIREWOLF_SHEPHERD_TELLAFRIEND	Shepherd	Pastor
10980	UNIQUE_UNLOCK_SKIN_DIREWOLF_SHEPHERD_TELLAFRIEND	Direwolf Skin: Shepherd	Fantasia de Lobo-vil: Pastor
10981	UNIQUE_UNLOCK_SKIN_DIREWOLF_SHEPHERD_TELLAFRIEND_UNTRADEABLE		
10982	SKIN_DIREWOLF_SNOWFOX_TELLAFRIEND	Snow Fox	Raposa da Neve
10983	UNIQUE_UNLOCK_SKIN_DIREWOLF_SNOWFOX_TELLAFRIEND	Direwolf Skin: Snow Fox	Fantasia de Lobo-vil: Raposa da Neve
10984	UNIQUE_UNLOCK_SKIN_DIREWOLF_SNOWFOX_TELLAFRIEND_UNTRADEABLE		
10985	SKIN_DIREWOLF_XMAS_DIREFOX_TELLAFRIEND		
10986	UNIQUE_UNLOCK_SKIN_DIREWOLF_XMAS_DIREFOX_TELLAFRIEND		
10987	UNIQUE_UNLOCK_SKIN_DIREWOLF_XMAS_DIREFOX_TELLAFRIEND_UNTRADEABLE		
10988	SKIN_DIREWOLF_GVGSEASON_1ST_03	Legendary Guild Season Winner	Vencedor Lendário da Temporada de Guildas
10989	UNIQUE_UNLOCK_SKIN_DIREWOLF_GVGSEASON_1ST_03	Direwolf Skin: Legendary Guild Season Winner	Fantasia de Lobo-vil: Vencedor Lendário da Temporada de Guildas
10990	SKIN_DIREWOLF_GVGSEASON_1ST_02	Epic Guild Season Winner	Vencedor Épico da Temporada de Guildas
10991	UNIQUE_UNLOCK_SKIN_DIREWOLF_GVGSEASON_1ST_02	Direwolf Skin: Epic Guild Season Winner	Fantasia de Lobo-vil: Vencedor Épico da Temporada de Guildas
10992	SKIN_DIREWOLF_GVGSEASON_1ST_01	Guild Season Winner	Vencedor da Temporada de Guildas
10993	UNIQUE_UNLOCK_SKIN_DIREWOLF_GVGSEASON_1ST_01	Direwolf Skin Set: Guild Season Winner	Conjunto de Fantasias de Lobo-vil: Vencedor da Temporada de Guildas
10994	SKIN_DIREWOLF_GVGSEASON_2ND_01	Guild Season 2nd Place	2º Lugar da Temporada de Guildas
10995	UNIQUE_UNLOCK_SKIN_DIREWOLF_GVGSEASON_2ND_01	Direwolf Skin Set: Guild Season 2nd Place	Conjunto de Fantasias de Lobo-vil: 2º Lugar da Temporada de Guildas
10996	SKIN_DIREWOLF_GVGSEASON_3RD_01	Guild Season 3rd Place	3º Lugar da Temporada de Guildas
10997	UNIQUE_UNLOCK_SKIN_DIREWOLF_GVGSEASON_3RD_01	Direwolf Skin: Guild Season 3rd Place	Fantasia de Lobo-vil: 3º Lugar da Temporada de Guildas
10998	SKIN_GIANTSTAG_WHITE	Master's Giant Stag	Veado Gigante do Mestre
10999	UNIQUE_UNLOCK_SKIN_GIANTSTAG_WHITE	Stag Skin: Master's Giant Stag	Fantasia de Veado: Veado Gigante do Mestre
11000	SKIN_GIANTSTAG_TELLAFRIEND	Recruiter's Giant Stag	Veado Gigante do Recrutador
11001	UNIQUE_UNLOCK_SKIN_GIANTSTAG_TELLAFRIEND	Stag Skin: Recruiter's Giant Stag	Fantasia de Veado: Veado Gigante do Recrutador
11002	SKIN_GIANTSTAG_XMAS	Yule Stag	Veado de Yule
11003	UNIQUE_UNLOCK_SKIN_GIANTSTAG_XMAS	Stag Skin: Yule Stag	Fantasia de Veado: Veado de Yule
11004	SKIN_GIANTSTAG_IMPALA_TELLAFRIEND	Recruiter's Impala	Impala do Recrutador
11005	UNIQUE_UNLOCK_SKIN_GIANTSTAG_IMPALA_TELLAFRIEND	Stag Skin: Recruiter's Impala	Fantasia de Veado: Impala do Recrutador
11006	SKIN_GIANTSTAG_DIVINE	Divine Stag	Veado Divino
11007	UNIQUE_UNLOCK_SKIN_GIANTSTAG_DIVINE	Stag Skin: Divine Stag	Fantasia de Veado: Veado Divino
11008	SKIN_GIANTSTAG_ALPACA	Stag Skin: Alpaca	Fantasia de Veado: Alpaca
11009	UNIQUE_UNLOCK_SKIN_GIANTSTAG_ALPACA	Stag Skin: Alpaca	Fantasia de Veado: Alpaca
11010	UNIQUE_UNLOCK_SKIN_GIANTSTAG_ALPACA_UNTRADEABLE		
11011	SKIN_GIANTSTAG_REINDEER_TELLAFRIEND	Festive Reindeer	Rena Festiva
11012	UNIQUE_UNLOCK_SKIN_GIANTSTAG_REINDEER_TELLAFRIEND	Stag Skin: Festive Reindeer	Fantasia de Veado: Rena Festiva
11013	UNIQUE_UNLOCK_SKIN_GIANTSTAG_REINDEER_TELLAFRIEND_UNTRADEABLE		
11014	UNIQUE_UNLOCK_SKIN_GIANTSTAG_REINDEER_TELLAFRIEND_UNTRADEABLE_2025		
11015	SKIN_GIANTSTAG_FAWN_TELLAFRIEND	Summer Fawn	Gamo de Verão
11016	UNIQUE_UNLOCK_SKIN_GIANTSTAG_FAWN_TELLAFRIEND	Stag Skin: Summer Fawn	Fantasia de Veado: Gamo de Verão
11017	UNIQUE_UNLOCK_SKIN_GIANTSTAG_FAWN_TELLAFRIEND_UNTRADEABLE		
11018	UNIQUE_UNLOCK_SKIN_GIANTSTAG_FAWN_TELLAFRIEND_UNTRADEABLE_2025		
11019	SKIN_GIANTSTAG_ICE_MOOSE_TELLAFRIEND	Frost Moose	Alce da Nevasca
11020	UNIQUE_UNLOCK_SKIN_GIANTSTAG_ICE_MOOSE_TELLAFRIEND	Stag Skin: Frost Moose	Fantasia de Veado: Alce da Nevasca
11021	UNIQUE_UNLOCK_SKIN_GIANTSTAG_ICE_MOOSE_TELLAFRIEND_UNTRADEABLE		
11022	UNIQUE_UNLOCK_SKIN_GIANTSTAG_ICE_MOOSE_TELLAFRIEND_UNTRADEABLE_2026		
11023	SKIN_GIANTSTAG_MIST_DEER_TELLAFRIEND	Foglands Doe	Veado das Neblinas
11024	UNIQUE_UNLOCK_SKIN_GIANTSTAG_MIST_DEER_TELLAFRIEND	Stag Skin: Foglands Doe	Fantasia de Veado: Veado das Neblinas
11025	UNIQUE_UNLOCK_SKIN_GIANTSTAG_MIST_DEER_TELLAFRIEND_UNTRADEABLE		
11026	UNIQUE_UNLOCK_SKIN_GIANTSTAG_MIST_DEER_TELLAFRIEND_UNTRADEABLE_2026		
11027	SKIN_COUGAR_TIGER_WHITE_TELLAFRIEND	Recruiter's White Tiger	Tigre Branco do Recrutador
11028	UNIQUE_UNLOCK_SKIN_COUGAR_TIGER_WHITE_TELLAFRIEND	Swiftclaw Skin: Recruiter's White Tiger	Fantasia de Garra-ligeira: Tigre Branco do Recrutador
11029	UNIQUE_UNLOCK_SKIN_COUGAR_TIGER_WHITE_TELLAFRIEND_UNTRADEABLE		
11030	SKIN_COUGAR_TIGER_TELLAFRIEND	Recruiter's Tiger	Tigre do Recrutador
11031	UNIQUE_UNLOCK_SKIN_COUGAR_TIGER_TELLAFRIEND	Swiftclaw Skin: Recruiter's Tiger	Fantasia de Garra-ligeira: Tigre do Recrutador
11032	SKIN_COUGAR_LYNX_TELLAFRIEND	Lynx	Lince
11033	UNIQUE_UNLOCK_SKIN_COUGAR_LYNX_TELLAFRIEND	Swiftclaw Skin: Lynx	Fantasia de Garra-ligeira: Lince
11034	UNIQUE_UNLOCK_SKIN_COUGAR_LYNX_TELLAFRIEND_UNTRADEABLE		
11035	UNIQUE_UNLOCK_SKIN_COUGAR_LYNX_TELLAFRIEND_UNTRADEABLE_2025		
11036	SKIN_COUGAR_ARENA	Arena Champion's Sabertooth	Dente de Sabre do Campeão da Arena
11037	UNIQUE_UNLOCK_SKIN_COUGAR_ARENA_COPY	Swiftclaw Skin: Arena Champion	Fantasia de Garra-ligeira: Campeão da Arena
11038	UNIQUE_UNLOCK_SKIN_COUGAR_ARENA	Swiftclaw Skin: Arena Champion	Fatansia de Garra-ligeira: Campeão da Arena
11039	SKIN_COUGAR_TOURNAMENT	Sabertooth Rex	Rex dente-de-sabre
11040	UNIQUE_UNLOCK_SKIN_COUGAR_TOURNAMENT	Swiftclaw Skin: Sabertooth Rex	Fantasia de Garra-ligeira: Rex dente-de-sabre
11041	SKIN_COUGAR_TOURNAMENT_02	Saber Tiger Rex	Tigre Rex de Presas
11042	UNIQUE_UNLOCK_SKIN_COUGAR_TOURNAMENT_02	Swiftclaw Skin: Saber Tiger Rex	Fantasia de Garra-ligeira: Tigre Rex de Presas
11043	SKIN_COUGAR_OCCULT	Occult Cougar	Onça Oculta
11044	UNIQUE_UNLOCK_SKIN_COUGAR_OCCULT	Swiftclaw Skin: Occult Cougar	Fantasia de Garra-ligeira: Onça Oculta
11045	UNIQUE_UNLOCK_SKIN_COUGAR_OCCULT_UNTRADEABLE		
11046	SKIN_COUGAR_ARMORED_GREY	Steelplate Cougar	Onça Metálica
11047	UNIQUE_UNLOCK_SKIN_COUGAR_ARMORED_GREY	Swiftclaw Skin: Steelplate Cougar	Fantasia de Garra-ligeira: Onça Metálica
11048	UNIQUE_UNLOCK_SKIN_COUGAR_ARMORED_GREY_UNTRADEABLE		
11049	UNIQUE_UNLOCK_SKIN_COUGAR_ARMORED_GREY_UNTRADEABLE_2026		
11050	SKIN_COUGAR_MUMMY_TELLAFRIEND	Embalmed Tiger	Tigre Embalsamado
11051	UNIQUE_UNLOCK_SKIN_COUGAR_MUMMY_TELLAFRIEND	Swiftclaw Skin: Embalmed Tiger	Fantasia de Garra-ligeira: Tigre Embalsamado
11052	UNIQUE_UNLOCK_SKIN_COUGAR_MUMMY_TELLAFRIEND_UNTRADEABLE		
11053	SKIN_COUGAR_SNOWLEOPARD_TELLAFRIEND	Snow Leopard	Leopardo da Neve
11054	UNIQUE_UNLOCK_SKIN_COUGAR_SNOWLEOPARD_TELLAFRIEND	Swiftclaw Skin: Snow Leopard	Fantasia de Garra-ligeira: Leopardo da Neve
11055	UNIQUE_UNLOCK_SKIN_COUGAR_SNOWLEOPARD_TELLAFRIEND_UNTRADEABLE		
11056	UNIQUE_UNLOCK_SKIN_COUGAR_SNOWLEOPARD_TELLAFRIEND_UNTRADEABLE_2025		
11057	SKIN_COUGAR_JAGUAR_TELLAFRIEND	Recruiter's Jaguar	Jaguar do Recrutador
11058	UNIQUE_UNLOCK_SKIN_COUGAR_JAGUAR_TELLAFRIEND	Swiftclaw Skin: Recruiter's Jaguar	Skin Garra-ligeira: Jaguar do Recrutador
11059	UNIQUE_UNLOCK_SKIN_COUGAR_JAGUAR_TELLAFRIEND_UNTRADEABLE		
11060	UNIQUE_UNLOCK_SKIN_COUGAR_JAGUAR_TELLAFRIEND_UNTRADEABLE_2026		
11061	SKIN_DIREBOAR_HOUSEPIG	Domesticated Hog	Javali Domesticado
11062	UNIQUE_UNLOCK_SKIN_DIREBOAR_HOUSEPIG	Direboar Skin: Domesticated Hog	Fantasia de Javali-vil: Javali Domesticado
11063	SKIN_DIREBOAR_PIG_TELLAFRIEND	Recruiter's Pig	Porco do Recrutador
11064	UNIQUE_UNLOCK_SKIN_DIREBOAR_PIG_TELLAFRIEND	Direboar Skin: Recruiter's Pig	Fantasia de Javali-vil: Porco do Recrutador
11065	SKIN_DIREBOAR_WHITE_TELLAFRIEND	White Direboar	Javali-vil Branco
11066	UNIQUE_UNLOCK_SKIN_DIREBOAR_WHITE_TELLAFRIEND	Direboar Skin: White Direboar	Fantasia de Javali-vil: Javali-vil Branco
11067	UNIQUE_UNLOCK_SKIN_DIREBOAR_WHITE_TELLAFRIEND_UNTRADEABLE		
11068	SKIN_DIREBEAR_PANDA_TELLAFRIEND	Panda	Panda
11069	UNIQUE_UNLOCK_SKIN_DIREBEAR_PANDA_TELLAFRIEND	Direbear Skin: Panda	Fantasia de Urso-vil: Panda
11070	UNIQUE_UNLOCK_SKIN_DIREBEAR_PANDA_TELLAFRIEND_UNTRADEABLE		
11071	SKIN_LIZARD_SAND_SALAMANDER_TELLAFRIEND	Recruiter's Sand Salamander	Salamandra de Areia do Recrutador
11072	UNIQUE_UNLOCK_SKIN_LIZARD_SAND_SALAMANDER_TELLAFRIEND	Swamp Dragon Skin: Recruiter's Sand Salamander	Fantasia de Dragão do Pântano: Salamandra de Areia do Recrutador
11073	UNIQUE_UNLOCK_SKIN_LIZARD_SAND_SALAMANDER_TELLAFRIEND_UNTRADEABLE		
11074	UNIQUE_UNLOCK_SKIN_LIZARD_SAND_SALAMANDER_TELLAFRIEND_UNTRADEABLE_2026		
11075	SKIN_DONKEY_HALLOWEEN	Jack o' Donkey	Jack, o burro
11076	UNIQUE_UNLOCK_SKIN_DONKEY_HALLOWEEN	Mule Skin: Jack o' Donkey	Fantasia de Mula: Jack, o burro
11077	SKIN_DONKEY_UNIQUE_TELLAFRIEND	Recruiter's Donkey	Burro do Recrutador
11078	UNIQUE_UNLOCK_SKIN_DONKEY_UNIQUE_TELLAFRIEND	Mule Skin: Recruiter's Donkey	Fantasia de Mula: Burro do Recrutador
11079	UNIQUE_HEAD_VANITY_DESTINY_SHARDS_05		
11080	UNIQUE_HEAD_VANITY_NO_HELMET	Hide Helmet	Ocultar elmo
11081	UNIQUE_HEAD_VANITY_NO_CAPE	Hide Cape	Ocultar capa
11082	UNIQUE_HEAD_VANITY_NO_MAIN_HAND	Hide Main Hand	Ocultar mão principal
11083	UNIQUE_HEAD_VANITY_NO_OFF_HAND	Hide Off-Hand	Ocultar mão secundária
11084	UNIQUE_HEAD_VANITY_JESTER	Jester Mask	Máscara de Bobo da Corte
11085	UNIQUE_UNLOCK_HEAD_VANITY_JESTER	Wardrobe Skin: Jester Mask	Fantasia de Armário: Máscara de Bobo da Corte
11086	UNIQUE_ARMOR_VANITY_JESTER	Jester Costume	Fantasia de Bobo da Corte
11087	UNIQUE_UNLOCK_ARMOR_VANITY_JESTER	Wardrobe Skin: Jester Costume	Fantasia de Armário: Fantasia de Bobo da Corte
11088	UNIQUE_SHOES_VANITY_JESTER	Jester Shoes	Sapatos de Bobo da Corte
11089	UNIQUE_UNLOCK_SHOES_VANITY_JESTER	Wardrobe Skin: Jester Shoes	Fantasia de Armário: Sapatos de Bobo da Corte
11090	UNIQUE_HEAD_VANITY_DRESS_RED	Red Tulip Hat	Chapéu de Tulipa Vermelha
11091	UNIQUE_UNLOCK_HEAD_VANITY_DRESS_RED	Wardrobe Skin: Red Tulip Hat	Fantasia de Armário: Chapéu de Tulipa Vermelha
11092	UNIQUE_ARMOR_VANITY_DRESS_RED	Red Tulip Dress	Vestido de Tulipa Vermelha
11093	UNIQUE_UNLOCK_ARMOR_VANITY_DRESS_RED	Wardrobe Skin: Red Tulip Dress	Fantasia de Armário: Vestido de Tulipa Vermelha
11094	UNIQUE_SHOES_VANITY_DRESS_RED	Red Tulip Shoes	Sapatos de Tulipa Vermelha
11095	UNIQUE_UNLOCK_SHOES_VANITY_DRESS_RED	Wardrobe Skin: Red Tulip Shoes	Fantasia de Armário: Sapatos de Tulipa Vermelha
11096	UNIQUE_HEAD_VANITY_DRESS_BLACK	Noblewoman's Jewelry	Jóias de Fidalga
11097	UNIQUE_ARMOR_VANITY_DRESS_BLACK	Noblewoman's Dress	Vestido de Fidalga
11098	UNIQUE_SHOES_VANITY_DRESS_BLACK	Noblewoman's Shoes	Sapatos de Fidalga
11099	UNIQUE_HEAD_VANITY_DRESS_BLUE	Blue Princess Hat	Chapéu Azul de Princesa
11100	UNIQUE_ARMOR_VANITY_DRESS_BLUE	Blue Princess Dress	Vestido Azul de Princesa
11101	UNIQUE_SHOES_VANITY_DRESS_BLUE	Blue Princess Shoes	Sapatos Azuis de Princesa
11102	UNIQUE_HEAD_VANITY_RICH_NOBLE	Rich Noble's Hat	Chapéu de Nobre Rico
11103	UNIQUE_UNLOCK_HEAD_VANITY_RICH_NOBLE	Wardrobe Skin: Rich Noble's Hat	Fantasia de Armário: Chapéu de Nobre Rico
11104	UNIQUE_ARMOR_VANITY_RICH_NOBLE	Rich Noble's Doublet	Gibão de Nobre Rico
11105	UNIQUE_UNLOCK_ARMOR_VANITY_RICH_NOBLE	Wardrobe Skin: Rich Noble's Doublet	Fantasia de Armário: Gibão de Nobre Rico
11106	UNIQUE_SHOES_VANITY_RICH_NOBLE	Rich Noble's Footwear	Calçados de Nobre Rico
11107	UNIQUE_UNLOCK_SHOES_VANITY_RICH_NOBLE	Wardrobe Skin: Rich Noble's Footwear	Fantasia de Armário: Calçados de Nobre Rico
11108	UNIQUE_HEAD_VANITY_SANTACLAUS	Yule Hat	Chapéu de Yule
11109	UNIQUE_UNLOCK_HEAD_VANITY_SANTACLAUS	Wardrobe Skin: Yule Hat	Fantasia de Armário: Chapéu de Yule
11110	UNIQUE_ARMOR_VANITY_SANTACLAUS	Yule Coat	Casaco de Yule
11111	UNIQUE_UNLOCK_ARMOR_VANITY_SANTACLAUS	Wardrobe Skin: Yule Coat	Fantasia de Armário: Casaco de Yule
11112	UNIQUE_SHOES_VANITY_SANTACLAUS	Yule Shoes	Sapatos de Yule
11113	UNIQUE_UNLOCK_SHOES_VANITY_SANTACLAUS	Wardrobe Skin: Yule Shoes	Fantasia de Armário: Sapatos de Yule
11114	UNIQUE_BACKPACK_VANITY_SANTACLAUS	Yule Backpack	Mochila de Yule
11115	UNIQUE_UNLOCK_BACKPACK_VANITY_SANTACLAUS	Wardrobe Skin: Yule Backpack	Fantasia de Armário: Mochila de Yule
11116	UNIQUE_HEAD_VANITY_WEDDING_DRESS	Bridal Veil	Véu de Noiva
11117	UNIQUE_UNLOCK_HEAD_VANITY_WEDDING_DRESS	Wardrobe Skin: Bridal Veil	Fantasia de Armário: Véu de Noiva
11118	UNIQUE_ARMOR_VANITY_WEDDING_DRESS	Bridal Dress	Vestido de Noiva
11119	UNIQUE_UNLOCK_ARMOR_VANITY_WEDDING_DRESS	Wardrobe Skin: Bridal Dress	Fantasia de Armário: Vestido de Noiva
11120	UNIQUE_SHOES_VANITY_WEDDING_DRESS	Bridal Shoes	Sapatos de Noiva
11121	UNIQUE_UNLOCK_SHOES_VANITY_WEDDING_DRESS	Wardrobe Skin: Bridal Shoes	Fantasia de Armário: Sapatos de Noiva
11122	UNIQUE_OFF_VANITY_WEDDING_DRESS	Bridal Bouquet	Buquê de Noiva
11123	UNIQUE_UNLOCK_OFF_VANITY_WEDDING_DRESS	Wardrobe Skin: Bridal Bouquet	Fantasia de Armário: Buquê de Noiva
11124	UNIQUE_HEAD_VANITY_WEDDING_TUXEDO	Groom's Hat	Chapéu de Noivo
11125	UNIQUE_UNLOCK_HEAD_VANITY_WEDDING_TUXEDO	Wardrobe Skin: Groom's Hat	Fantasia de Armário: Chapéu de Noivo
11126	UNIQUE_ARMOR_VANITY_WEDDING_TUXEDO	Groom's Suit	Traje de Noivo
11127	UNIQUE_UNLOCK_ARMOR_VANITY_WEDDING_TUXEDO	Wardrobe Skin: Groom's Suit	Fantasia de Armário: Traje de Noivo
11128	UNIQUE_SHOES_VANITY_WEDDING_TUXEDO	Groom's Shoes	Sapatos de Noivo
11129	UNIQUE_UNLOCK_SHOES_VANITY_WEDDING_TUXEDO	Wardrobe Skin: Groom's Shoes	Fantasia de Armário: Sapatos de Noivo
11130	UNIQUE_CAPE_VANITY_WEDDING_TUXEDO	Groom's Cape	Capa de Noivo
11131	UNIQUE_UNLOCK_CAPE_VANITY_WEDDING_TUXEDO	Wardrobe Skin: Groom's Cape	Fantasia de Armário: Capa de Noivo
11132	UNIQUE_OFF_VANITY_WEDDING_TUXEDO	Wedding Ring	Anel de noivado
11133	UNIQUE_UNLOCK_OFF_VANITY_WEDDING_TUXEDO	Wardrobe Skin: Wedding Ring	Fantasia de Armário: Anel de noivado
11134	UNIQUE_HEAD_VANITY_BARD	Bard's Hat	Chapéu de Bardo
11135	UNIQUE_ARMOR_VANITY_BARD	Bard's Suit	Vestes de Bardo
11136	UNIQUE_SHOES_VANITY_BARD	Bard's Shoes	Sapatos de Bardo
11137	UNIQUE_HEAD_VANITY_PRIEST	Monk's Hood	Capuz de Monge
11138	UNIQUE_ARMOR_VANITY_PRIEST	Monk's Robe	Robe de Monge
11139	UNIQUE_SHOES_VANITY_PRIEST	Monk's Sandals	Sandálias de Monge
11140	UNIQUE_OFF_VANITY_PRIEST	Monk's Walking Staff	Cajado de Monge
11141	UNIQUE_HEAD_VANITY_INNKEEPER	Innkeeper's Hat	Chapéu de Hoteleiro
11142	UNIQUE_ARMOR_VANITY_INNKEEPER	Innkeeper's Shirt	Camisa de Hoteleiro
11143	UNIQUE_SHOES_VANITY_INNKEEPER	Innkeeper's Shoes	Sapatos de Hoteleiro
11144	UNIQUE_OFF_VANITY_INNKEEPER	Innkeeper's Beer Mug	Caneca de Cerveja de Hoteleiro
11145	UNIQUE_HEAD_VANITY_PIRATE	Navigator's Hat	Chapéu do Navegador
11146	UNIQUE_ARMOR_VANITY_PIRATE	Navigator's Coat	Casaco do Navegador
11147	UNIQUE_SHOES_VANITY_PIRATE	Navigator's Boots	Botas do Navegador
11148	UNIQUE_OFF_VANITY_PIRATE	Navigator's Parrot Cage	Gaiola de Papagaio do Navegador
11149	UNIQUE_OFF_VANITY_CHARITY_MARCH2020	Staff of Hermes	Cajado de Hermes
11150	UNIQUE_UNLOCK_OFF_VANITY_CHARITY_MARCH2020	Wardrobe Skin: Staff of Hermes	Fantasia de Armário: Cajado de Hermes
11151	UNIQUE_VANITY_2H_FW_BRIDGEWATCH_BANNER		
11152	UNIQUE_UNLOCK_VANITY_2H_FW_BRIDGEWATCH_BANNER	Bridgewatch Warbanner	Bandeira de Guerra de Bridgewatch
11153	UNIQUE_VANITY_2H_FW_THETFORD_BANNER		
11154	UNIQUE_UNLOCK_VANITY_2H_FW_THETFORD_BANNER	Thetford Warbanner	Bandeira de Guerra de Thetford
11155	UNIQUE_VANITY_2H_FW_FORTSTERLING_BANNER		
11156	UNIQUE_UNLOCK_VANITY_2H_FW_FORTSTERLING_BANNER	Fort Sterling Warbanner	Bandeira de Guerra de Fort Sterling
11157	UNIQUE_VANITY_2H_FW_MARTLOCK_BANNER		
11158	UNIQUE_UNLOCK_VANITY_2H_FW_MARTLOCK_BANNER	Martlock Warbanner	Bandeira de Guerra de Martlock
11159	UNIQUE_VANITY_2H_FW_LYMHURST_BANNER		
11160	UNIQUE_UNLOCK_VANITY_2H_FW_LYMHURST_BANNER	Lymhurst Warbanner	Bandeira de Guerra de Lymhurst
11161	UNIQUE_VANITY_2H_FW_CAERLEON_BANNER		
11162	UNIQUE_UNLOCK_VANITY_2H_FW_CAERLEON_BANNER	Caerleon Warbanner	Bandeira de Guerra de Caerleon
11163	UNIQUE_HEAD_VANITY_ARENA_SET_01	Arena Veteran's Circlet	Tiara do Veterano de Arena
11164	UNIQUE_UNLOCK_HEAD_VANITY_ARENA_SET_01_COPY	Wardrobe Skin: Arena Veteran's Circlet	Fantasia de Armário: Tiara do Veterano de Arena
11165	UNIQUE_UNLOCK_HEAD_VANITY_ARENA_SET_01	Wardrobe Skin: Arena Veteran's Circlet	Fantasia de Armário: Tiara do Veterano de Arena
11166	UNIQUE_ARMOR_VANITY_ARENA_SET_01	Arena Veteran's Cloak	Manto do Veterano de Arena
11167	UNIQUE_UNLOCK_ARMOR_VANITY_ARENA_SET_01_COPY	Wardrobe Skin: Arena Veteran's Cloak	Fantasia de Armário: Manto do Veterano de Arena
11168	UNIQUE_UNLOCK_ARMOR_VANITY_ARENA_SET_01	Wardrobe Skin: Arena Veteran's Cloak	Fantasia de Armário: Manto do Veterano de Arena
11169	UNIQUE_SHOES_VANITY_ARENA_SET_01	Arena Veteran's Boots	Botas do Veterano de Arena
11170	UNIQUE_UNLOCK_SHOES_VANITY_ARENA_SET_01_COPY	Wardrobe Skin: Arena Veteran's Boots	Fantasia de Armário: Botas do Veterano de Arena
11171	UNIQUE_UNLOCK_SHOES_VANITY_ARENA_SET_01	Wardrobe Skin: Arena Veteran's Boots	Fantasia de Armário: Botas do Veterano de Arena
11172	UNIQUE_CAPE_VANITY_ARENA_SET_01	Arena Veteran's Cape	Capa do Veterano de Arena
11173	UNIQUE_UNLOCK_CAPE_VANITY_ARENA_SET_01_COPY	Wardrobe Skin: Arena Veteran's Cape	Fantasia de Armário: Capa do Veterano de Arena
11174	UNIQUE_UNLOCK_CAPE_VANITY_ARENA_SET_01	Wardrobe Skin: Arena Veteran's Cape	Fantasia de Armário: Capa do Veterano de Arena
11175	UNIQUE_HEAD_VANITY_ARENA_EYEPATCH	Arena Veteran's Eyepatch	Tapa olho do Veterano de Arena
11176	UNIQUE_UNLOCK_HEAD_VANITY_ARENA_EYEPATCH_COPY	Wardrobe Skin: Arena Veteran's Eyepatch	Fantasia de Armário: Tapa olho do Veterano de Arena
11177	UNIQUE_UNLOCK_HEAD_VANITY_ARENA_EYEPATCH	Wardrobe Skin: Arena Veteran's Eyepatch	Fantasia de Armário: Tapa olho do Veterano de Arena
11178	T4_CAPE_ARENA_BANNER	Arena Veteran's Small Banner	Estandarte Pequeno do Veterano de Arena
11179	UNIQUE_UNLOCK_T4_CAPE_ARENA_BANNER_COPY	Wardrobe Skin: Small Arena Banner	Fantasia de Armário: Bandeira Pequena da Arena
11180	UNIQUE_UNLOCK_T4_CAPE_ARENA_BANNER	Wardrobe Skin: Small Arena Banner	Fantasia de Armário: Bandeira Pequena da Arena
11181	T6_CAPE_ARENA_BANNER	Arena Veteran's Medium Banner	Estandarte Médio do Veterano de Arena
11182	UNIQUE_UNLOCK_T6_CAPE_ARENA_BANNER_COPY	Wardrobe Skin: Medium Arena Banner	Fantasia de Armário: Bandeira Média da Arena
11183	UNIQUE_UNLOCK_T6_CAPE_ARENA_BANNER	Wardrobe Skin: Medium Arena Banner	Fantasia de Armário: Bandeira Média da Arena
11184	T8_CAPE_ARENA_BANNER	Arena Veteran's Large Banner	Estandarte Grande do Veterano de Arena
11185	UNIQUE_UNLOCK_T8_CAPE_ARENA_BANNER_COPY	Wardrobe Skin: Large Arena Banner	Fantasia de Armário: Bandeira Grande da Arena
11186	UNIQUE_UNLOCK_T8_CAPE_ARENA_BANNER	Wardrobe Skin: Large Arena Banner	Fantasia de Armário: Bandeira Grande da Arena
11187	UNIQUE_UNLOCK_HEAD_VANITY_GLADIATOR_ARENA	Wardrobe Skin: Arena Gladiator Helm	Fantasia de Armário: Elmo do Gladiador da Arena
11188	UNIQUE_HEAD_VANITY_GLADIATOR_ARENA	Arena Gladiator Helm	Elmo do Gladiador da Arena
11189	UNIQUE_UNLOCK_ARMOR_VANITY_GLADIATOR_ARENA	Wardrobe Skin: Arena Gladiator Armor	Fantasia de Armário: Armadura do Gladiador da Arena
11190	UNIQUE_ARMOR_VANITY_GLADIATOR_ARENA	Arena Gladiator Armor	Armadura do Gladiador da Arena
11191	UNIQUE_UNLOCK_SHOES_VANITY_GLADIATOR_ARENA	Wardrobe Skin: Arena Gladiator Boots	Fantasia de Armário: Botas do Gladiador da Arena
11192	UNIQUE_SHOES_VANITY_GLADIATOR_ARENA	Arena Gladiator Boots	Botas do Gladiador da Arena
11193	UNIQUE_UNLOCK_CAPE_VANITY_GLADIATOR_ARENA	Wardrobe Skin: Arena Gladiator Cape	Fantasia de Armário: Capa do Gladiador da Arena
11194	UNIQUE_CAPE_VANITY_GLADIATOR_ARENA	Arena Gladiator Cape	Capa do Gladiador da Arena
11195	UNIQUE_UNLOCK_HEAD_VANITY_GLADIATOR_CRYSTAL	Wardrobe Skin: Crystal Gladiator Helm	Fantasia de Armário: Elmo do Gladiador de Cristal
11196	UNIQUE_HEAD_VANITY_GLADIATOR_CRYSTAL	Crystal Gladiator Helm	Elmo do Gladiador de Cristal
11197	UNIQUE_UNLOCK_ARMOR_VANITY_GLADIATOR_CRYSTAL	Wardrobe Skin: Crystal Gladiator Armor	Fantasia de Armário: Armadura do Gladiador de Cristal
11198	UNIQUE_ARMOR_VANITY_GLADIATOR_CRYSTAL	Crystal Gladiator Armor	Armadura do Gladiador de Cristal
11199	UNIQUE_UNLOCK_SHOES_VANITY_GLADIATOR_CRYSTAL	Wardrobe Skin: Crystal Gladiator Boots	Fantasia de Armário: Botas do Gladiador de Cristal
11200	UNIQUE_SHOES_VANITY_GLADIATOR_CRYSTAL	Crystal Gladiator Boots	Botas do Gladiador de Cristal
11201	UNIQUE_UNLOCK_CAPE_VANITY_GLADIATOR_CRYSTAL	Wardrobe Skin: Crystal Gladiator Cape	Fantasia de Armário: Capa do Gladiador de Cristal
11202	UNIQUE_CAPE_VANITY_GLADIATOR_CRYSTAL	Crystal Gladiator Cape	Capa do Gladiador de Cristal
11203	UNIQUE_HEAD_TELLAFRIEND_BATRIDER	Master of Bats Helmet	Elmo do Mestre de Morcegos
11204	UNIQUE_UNLOCK_HEAD_TELLAFRIEND_BATRIDER	Wardrobe Skin: Master of Bats Helmet	Fantasia de Armário: Elmo do Mestre de Morcegos
11205	UNIQUE_HEAD_VANITY_EASTER_WHITE	Snow Bunny Stalker Hat	Chapéu do Perseguidor de Coelho-das-neves
11206	UNIQUE_UNLOCK_HEAD_VANITY_EASTER_WHITE	Wardrobe Skin: Snow Bunny Stalker Hat	Fantasia de Armário: Chapéu do Perseguidor de Coelho-das-neves
11207	UNIQUE_HEAD_VANITY_EASTER_BROWN	Bunny Stalker Hat	Chapéu do Perseguidor de Coelhos
11208	UNIQUE_UNLOCK_HEAD_VANITY_EASTER_BROWN	Wardrobe Skin: Bunny Stalker Hat	Fantasia de Armário: Chapéu do Perseguidor de Coelhos
11209	UNIQUE_ARMOR_VANITY_EASTER	Bunny Stalker Overalls	Macacão do Perseguidor de Coelhos
11210	UNIQUE_UNLOCK_ARMOR_VANITY_EASTER	Wardrobe Skin: Bunny Stalker Overalls	Fantasia de Armário: Macacão do Perseguidor de Coelhos
11211	UNIQUE_SHOES_VANITY_EASTER	Bunny Stalker Shoes	Sapatos do Perseguidor de Coelhos
11212	UNIQUE_UNLOCK_SHOES_VANITY_EASTER	Wardrobe Skin: Bunny Stalker Shoes	Fantasia de Armário: Sapatos do Perseguidor de Coelhos
11213	UNIQUE_BACKPACK_VANITY_EASTER	Bunny Stalker Basket	Cesta do Perseguidor de Coelhos
11214	UNIQUE_UNLOCK_BACKPACK_VANITY_EASTER	Wardrobe Skin: Bunny Stalker Basket	Fantasia de Armário: Cesta do Perseguidor de Coelhos
11215	UNIQUE_HEAD_VANITY_PLAGUEDOC	Hygienic Mask	Máscara de Praga
11216	UNIQUE_UNLOCK_HEAD_VANITY_PLAGUEDOC	Wardrobe Skin: Hygienic Mask	Fantasia de Armário: Máscara de Praga
11217	UNIQUE_ARMOR_VANITY_PLAGUEDOC	Hygienic Coat	Casaco de Praga
11218	UNIQUE_UNLOCK_ARMOR_VANITY_PLAGUEDOC	Wardrobe Skin: Hygienic Coat	Fantasia de Armário: Casaco de Praga
11219	UNIQUE_SHOES_VANITY_PLAGUEDOC	Hygienic Boots	Botas de Praga
11220	UNIQUE_UNLOCK_SHOES_VANITY_PLAGUEDOC	Wardrobe Skin: Hygienic Boots	Fantasia de Armário: Botas de Praga
11221	UNIQUE_HEAD_VANITY_SKELETON	Laughing Skull	Caveira sorridente
11222	UNIQUE_UNLOCK_HEAD_VANITY_SKELETON	Wardrobe Skin: Laughing Skull	Fantasia de Armário: Caveira sorridente
11223	UNIQUE_ARMOR_VANITY_SKELETON	Ribcage	Caixa toráxica
11224	UNIQUE_UNLOCK_ARMOR_VANITY_SKELETON	Wardrobe Skin: Ribcage	Fantasia de Armário: Caixa toráxica
11225	UNIQUE_SHOES_VANITY_SKELETON	Legbones	Pernas ossadas
11226	UNIQUE_UNLOCK_SHOES_VANITY_SKELETON	Wardrobe Skin: Legbones	Fantasia de Armário: Pernas ossadas
11227	UNIQUE_CAPE_VANITY_SKELETON	Ragged Cape	Capa rasgada
11228	UNIQUE_UNLOCK_CAPE_VANITY_SKELETON	Wardrobe Skin: Ragged Cape	Fantasia de Armário: Capa rasgada
11229	UNIQUE_HEAD_VANITY_PUMPKIN_01	Grinning Pumpkin Head	Cabeça de Abóbora sorridente
11230	UNIQUE_UNLOCK_HEAD_VANITY_PUMPKIN_01	Wardrobe Skin: Grinning Pumpkin Head	Fantasia de Armário: Cabeça de Abóbora sorridente
11231	UNIQUE_HEAD_VANITY_PUMPKIN_02	Sad Pumpkin Head	Cabeça de Abóbora Triste
11232	UNIQUE_UNLOCK_HEAD_VANITY_PUMPKIN_02	Wardrobe Skin: Sad Pumpkin Head	Fantasia de Armário: Cabeça de Abóbora Triste
11233	UNIQUE_HEAD_VANITY_PUMPKIN_03	Angry Pumpkin Head	Cabeça de Abóbora Enraivecida
11234	UNIQUE_UNLOCK_HEAD_VANITY_PUMPKIN_03	Wardrobe Skin: Angry Pumpkin Head	Fantasia de Armário: Cabeça de Abóbora Enraivecida
11235	UNIQUE_HEAD_XMAS	Uncle Frost's Hat	Chapéu do Tio Gelo
11236	UNIQUE_UNLOCK_HEAD_XMAS	Wardrobe Skin: Uncle Frost's Hat	Fantasia de Armário: Chapéu do Tio Gelo
11237	UNIQUE_VANITY_2H_PORTALGUN_TELLAFRIEND	Recruiter's Portal Cannon	Canhão de Portal do Recrutador
11238	UNIQUE_UNLOCK_VANITY_2H_PORTALGUN_TELLAFRIEND	Wardrobe Skin: Recruiter's Portal Cannon	Fantasia de Armário: Canhão de Portal do Recrutador
11239	UNIQUE_VANITY_2H_CHICKENGUN_EASTER	The Eggsecutioner	O Ovossalador
11240	UNIQUE_UNLOCK_VANITY_2H_GUN_ANNIVERSARY	Firework Launcher: Chromacannon	Lançador de fogos de artifício: Corcanhão
11241	UNIQUE_VANITY_2H_GUN_ANNIVERSARY	Chromacannon	Corcanhão
11242	UNIQUE_AVATARRING_ANNIVERSARY_2022	Fifth Anniversary Ring	Borda do quinto aniversário
11243	UNIQUE_AVATARRING_ANNIVERSARY_2023	Sixth Anniversary Ring	Borda do sexto aniversário
11244	UNIQUE_AVATARRING_ANNIVERSARY_2024	Seventh Anniversary Ring	Borda do sétimo aniversário
11245	UNIQUE_AVATARRING_ANNIVERSARY_2025	Eighth Anniversary Ring	Borda do Oitavo Aniversário
11246	UNIQUE_AVATARRING_ANNIVERSARY_2026	Ninth Anniversary Ring	Borda do Nono Aniversário
11247	UNIQUE_AVATAR_ANNIVERSARY_2022	Fifth Anniversary Avatar	Avatar do quinto aniversário
11248	UNIQUE_AVATAR_ANNIVERSARY_2023	Sixth Anniversary Avatar	Avatar do sexto aniversário
11249	UNIQUE_AVATAR_ANNIVERSARY_2024	Seventh Anniversary Avatar	Avatar do sétimo aniversário
11250	UNIQUE_AVATAR_ANNIVERSARY_2025	Eighth Anniversary Avatar	Avatar do Oitavo Aniversário
11251	UNIQUE_AVATAR_ANNIVERSARY_2026	Ninth Anniversary Avatar	Avatar do Nono Aniversário
11252	UNIQUE_ROTTEN_CAKE	Spoiled Anniversary Cake	Bolo de aniversário estragado
11253	UNIQUE_CONSUMABLE_EVENT_ANNIVERSARY_CAKE	Anniversary Cake	Bolo de aniversário
11254	UNIQUE_CONSUMABLE_EVENT_ANNIVERSARY_CAKE_2025		
11255	UNIQUE_CONSUMABLE_EVENT_ANNIVERSARY_CAKE_2026		
11256	SKIN_HORSE_ANNIVERSARY_2022	Fifth-Year Stallion	Garanhão do quinto ano
11257	UNIQUE_UNLOCK_SKIN_HORSE_ANNIVERSARY_2022	Riding Horse Skin: Fifth-Year Stallion	Fantasia de Cavalo: Garanhão do quinto ano
11258	SKIN_HORSE_ANNIVERSARY_2023	Sixth-Year Stallion	Garanhão do sexto ano
11259	UNIQUE_UNLOCK_SKIN_HORSE_ANNIVERSARY_2023	Riding Horse Skin: Sixth-Year Stallion	Fantasia de Cavalo de Montar: Garanhão do sexto ano
11260	SKIN_HORSE_ANNIVERSARY_2024	Seventh-Year Stallion	Garanhão do sétimo ano
11261	UNIQUE_UNLOCK_SKIN_HORSE_ANNIVERSARY_2024	Riding Horse Skin: Seventh-Year Stallion	Fantasia de Cavalo de Montar: Garanhão do sétimo ano
11262	SKIN_HORSE_ANNIVERSARY_2025	Eighth-Year Stallion	Garanhão do Oitavo Ano
11263	UNIQUE_UNLOCK_SKIN_HORSE_ANNIVERSARY_2025	Riding Horse Skin: Eighth-Year Stallion	Fantasia de Cavalo de Montar: Garanhão do Oitavo Ano
11264	SKIN_HORSE_ANNIVERSARY_2026	Ninth-Year Stallion	Garanhão do nono ano
11265	UNIQUE_UNLOCK_SKIN_HORSE_ANNIVERSARY_2026	Riding Horse Skin: Ninth-Year Stallion	Fantasia de Cavalo de Montar: Garanhão do nono ano
11266	UNIQUE_FURNITUREITEM_CARPET_ANNIVERSARY_2022	Fifth Anniversary Carpet	Tapete do quinto aniversário
11267	UNIQUE_ROTTEN_CANDY	Rotten Allhallows Treat	Doce Apodrecido do Dia das Bruxas
11268	UNIQUE_CONSUMABLE_EVENT_HALLOWEEN_CANDY	Allhallows Treat	Doce do Dia das Bruxas
11269	UNIQUE_CONSUMABLE_EVENT_HALLOWEEN_CANDY_2025		
11270	UNIQUE_CONSUMABLE_EVENT_HALLOWEEN_CANDY_2026		
11271	UNIQUE_UNLOCK_UNIQUE_VANITY_2H_CHICKENGUN_EASTER	Wardrobe Skin: The Eggsecutioner	Fantasia de Armário: O Ovossalador
11272	UNIQUE_VANITY_MAIN_BEERMUG_TELLAFRIEND	Recruiter's Beer Mug	Caneca de Cerveja do Recrutador
11273	UNIQUE_UNLOCK_VANITY_MAIN_BEERMUG_TELLAFRIEND	Wardrobe Skin: Recruiter's Beer Mug	Fantasia de Armário: Caneca de Cerveja do Recrutador
11274	UNIQUE_VANITY_MAIN_HORN_TELLAFRIEND	Recruiter's Hunter Horn	Berrante de Caçador do Recrutador
11275	UNIQUE_UNLOCK_VANITY_MAIN_HORN_TELLAFRIEND	Wardrobe Skin: Recruiter's Hunter Horn	Fantasia de Armário: Berrante de Caçador do Recrutador
11276	UNIQUE_VANITY_MAIN_FOXCROP_TELLAFRIEND	Recruiter's Fox Crop	Chicote para Raposa do Recrutador
11277	UNIQUE_UNLOCK_VANITY_MAIN_FOXCROP_TELLAFRIEND	Wardrobe Skin: Recruiter's Fox Crop	Fantasia de Armário: Chicote para Raposa do Recrutador
11278	UNIQUE_VANITY_MAIN_TRUMPET_TELLAFRIEND	Recruiter's Trumpet	Trompete do Recrutador
11279	UNIQUE_UNLOCK_VANITY_MAIN_TRUMPET_TELLAFRIEND	Wardrobe Skin: Recruiter's Trumpet	Fantasia de Armário: Trompete do Recrutador
11280	UNIQUE_VANITY_MAIN_BEERMUG_02_TELLAFRIEND	Recruiter's Ale Mug	Caneca de Cerveja do Recrutador
11281	UNIQUE_UNLOCK_VANITY_MAIN_BEERMUG_02_TELLAFRIEND	Wardrobe Skin: Recruiter's Ale Mug	Fantasia de Armário: Caneca de Cerveja do Recrutador
11282	UNIQUE_CAPE_FOUNDER_LEGENDARY	Legendary Explorer's Cloak	Manto do Explorador Lendário
11283	UNIQUE_UNLOCK_CAPE_FOUNDER_LEGENDARY	Wardrobe Skin: Legendary Explorer's Cloak	Fantasia de Armário: Manto do Explorador Lendário
11284	UNIQUE_HEAD_FOUNDER_LEGENDARY	Legendary Explorer's Hat	Chapéu do Explorador Lendário
11285	UNIQUE_UNLOCK_HEAD_FOUNDER_LEGENDARY	Wardrobe Skin: Legendary Explorer's Hat	Fantasia de Armário: Chapéu do Explorador Lendário
11286	UNIQUE_ARMOR_FOUNDER_LEGENDARY	Legendary Explorer's Armor	Armadura do Explorador Lendário
11287	UNIQUE_UNLOCK_ARMOR_FOUNDER_LEGENDARY	Wardrobe Skin: Legendary Explorer's Armor	Fantasia de Armário: Armadura do Explorador Lendário
11288	UNIQUE_SHOES_FOUNDER_LEGENDARY	Legendary Explorer's Boots	Botas do Explorador Lendário
11289	UNIQUE_UNLOCK_SHOES_FOUNDER_LEGENDARY	Wardrobe Skin: Legendary Explorer's Boots	Fantasia de Armário: Botas do Explorador Lendário
11290	UNIQUE_HEAD_FOUNDER_ELITE	Explorer's Hat	Chapéu do Explorador
11291	UNIQUE_UNLOCK_HEAD_FOUNDER_ELITE	Wardrobe Skin: Explorer's Hat	Fantasia de Armário: Chapéu do Explorador
11292	UNIQUE_ARMOR_FOUNDER_ELITE	Explorer's Armor	Armadura do Explorador
11293	UNIQUE_UNLOCK_ARMOR_FOUNDER_ELITE	Wardrobe Skin: Explorer's Armor	Fantasia de Armário: Armadura do Explorador
11294	UNIQUE_SHOES_FOUNDER_ELITE	Explorer's Boots	Botas do Explorador
11295	UNIQUE_UNLOCK_SHOES_FOUNDER_ELITE	Wardrobe Skin: Explorer's Boots	Fantasia de Armário: Botas do Explorador
11296	UNIQUE_CAPE_STARTERPACK_LEGENDARY	Legendary Adventurer's Cloak	Manto do Aventureiro Lendário
11297	UNIQUE_UNLOCK_CAPE_STARTERPACK_LEGENDARY	Wardrobe Skin: Legendary Adventurer's Cloak	Fantasia de Armário: Manto do Aventureiro Lendário
11298	UNIQUE_HEAD_STARTERPACK_LEGENDARY	Legendary Adventurer's Hat	Chapéu do Aventureiro Lendário
11299	UNIQUE_UNLOCK_HEAD_STARTERPACK_LEGENDARY	Wardrobe Skin: Legendary Adventurer's Hat	Fantasia de Armário: Chapéu do Aventureiro Lendário
11300	UNIQUE_ARMOR_STARTERPACK_LEGENDARY	Legendary Adventurer's Armor	Armadura do Aventureiro Lendário
11301	UNIQUE_UNLOCK_ARMOR_STARTERPACK_LEGENDARY	Wardrobe Skin: Legendary Adventurer's Armor	Fantasia de Armário: Armadura do Aventureiro Lendário
11302	UNIQUE_SHOES_STARTERPACK_LEGENDARY	Legendary Adventurer's Boots	Botas do Aventureiro Lendário
11303	UNIQUE_UNLOCK_SHOES_STARTERPACK_LEGENDARY	Wardrobe Skin: Legendary Adventurer's Boots	Fantasia de Armário: Botas do Aventureiro Lendário
11304	UNIQUE_HEAD_STARTERPACK_ELITE	Adventurer's Helmet	Elmo do Aventureiro
11305	UNIQUE_UNLOCK_HEAD_STARTERPACK_ELITE	Wardrobe Skin: Adventurer's Helmet	Fantasia de Armário: Elmo do Aventureiro
11306	UNIQUE_ARMOR_STARTERPACK_ELITE	Adventurer's Jacket	Casaco do Aventureiro
11307	UNIQUE_UNLOCK_ARMOR_STARTERPACK_ELITE	Wardrobe Skin: Adventurer's Jacket	Fantasia de Armário: Casaco do Aventureiro
11308	UNIQUE_SHOES_STARTERPACK_ELITE	Adventurer's Shoes	Sapatos do Aventureiro
11309	UNIQUE_UNLOCK_SHOES_STARTERPACK_ELITE	Wardrobe Skin: Adventurer's Shoes	Fantasia de Armário: Sapatos do Aventureiro
11310	UNIQUE_HEAD_VANITY_SKELETON_UNDEAD	Undead Skull	Caveira Morta-Viva
11311	UNIQUE_UNLOCK_HEAD_VANITY_SKELETON_UNDEAD	Wardrobe Skin: Undead Skull	Fantasia de Armário: Caveira Morta-Viva
11312	UNIQUE_ARMOR_VANITY_SKELETON_UNDEAD	Undead Ribcage	Caixa Toráxica Morta-Viva
11313	UNIQUE_UNLOCK_ARMOR_VANITY_SKELETON_UNDEAD	Wardrobe Skin: Undead Ribcage	Fantasia de Armário: Caixa Toráxica Morta-Viva
11314	UNIQUE_SHOES_VANITY_SKELETON_UNDEAD	Undead Legs	Pernas Mortas-Vivas
11315	UNIQUE_UNLOCK_SHOES_VANITY_SKELETON_UNDEAD	Wardrobe Skin: Undead Legs	Fantasia de Armário: Pernas Mortas-Vivas
11316	UNIQUE_CAPE_VANITY_SKELETON_UNDEAD	Ragged Undead Cape	Capa Morta-Viva Rasgada
11317	UNIQUE_UNLOCK_CAPE_VANITY_SKELETON_UNDEAD	Wardrobe Skin: Ragged Undead Cape	Fantasia de Armário: Capa Morta-Viva Rasgada
11318	UNIQUE_CAPE_TELLAFRIEND	Recruiter's Cape	Capa do Recrutador
11319	UNIQUE_UNLOCK_CAPE_TELLAFRIEND	Wardrobe Skin: Recruiter's Cape	Fantasia de Armário: Capa do Recrutador
11320	UNIQUE_CAPE_TELLAFRIEND_02	Riuros Cape	Capa de Riuros
11321	UNIQUE_UNLOCK_CAPE_TELLAFRIEND_02	Wardrobe Skin: Riuros Cape	Fantasia de Armário: Capa de Riuros
11322	UNIQUE_CAPE_TELLAFRIEND_BATRIDER	Master of Bats Cape	Capa do Mestre de Morcegos
11323	UNIQUE_UNLOCK_CAPE_TELLAFRIEND_BATRIDER	Wardrobe Skin: Master of Bats Cape	Fantasia de Armário: Capa do Mestre de Morcegos
11324	UNIQUE_CAPE_TELLAFRIEND_BANNER	Recruiter's Banner	Estandarte do Recrutador
11325	UNIQUE_UNLOCK_CAPE_TELLAFRIEND_BANNER	Wardrobe Skin: Recruiter's Banner	Fantasia de Armário: Estandarte do Recrutador
11326	UNIQUE_CAPE_TELLAFRIEND_BANNER_02	Ogronios Banner	Estandarte de Ogronios
11327	UNIQUE_UNLOCK_CAPE_TELLAFRIEND_BANNER_02	Wardrobe Skin: Ogronios Banner	Fantasia de Armário: Estandarte de Ogronios
11328	UNIQUE_CAPE_TOAD_TELLAFRIEND	Recruiter's Cape - Toad	Capa do Recrutador - Sapo
11329	UNIQUE_UNLOCK_CAPE_TOAD_TELLAFRIEND	Wardrobe Skin: Recruiter's Cape - Toad	Fantasia de Armário: Capa do Recrutador - Sapo
11330	UNIQUE_CAPE_BLOODHOUND_TELLAFRIEND	Recruiter's Cape - Rottweiler	Capa do Recrutador - Rottweiler
11331	UNIQUE_UNLOCK_CAPE_BLOODHOUND_TELLAFRIEND	Wardrobe Skin: Recruiter's Cape - Rottweiler	Fantasia de Armário: Capa do Recrutador - Rottweiler
11332	UNIQUE_CAPE_TIGER_TELLAFRIEND	Recruiter's Tiger Cape	Capa Tigre do Recrutador
11333	UNIQUE_UNLOCK_CAPE_TIGER_TELLAFRIEND	Wardrobe Skin: Recruiter's Tiger Cape	Fantasia de Armário: Capa Tigre do Recrutador
11334	UNIQUE_CAPE_RAM_TELLAFRIEND	Recruiter's Fur Cape	Capa de Pelego do Recrutador
11335	UNIQUE_UNLOCK_CAPE_RAM_TELLAFRIEND	Wardrobe Skin: Recruiter's Fur Cape	Fantasia de Armário: Capa de Pelego do Recrutador
11336	UNIQUE_CAPE_WOLF_GREY_TELLAFRIEND	Recruiter's Grey Wolf Cape	Capa do Lobo Cinzento do Recrutador
11337	UNIQUE_UNLOCK_CAPE_WOLF_GREY_TELLAFRIEND	Wardrobe Skin: Recruiter's Grey Wolf Cape	Fantasia de Armário: Capa do Lobo Cinzento do Recrutador
11338	T6_CAPE_PLATE_UNDEAD	Decorative Undead Platemail Cape	Capa Decorativa de Malha de Placas dos Mortos-vivos
11339	UNIQUE_UNLOCK_T6_CAPE_PLATE_UNDEAD	Wardrobe Skin: Decorative Undead Platemail Cape	Fantasia de Armário: Capa Decorativa de Malha de Placas dos Mortos-vivos
11340	T6_CAPE_LEATHER_UNDEAD	Decorative Undead Leather Cape	Capa Decorativa de Couro dos Mortos-vivos
11341	UNIQUE_UNLOCK_T6_CAPE_LEATHER_UNDEAD	Wardrobe Skin: Decorative Undead Leather Cape	Fantasia de Armário: Capa Decorativa de Couro dos Mortos-vivos
11342	T6_CAPE_CLOTH_UNDEAD	Decorative Undead Cloth Cape	Capa Decorativa de Tecido dos Mortos-vivos
11343	UNIQUE_UNLOCK_T6_CAPE_CLOTH_UNDEAD	Wardrobe Skin: Decorative Undead Cloth Cape	Fantasia de Armário: Capa Decorativa de Tecido dos Mortos-vivos
11344	T6_CAPE_PLATE_KEEPER	Decorative Keeper Platemail Cape	Capa Decorativa de Malha de Placas do Protetor
11345	UNIQUE_UNLOCK_T6_CAPE_PLATE_KEEPER	Wardrobe Skin: Decorative Keeper Platemail Cape	Fantasia de Armário: Capa Decorativa de Malha de Placas do Protetor
11346	T6_CAPE_LEATHER_KEEPER	Decorative Keeper Leather Cape	Capa Decorativa de Couro do Protetor
11347	UNIQUE_UNLOCK_T6_CAPE_LEATHER_KEEPER	Wardrobe Skin: Decorative Keeper Leather Cape	Fantasia de Armário: Capa Decorativa de Couro do Protetor
11348	T6_CAPE_CLOTH_KEEPER	Decorative Keeper Cloth Cape	Capa Decorativa de Tecido do Protetor
11349	UNIQUE_UNLOCK_T6_CAPE_CLOTH_KEEPER	Wardrobe Skin: Decorative Keeper Cloth Cape	Fantasia de Armário: Capa Decorativa de Tecido do Protetor
11350	T6_CAPE_PLATE_MORGANA	Decorative Morgana Platemail Cape	Capa Decorativa de Malha de Placas de Morgana
11351	UNIQUE_UNLOCK_T6_CAPE_PLATE_MORGANA	Wardrobe Skin: Decorative Morgana Platemail Cape	Fantasia de Armário: Capa Decorativa de Malha de Placas de Morgana
11352	T6_CAPE_LEATHER_MORGANA	Decorative Morgana Leather Cape	Capa Decorativa de Couro de Morgana
11353	UNIQUE_UNLOCK_T6_CAPE_LEATHER_MORGANA	Wardrobe Skin: Decorative Morgana Leather Cape	Fantasia de Armário: Capa Decorativa de Couro de Morgana
11354	T6_CAPE_CLOTH_MORGANA	Decorative Morgana Cloth Cape	Capa Decorativa de Tecido de Morgana
11355	UNIQUE_UNLOCK_T6_CAPE_CLOTH_MORGANA	Wardrobe Skin: Decorative Morgana Cloth Cape	Fantasia de Armário: Capa Decorativa de Tecido de Morgana
11356	UNIQUE_HEAD_VANITY_ROGUE	Rogue Adventurer's Hood	Capuz do Aventureiro Bandido
11357	UNIQUE_ARMOR_VANITY_ROGUE	Rogue Adventurer's Armor	Armadura do Aventureiro Bandido
11358	UNIQUE_SHOES_VANITY_ROGUE	Rogue Adventurer's Boots	Botas do Aventureiro Bandido
11359	UNIQUE_CAPE_VANITY_ROGUE	Rogue Adventurer's Cape	Capa do Aventureiro Bandido
11360	UNIQUE_VANITY_MAIN_POISONBOTTLE_ROGUE	Rogue Adventurer's Poison Bottle	Garrafa de Veneno do Aventureiro Bandido
11361	SKIN_ARMORED_HORSE_ROGUE	Rogue Adventurer's Armored Horse	Cavalo Blindado do Aventureiro Bandido
11362	UNIQUE_ARMOR_VANITY_ROGUE_GUILD_COLORED	Rogue Adventurer's Heraldic Armor	Armadura Heráldica do Aventureiro Bandido
11363	UNIQUE_CAPE_VANITY_ROGUE_GUILD_COLORED	Rogue Adventurer's Heraldic Cape	Capa Heráldica do Aventureiro Bandido
11364	SKIN_ARMORED_HORSE_ROGUE_GUILD_COLORED	Rogue Adventurer's Heraldic Armored Horse	Cavalo Blindado Heráldico do Aventureiro Bandido
11365	UNIQUE_HEAD_VANITY_KNIGHT	Knight Adventurer's Helmet	Elmo do Aventureiro Cavaleiro
11366	UNIQUE_ARMOR_VANITY_KNIGHT	Knight Adventurer's Armor	Armadura do Aventureiro Cavaleiro
11367	UNIQUE_SHOES_VANITY_KNIGHT	Knight Adventurer's Boots	Botas do Aventureiro Cavaleiro
11368	UNIQUE_CAPE_VANITY_KNIGHT	Knight Adventurer's Cape	Capa do Aventureiro Cavaleiro
11369	UNIQUE_VANITY_2H_BANNER_KNIGHT_GUILD_COLORED	Knight Adventurer's Warbanner	Brasão do Cavaleiro Aventureiro
11370	SKIN_ARMORED_HORSE_KNIGHT	Knight Adventurer's Armored Horse	Cavalo Blindado do Aventureiro Cavaleiro
11371	UNIQUE_HEAD_VANITY_KNIGHT_GUILD_COLORED	Knight Adventurer's Heraldic Helmet	Elmo Heráldico do Cavaleiro Aventureiro
11372	UNIQUE_ARMOR_VANITY_KNIGHT_GUILD_COLORED	Knight Adventurer's Heraldic Armor	Armadura Heráldica do Cavaleiro Aventureiro
11373	UNIQUE_CAPE_VANITY_KNIGHT_GUILD_COLORED	Knight Adventurer's Heraldic Cape	Capa Heráldica do Cavaleiro Aventureiro
11374	SKIN_ARMORED_HORSE_KNIGHT_GUILD_COLORED	Knight Adventurer's Heraldic Armored Horse	Cavalo Blindado Heráldico do Cavaleiro Aventureiro
11375	UNIQUE_HEAD_VANITY_MAGE	Mage Adventurer's Hat	Chapéu do Mago Aventureiro
11376	UNIQUE_ARMOR_VANITY_MAGE	Mage Adventurer's Armor	Armadura do Mago Aventureiro
11377	UNIQUE_SHOES_VANITY_MAGE	Mage Adventurer's Boots	Botas do Mago Aventureiro
11378	UNIQUE_CAPE_VANITY_MAGE	Mage Adventurer's Cape	Capa do Mago Aventureiro
11379	UNIQUE_VANITY_2H_SPELLBOOK_MAGE	Mage Adventurer's Spellbook	Livro de Feitiços do Mago Aventureiro
11380	SKIN_ARMORED_HORSE_MAGE	Mage Adventurer's Armored Horse	Cavalo Blindado do Mago Aventureiro
11381	UNIQUE_HEAD_VANITY_MAGE_GUILD_COLORED	Mage Adventurer's Heraldic Hat	Chapéu Heráldico do Mago Aventureiro
11382	UNIQUE_ARMOR_VANITY_MAGE_GUILD_COLORED	Mage Adventurer's Heraldic Armor	Armadura Heráldica do Mago Aventureiro
11383	UNIQUE_CAPE_VANITY_MAGE_GUILD_COLORED	Mage Adventurer's Heraldic Cape	Capa Heráldica do Mago Aventureiro
11384	SKIN_ARMORED_HORSE_MAGE_GUILD_COLORED	Mage Adventurer's Heraldic Armored Horse	Cavalo Blindado Heráldico do Mago Aventureiro
11385	SKIN_COUGAR_MIST	Miststalker	Perseguidora
11386	UNIQUE_HEAD_VANITY_BARBARIAN	Barbarian's Helmet	Elmo de Bárbaro
11387	UNIQUE_ARMOR_VANITY_BARBARIAN	Barbarian's Harness	Arreio de Bárbaro
11388	UNIQUE_SHOES_VANITY_BARBARIAN	Barbarian's Boots	Botas de Bárbaro
11389	UNIQUE_CAPE_VANITY_BARBARIAN	Barbarian's Cape	Capa de Bárbaro
11390	SKIN_DIREWOLF_BARBARIAN	War Beast	Besta de Guerra
11391	UNIQUE_HEAD_VANITY_SOULKEEPER	Keeper of Souls Cowl	Capote de Protetor de Almas
11392	UNIQUE_ARMOR_VANITY_SOULKEEPER	Keeper of Souls Armor	Armadura de Protetor de Almas
11393	UNIQUE_SHOES_VANITY_SOULKEEPER	Keeper of Souls Boots	Botas de Protetor de Almas
11394	UNIQUE_CAPE_VANITY_SOULKEEPER	Keeper of Souls Cape	Capa de Protetor de Almas
11395	UNIQUE_VANITY_2H_PHYLACTERY_SOULKEEPER	Phylactery of Souls	Talismã das Almas
11396	SKIN_STAG_SOULKEEPER	Keeper of Souls Stag	Veado de Protetor de Almas
11397	SKIN_HORSE_HELL	Hell Mare	Égua do Inferno
11398	SKIN_COUGAR_DARK	Darkfang	Presa Sombria
11399	UNIQUE_HEAD_VANITY_PALADIN	Paladin's Helmet	Elmo de Paladino
11400	UNIQUE_ARMOR_VANITY_PALADIN	Paladin's Armor	Armadura de Paladino
11401	UNIQUE_SHOES_VANITY_PALADIN	Paladin's Boots	Botas de Paladino
11402	UNIQUE_CAPE_VANITY_PALADIN	Paladin's Cape	Capa de Paladino
11403	SKIN_ARMORED_HORSE_PALADIN	Paladin's Warhorse	Cavalo de Guerra de Paladino
11404	UNIQUE_ARMOR_VANITY_PALADIN_GUILD_COLORED	Paladin's Heraldic Armor	Armadura Heráldica do Paladino
11405	UNIQUE_CAPE_VANITY_PALADIN_GUILD_COLORED	Paladin's Heraldic Cape	Capa Heráldica do Paladino
11406	SKIN_ARMORED_HORSE_PALADIN_GUILD_COLORED	Paladin's Heraldic Warhorse	Cavalo de Guerra Heráldico do Paladino
11407	UNIQUE_HEAD_VANITY_PALADIN_ANNIVERSARY	Anniversary Paladin's Helmet	Elmo do Paladino Aniversariante
11408	UNIQUE_ARMOR_VANITY_PALADIN_ANNIVERSARY	Anniversary Paladin's Armor	Armadura do Paladino Aniversariante
11409	UNIQUE_SHOES_VANITY_PALADIN_ANNIVERSARY	Anniversary Paladin's Boots	Botas do Paladino Aniversariante
11410	UNIQUE_CAPE_VANITY_PALADIN_ANNIVERSARY	Anniversary Paladin's Cape	Capa do Paladino Aniversariante
11411	SKIN_ARMORED_HORSE_PALADIN_ANNIVERSARY	Anniversary Paladin's Warhorse	Cavalo de Guerra do Paladino Aniversariante
11412	SKIN_OX_MIST	Mistbison	Bisão da Névoa
11413	UNIQUE_HEAD_VANITY_DEMONHUNTER	Demon Hunter's Hat	Chapéu do Caçador de Demônios
11414	UNIQUE_ARMOR_VANITY_DEMONHUNTER	Demon Hunter's Coat	Casaco do Caçador de Demônios
11415	UNIQUE_SHOES_VANITY_DEMONHUNTER	Demon Hunter's Boots	Botas do Caçador de Demônios
11416	UNIQUE_CAPE_VANITY_DEMONHUNTER	Demon Hunter's Cape	Capa do Caçador de Demônios
11417	SKIN_HORSE_DEMONHUNTER	Demon Hunter's Horse	Cavalo do Caçador de Demônios
11418	SKIN_DIREWOLF_MIST	Mistwolf	Lobo das Névoas
11419	UNIQUE_HEAD_VANITY_DRUID	Druid's Horns	Chifres de Druida
11420	UNIQUE_ARMOR_VANITY_DRUID	Druid's Vestments	Vestes de Druida
11421	UNIQUE_SHOES_VANITY_DRUID	Druid's Shoes	Sapatos de Druida
11422	UNIQUE_CAPE_VANITY_DRUID	Druid's Cape	Capa de Druida
11423	SKIN_STAG_DRUID	Druid's Stag	Veado de Druida
11424	SKIN_COUGAR_SHADOWCAT	Shadowcat	Felino das Sombras
11425	UNIQUE_HEAD_VANITY_DEMONICWARRIOR	Demonic Warrior's Helmet	Elmo de Guerreiro Demoníaco
11426	UNIQUE_ARMOR_VANITY_DEMONICWARRIOR	Demonic Warrior's Armor	Armadura de Guerreiro Demoníaco
11427	UNIQUE_SHOES_VANITY_DEMONICWARRIOR	Demonic Warrior's Boots	Botas de Guerreiro Demoníaco
11428	UNIQUE_CAPE_VANITY_DEMONICWARRIOR	Demonic Warrior's Cape	Capa de Guerreiro Demoníaco
11429	SKIN_DIREWOLF_DEMONICWARRIOR	Saddled Hellhound	Cão do Inferno Selado
11430	UNIQUE_HEAD_VANITY_MONK	Master of Fists Tattoo	Tatuagem de Mestre dos Punhos
11431	UNIQUE_HEAD_VANITY_MONK_HAT	Master of Fists Hat	Chapéu de Mestre dos Punhos
11432	UNIQUE_HEAD_VANITY_MONK_MASK	Master of Fists Mask	Máscara de Mestre dos Punhos
11433	UNIQUE_ARMOR_VANITY_MONK	Master of Fists Robes	Robes de Mestre dos Punhos
11434	UNIQUE_SHOES_VANITY_MONK	Master of Fists Sandals	Sandálias de Mestre dos Punhos
11435	UNIQUE_CAPE_VANITY_MONK	Master of Fists Scroll	Pergaminho de Mestre dos Punhos
11436	SKIN_HORSE_MONK	Master of Fists Horse	Cavalo de Mestre dos Punhos
11437	UNIQUE_HEAD_VANITY_MONK_MASK_GUILD_COLORED	Master of Fists Heraldic Mask	Máscara Heráldica do Mestre dos Punhos
11438	UNIQUE_ARMOR_VANITY_MONK_GUILD_COLORED	Master of Fists Heraldic Robes	Robes Heráldicos do Mestre dos Punhos
11439	SKIN_DIREWOLF_UNDEAD	Undead Direwolf	Lobo-vil Morto-vivo
11440	UNIQUE_HEAD_VANITY_MARAUDER	Reaver's Helmet	Elmo do Saqueador
11441	UNIQUE_ARMOR_VANITY_MARAUDER	Reaver's Armor	Armadura do Saqueador
11442	UNIQUE_SHOES_VANITY_MARAUDER	Reaver's Boots	Botas do Saqueador
11443	UNIQUE_CAPE_VANITY_MARAUDER	Reaver's Cape	Capa do Saqueador
11444	SKIN_ARMORED_HORSE_MARAUDER	Reaver's Armored Horse	Cavalo Blindado do Saqueador
11445	UNIQUE_HEAD_VANITY_MARAUDER_ANNIVERSARY	Anniversary Reaver's Helmet	Elmo do Saqueador Aniversariante
11446	UNIQUE_ARMOR_VANITY_MARAUDER_ANNIVERSARY	Anniversary Reaver's Armor	Armadura do Saqueador Aniversariante
11447	UNIQUE_SHOES_VANITY_MARAUDER_ANNIVERSARY	Anniversary Reaver's Boots	Botas do Saqueador Aniversariante
11448	UNIQUE_CAPE_VANITY_MARAUDER_ANNIVERSARY	Anniversary Reaver's Cape	Capa do Saqueador Aniversariante
11449	SKIN_ARMORED_HORSE_MARAUDER_ANNIVERSARY	Anniversary Reaver's Armored Horse	Cavalo Blindado do Saqueador Aniversariante
11450	UNIQUE_HEAD_VANITY_FIREMAGE	Pyromancer's Aspect	Aspecto do Piromante
11451	UNIQUE_ARMOR_VANITY_FIREMAGE	Pyromancer's Robe	Robe do Piromante
11452	UNIQUE_SHOES_VANITY_FIREMAGE	Pyromancer's Boots	Botas do Piromante
11453	UNIQUE_CAPE_VANITY_FIREMAGE	Pyromancer's Cape	Capa do Piromante
11454	SKIN_COUGAR_FIREMAGE	Flamebeast	Besta Flamejante
11455	UNIQUE_HEAD_VANITY_FROSTMAGE	Cryomancer's Aspect	Aspecto do Criomante
11456	UNIQUE_ARMOR_VANITY_FROSTMAGE	Cryomancer's Robe	Robe do Criomante
11457	UNIQUE_SHOES_VANITY_FROSTMAGE	Cryomancer's Boots	Botas do Criomante
11458	UNIQUE_CAPE_VANITY_FROSTMAGE	Cryomancer's Cape	Capa do Criomante
11459	SKIN_COUGAR_FROSTMAGE	Frostbeast	Fera de Gelo
11460	SKIN_DIREBOAR_OCCULT	Cursed Direboar	Javali-vil Amaldiçoado
11461	UNIQUE_HEAD_VANITY_PRIEST_HOLY	Priest's Hood	Capuz de Sacerdote
11462	UNIQUE_ARMOR_VANITY_PRIEST_HOLY	Priest's Robe	Robe de Sacerdote
11463	UNIQUE_SHOES_VANITY_PRIEST_HOLY	Priest's Boots	Botas de Sacerdote
11464	UNIQUE_CAPE_VANITY_PRIEST_HOLY	Priest's Cape	Capa de Sacerdote
11465	SKIN_HORSE_PRIEST_HOLY	Ethereal Horse	Cavalo Etéreo
11466	UNIQUE_HEAD_VANITY_RANGER_HOOD	Ranger's Hood	Capuz do Sentinela
11467	UNIQUE_HEAD_VANITY_RANGER_MASK	Ranger's Mask	Máscara do Sentinela
11468	UNIQUE_ARMOR_VANITY_RANGER	Ranger's Armor	Armadura do Sentinela
11469	UNIQUE_SHOES_VANITY_RANGER	Ranger's Boots	Botas de Sentinela
11470	UNIQUE_CAPE_VANITY_RANGER	Ranger's Cape	Capa do Sentinela
11471	SKIN_COUGAR_RANGER	Mistprowler	Predador da Névoa
11472	UNIQUE_HEAD_VANITY_BATTLEMAGE	Arcanist's Helmet	Elmo do Arcanista
11473	UNIQUE_ARMOR_VANITY_BATTLEMAGE	Arcanist's Armor	Armadura do Arcanista
11474	UNIQUE_SHOES_VANITY_BATTLEMAGE	Arcanist's Boots	Botas do Arcanista
11475	UNIQUE_CAPE_VANITY_BATTLEMAGE	Arcanist's Cape	Capa do Arcanista
11476	SKIN_DIREBOAR_BATTLEMAGE	Arcane Direboar	Javali-vil do Arcano
11477	UNIQUE_HEAD_VANITY_ZEALOT	Zealot's Hood	Capuz do Zelote
11478	UNIQUE_ARMOR_VANITY_ZEALOT	Zealot's Harness	Armadura do Zelote
11479	UNIQUE_SHOES_VANITY_ZEALOT	Zealot's Shoes	Sapatos do Zelote
11480	UNIQUE_CAPE_VANITY_ZEALOT	Zealot's Cape	Capa do Zelote
11481	SKIN_DIREWOLF_ZEALOT	Cursed Hound	Lobo de caça Amaldiçoado
11482	UNIQUE_HEAD_VANITY_TITAN	Titan's Helmet	Elmo do Titã
11483	UNIQUE_ARMOR_VANITY_TITAN	Titan's Armor	Armadura do Titã
11484	UNIQUE_SHOES_VANITY_TITAN	Titan's Boots	Botas do Titã
11485	UNIQUE_CAPE_VANITY_TITAN	Titan's Cape	Capa do Titã
11486	SKIN_ARMORED_HORSE_TITAN	Titan's Warhorse	Cavalo de Guerra do Titã
11487	UNIQUE_HEAD_VANITY_ASSASSIN	Assassin's Mask	Máscara do Assassino
11488	UNIQUE_ARMOR_VANITY_ASSASSIN	Assassin's Armor	Armadura do Assassino
11489	UNIQUE_SHOES_VANITY_ASSASSIN	Assassin's Boots	Botas do Assassino
11490	UNIQUE_CAPE_VANITY_ASSASSIN	Assassin's Swords	Espadas do Assassino
11491	SKIN_COUGAR_ASSASSIN	Assassin's Panther	Pantera do Assassino
11492	UNIQUE_HEAD_VANITY_TRACKER	Tracker's Hood	Capuz do Rastreador
11493	UNIQUE_ARMOR_VANITY_TRACKER	Tracker's Armor	Armadura do Rastreador
11494	UNIQUE_SHOES_VANITY_TRACKER	Tracker's Boots	Botas do Rastreador
11495	UNIQUE_CAPE_VANITY_TRACKER	Tracker's Spear	Lança do Rastreador
11496	SKIN_HORSE_TRACKER	Tracker's Horse	Cavalo do Rastreador
11497	UNIQUE_HEAD_VANITY_ALCHEMIST	Alchemist's Glasses	Óculos do Alquimista
11498	UNIQUE_ARMOR_VANITY_ALCHEMIST	Alchemist's Armor	Armadura do Alquimista
11499	UNIQUE_SHOES_VANITY_ALCHEMIST	Alchemist's Boots	Botas do Alquimista
11500	UNIQUE_CAPE_VANITY_ALCHEMIST	Alchemist's Backpack	Mochila do Alquimista
11501	SKIN_DIREBOAR_ALCHEMIST	Alchemist's Packboar	Javali de Carga do Alquimista
11502	UNIQUE_HEAD_VANITY_ALCHEMIST_ANNIVERSARY	Anniversary Alchemist's Glasses	Óculos do Alquimista Aniversariante
11503	UNIQUE_ARMOR_VANITY_ALCHEMIST_ANNIVERSARY	Anniversary Alchemist's Armor	Armadura do Alquimista Aniversariante
11504	UNIQUE_SHOES_VANITY_ALCHEMIST_ANNIVERSARY	Anniversary Alchemist's Boots	Botas do Alquimista Aniversariante
11505	UNIQUE_CAPE_VANITY_ALCHEMIST_ANNIVERSARY	Anniversary Alchemist's Backpack	Mochila do Alquimista Aniversariante
11506	SKIN_DIREBOAR_ALCHEMIST_ANNIVERSARY	Anniversary Alchemist's Packboar	Javali de Carga do Alquimista Aniversariante
11507	UNIQUE_HEAD_VANITY_FROSTKNIGHT	Frost Knight's Helmet	Elmo do Cavaleiro de Gelo
11508	UNIQUE_ARMOR_VANITY_FROSTKNIGHT	Frost Knight's Armor	Armadura do Cavaleiro de Gelo
11509	UNIQUE_SHOES_VANITY_FROSTKNIGHT	Frost Knight's Boots	Botas do Cavaleiro de Gelo
11510	UNIQUE_CAPE_VANITY_FROSTKNIGHT	Frost Knight's Cape	Capa do Cavaleiro de Gelo
11511	SKIN_ARMORED_HORSE_FROSTKNIGHT	Frost Knight's Warhorse	Cavalo de Guerra do Cavaleiro de Gelo
11512	UNIQUE_HEAD_VANITY_DUELIST	Duelist's Hat	Chapéu do Duelista
11513	UNIQUE_ARMOR_VANITY_DUELIST	Duelist's Armor	Armadura do Duelista
11514	UNIQUE_SHOES_VANITY_DUELIST	Duelist's Boots	Botas do Duelista
11515	UNIQUE_CAPE_VANITY_DUELIST	Duelist's Cape	Capa do Duelista
11516	SKIN_COUGAR_DUELIST	Duelist's Lynx	Lince do Duelista
11517	UNIQUE_HEAD_VANITY_CORRUPTED_PREACHER	Corrupted Preacher's Hat	Chapéu do Pregador Corrompido
11518	UNIQUE_ARMOR_VANITY_CORRUPTED_PREACHER	Corrupted Preacher's Coat	Chapéu do Pregador Corrompido
11519	UNIQUE_SHOES_VANITY_CORRUPTED_PREACHER	Corrupted Preacher's Boots	Botas do Pregador Corrompido
11520	UNIQUE_CAPE_VANITY_CORRUPTED_PREACHER	Corrupted Preacher's Cape	Capa do Pregador Corrompido
11521	SKIN_OX_CORRUPTED_PREACHER	Corrupted Preacher's Ox	Boi do Pregador Corrompido
11522	UNIQUE_HEAD_VANITY_CORRUPTED_PREACHER_ANNIVERSARY	Anniversary Corrupted Preacher's Hat	Chapéu do Pregador Corrompido Aniversariante
11523	UNIQUE_ARMOR_VANITY_CORRUPTED_PREACHER_ANNIVERSARY	Anniversary Corrupted Preacher's Coat	Casaco do Pregador Corrompido Aniversariante
11524	UNIQUE_SHOES_VANITY_CORRUPTED_PREACHER_ANNIVERSARY	Anniversary Corrupted Preacher's Boots	Botas do Pregador Corrompido Aniversariante
11525	UNIQUE_CAPE_VANITY_CORRUPTED_PREACHER_ANNIVERSARY	Anniversary Corrupted Preacher's Cape	Capa do Pregador Corrompido Aniversariante
11526	SKIN_OX_CORRUPTED_PREACHER_ANNIVERSARY	Anniversary Corrupted Preacher's Ox	Boi do Pregador Corrompido Aniversariante
11527	UNIQUE_HEAD_VANITY_BARBARIAN_ANNIVERSARY	Anniversary Barbarian's Helmet	Elmo de Bárbaro Aniversariante
11528	UNIQUE_ARMOR_VANITY_BARBARIAN_ANNIVERSARY	Anniversary Barbarian's Harness	Arreio de Bárbaro Aniversariante
11529	UNIQUE_SHOES_VANITY_BARBARIAN_ANNIVERSARY	Anniversary Barbarian's Boots	Botas de Bárbaro Aniversariante
11530	UNIQUE_CAPE_VANITY_BARBARIAN_ANNIVERSARY	Anniversary Barbarian's Cape	Capa de Bárbaro Aniversariante
11531	SKIN_DIREWOLF_BARBARIAN_ANNIVERSARY	Anniversary War Beast	Besta de Guerra de Aniversário
11532	UNIQUE_HEAD_VANITY_PRIEST_HOLY_ANNIVERSARY	Anniversary Priest's Hood	Capuz de Sacerdote Aniversariante
11533	UNIQUE_ARMOR_VANITY_PRIEST_HOLY_ANNIVERSARY	Anniversary Priest's Robe	Robe de Sacerdote Aniversariante
11534	UNIQUE_SHOES_VANITY_PRIEST_HOLY_ANNIVERSARY	Anniversary Priest's Boots	Botas de Sacerdote Aniversariante
11535	UNIQUE_CAPE_VANITY_PRIEST_HOLY_ANNIVERSARY	Anniversary Priest's Cape	Capa de Sacerdote Aniversariante
11536	SKIN_HORSE_PRIEST_HOLY_ANNIVERSARY	Anniversary Ethereal Horse	Cavalo Etéreo de Aniversário
11537	UNIQUE_HEAD_VANITY_FW_COMMANDER	Commander's Aspect	Aspecto do Comandante
11538	UNIQUE_ARMOR_VANITY_FW_COMMANDER	Commander's Armor	Armadura do Comandante
11539	UNIQUE_ARMOR_VANITY_FW_COMMANDER_GUILD_COLORED	Commander's Heraldic Armor	Armadura Heráldica do Comandante
11540	UNIQUE_SHOES_VANITY_FW_COMMANDER	Commander's Shoes	Sapatos do Comandante
11541	UNIQUE_CAPE_VANITY_FW_COMMANDER	Commander's Cape	Capa do Comandante
11542	UNIQUE_CAPE_VANITY_FW_COMMANDER_GUILD_COLORED	Commander's Heraldic Cape	Capa Heráldica do Comandante
11543	SKIN_ARMORED_HORSE_FW_COMMANDER	Commander's Armored Horse	Cavalo Blindado do Comandante
11544	SKIN_ARMORED_HORSE_FW_COMMANDER_GUILD_COLORED	Commander's Heraldic Armored Horse	Cavalo Blindado Heráldico do Comandante
11545	UNIQUE_HEAD_VANITY_PRIEST_DARK_SWAMP	Swampstrider's Mask	Máscara do Pantaneiro
11546	UNIQUE_ARMOR_VANITY_PRIEST_DARK_SWAMP	Swampstrider's Armor	Armadura do Pantaneiro
11547	UNIQUE_SHOES_VANITY_PRIEST_DARK_SWAMP	Swampstrider's Boots	Botas do Pantaneiro
11548	UNIQUE_CAPE_VANITY_PRIEST_DARK_SWAMP	Swampstrider's Cape	Capa do Pantaneiro
11549	SKIN_LIZARD_PRIEST_DARK_SWAMP	Swampstrider's Lizard	Lagarto do Pantaneiro
11550	UNIQUE_BACKPACK_VANITY_KICKSTART	Warden's Backpack	Mochila do Vigilante
11551	UNIQUE_UNLOCK_BACKPACK_VANITY_KICKSTART	Wardrobe Skin: Warden's Backpack	Fantasia de Armário: Mochila do Vigilante
11552	UNIQUE_HEAD_VANITY_KICKSTART_2024_UPGRADE	Warden's Legendary Helmet	Elmo Lendário do Vigilante
11553	UNIQUE_UNLOCK_HEAD_VANITY_KICKSTART_2024_UPGRADE	Wardrobe Skin: Warden's Legendary Helmet	Fantasia de Armário: Elmo Lendário do Vigilante
11554	UNIQUE_ARMOR_VANITY_KICKSTART_2024_UPGRADE	Warden's Legendary Armor	Armadura Lendária do Vigilante
11555	UNIQUE_UNLOCK_ARMOR_VANITY_KICKSTART_2024_UPGRADE	Wardrobe Skin: Warden's Legendary Armor	Fantasia de Armário: Armadura Lendária do Vigilante
11556	UNIQUE_SHOES_VANITY_KICKSTART_2024_UPGRADE	Warden's Legendary Boots	Botas Lendárias do Vigilante
11557	UNIQUE_UNLOCK_SHOES_VANITY_KICKSTART_2024_UPGRADE	Wardrobe Skin: Warden's Legendary Boots	Fantasia de Armário: Botas Lendárias do Vigilante
11558	UNIQUE_CAPE_VANITY_KICKSTART_2024_UPGRADE	Warden's Legendary Axe	Machado Lendário do Vigilante
11559	UNIQUE_UNLOCK_CAPE_VANITY_KICKSTART_2024_UPGRADE	Wardrobe Skin: Warden's Legendary Axe	Fantasia de Armário: Machado Lendário do Vigilante
11560	SKIN_HORSE_KICKSTART_2024_UPGRADE	Warden's Legendary Steed	Corcel Lendário do Vigilante
11561	UNIQUE_UNLOCK_HORSE_VANITY_KICKSTART_2024_UPGRADE	Riding Horse Skin: Warden's Legendary Steed	Fantasia de Cavalo de Montar: Corcel Lendário do Vigilante
11562	UNIQUE_HEAD_VANITY_KICKSTART_2024	Warden's Helmet	Elmo do Vigilante
11563	UNIQUE_UNLOCK_HEAD_VANITY_KICKSTART_2024	Wardrobe Skin: Warden's Helmet	Fantasia de Armário: Elmo do Vigilante
11564	UNIQUE_ARMOR_VANITY_KICKSTART_2024	Warden's Armor	Armadura do Vigilante
11565	UNIQUE_UNLOCK_ARMOR_VANITY_KICKSTART_2024	Wardrobe Skin: Warden's Armor	Fantasia de Armário: Armadura do Vigilante
11566	UNIQUE_SHOES_VANITY_KICKSTART_2024	Warden's Boots	Botas do Vigilante
11567	UNIQUE_UNLOCK_SHOES_VANITY_KICKSTART_2024	Wardrobe Skin: Warden's Boots	Fantasia de Armário: Botas do Vigilante
11568	UNIQUE_CAPE_VANITY_KICKSTART_2024	Warden's Axe	Machado do Vigilante
11569	UNIQUE_UNLOCK_CAPE_VANITY_KICKSTART_2024	Wardrobe Skin: Warden's Axe	Fantasia de Armário: Machado do Vigilante
11570	SKIN_HORSE_KICKSTART_2024	Warden's Steed	Corcel do Vigilante
11571	UNIQUE_UNLOCK_HORSE_VANITY_KICKSTART_2024	Riding Horse Skin: Warden's Steed	Fantasia de Cavalo de Montar: Corcel do Vigilante
11572	UNIQUE_HEAD_VANITY_KNIGHT_GREEN	Green Knight's Helmet	Elmo do Cavaleiro Verde
11573	UNIQUE_ARMOR_VANITY_KNIGHT_GREEN	Green Knight's Armor	Armadura do Cavaleiro Verde
11574	UNIQUE_SHOES_VANITY_KNIGHT_GREEN	Green Knight's Boots	Botas do Cavaleiro Verde
11575	UNIQUE_CAPE_VANITY_KNIGHT_GREEN	Green Knight's Cape	Capa do Cavaleiro Verde
11576	SKIN_ARMORED_HORSE_KNIGHT_GREEN	Green Knight's Armored Horse	Cavalo Blindado do Cavaleiro Verde
11577	UNIQUE_HEAD_VANITY_KNIGHT_GREEN_ELITE	Elite Green Knight's Helmet	Elmo do Cavaleiro Verde de Elite
11578	UNIQUE_ARMOR_VANITY_KNIGHT_GREEN_ELITE	Elite Green Knight's Armor	Armadura do Cavaleiro Verde de Elite
11579	UNIQUE_SHOES_VANITY_KNIGHT_GREEN_ELITE	Elite Green Knight's Boots	Botas do Cavaleiro Verde de Elite
11580	UNIQUE_CAPE_VANITY_KNIGHT_GREEN_ELITE	Elite Green Knight's Cape	Capa do Cavaleiro Verde de Elite
11581	SKIN_ARMORED_HORSE_KNIGHT_GREEN_ELITE	Elite Green Knight's Armored Horse	Cavalo Blindado do Cavaleiro Verde de Elite
11582	UNIQUE_UNLOCK_HEAD_VANITY_SMUGGLER	Wardrobe Skin: Smuggler's Hat	Fantasia de Armário: Chapéu do Contrabandista
11583	UNIQUE_HEAD_VANITY_SMUGGLER	Smuggler's Hat	Chapéu do Contrabandista
11584	UNIQUE_UNLOCK_ARMOR_VANITY_SMUGGLER	Wardrobe Skin: Smuggler's Coat	Fantasia de Armário: Jaqueta do Contrabandista
11585	UNIQUE_ARMOR_VANITY_SMUGGLER	Smuggler's Coat	Jaqueta do Contrabandista
11586	UNIQUE_UNLOCK_SHOES_VANITY_SMUGGLER	Wardrobe Skin: Smuggler's Boots	Fantasia de Armário: Botas do Contrabandista
11587	UNIQUE_SHOES_VANITY_SMUGGLER	Smuggler's Boots	Botas do Contrabandista
11588	UNIQUE_UNLOCK_CAPE_VANITY_SMUGGLER	Wardrobe Skin: Smuggler's Cloak	Fantasia de Armário: Manto do Contrabandista
11589	UNIQUE_CAPE_VANITY_SMUGGLER	Smuggler's Cloak	Manto do Contrabandista
11590	UNIQUE_UNLOCK_HEAD_VANITY_DRAGON_FACTION	Wardrobe Skin: Ancient Mystic's Mask	Fantasia de Armário: Máscara do Místico Ancestral
11591	UNIQUE_HEAD_VANITY_DRAGON_FACTION	Ancient Mystic's Mask	Máscara do Místico Ancestral
11592	UNIQUE_UNLOCK_ARMOR_VANITY_DRAGON_FACTION	Wardrobe Skin: Ancient Mystic's Garb	Fantasia de Armário: Vestimenta do Místico Ancestral
11593	UNIQUE_ARMOR_VANITY_DRAGON_FACTION	Ancient Mystic's Garb	Vestimenta do Místico Ancestral
11594	UNIQUE_UNLOCK_SHOES_VANITY_DRAGON_FACTION	Wardrobe Skin: Ancient Mystic's Boots	Fantasia de Armário: Botas do Místico Ancestral
11595	UNIQUE_SHOES_VANITY_DRAGON_FACTION	Ancient Mystic's Boots	Botas do Místico Ancestral
11596	UNIQUE_UNLOCK_CAPE_VANITY_DRAGON_FACTION	Wardrobe Skin: Ancient Mystic's Cape	Fantasia de Armário: Capa do Místico Ancestral
11597	UNIQUE_CAPE_VANITY_DRAGON_FACTION	Ancient Mystic's Cape	Capa do Místico Ancestral
11598	UNIQUE_HEAD_VANITY_KNIGHT_AOCP	Noble Knight's Helmet	Elmo do Cavaleiro Nobre
11599	UNIQUE_UNLOCK_HEAD_VANITY_KNIGHT_AOCP_NON_TRADABLE	Wardrobe Skin: Noble Knight's Helmet	Fantasia de Armário: Elmo do Cavaleiro Nobre
11600	UNIQUE_ARMOR_VANITY_KNIGHT_AOCP	Noble Knight's Armor	Armadura do Cavaleiro Nobre
11601	UNIQUE_UNLOCK_ARMOR_VANITY_KNIGHT_AOCP_NON_TRADABLE	Wardrobe Skin: Noble Knight's Armor	Fantasia de Armário: Armadura do Cavaleiro Nobre
11602	UNIQUE_SHOES_VANITY_KNIGHT_AOCP	Noble Knight's Shoes	Sapatos do Cavaleiro Nobre
11603	UNIQUE_UNLOCK_SHOES_VANITY_KNIGHT_AOCP_NON_TRADABLE	Wardrobe Skin: Noble Knight's Shoes	Fantasia de Armário: Sapatos do Cavaleiro Nobre
11604	UNIQUE_CAPE_VANITY_KNIGHT_AOCP	Noble Knight's Cape	Capa do Cavaleiro Nobre
11605	UNIQUE_UNLOCK_CAPE_VANITY_KNIGHT_AOCP_NON_TRADABLE	Wardrobe Skin: Noble Knight's Cape	Fantasia de Armário: Capa do Cavaleiro Nobre
11606	SKIN_DIREBOAR_FIBER_GATHERER	Buttercup	Botão-de-ouro
11607	UNIQUE_UNLOCK_DIREBOAR_FIBER_GATHERER	Direboar Skin: Buttercup	Fantasia de Javali-vil: Botão-de-ouro
11608	UNIQUE_OFF_VANITY_PUMPKIN_HAPPY	Snack-O'-Lantern	Lanterna Lancheira
11609	UNIQUE_UNLOCK_OFF_VANITY_PUMPKIN_HAPPY_NON_TRADABLE	Wardrobe Skin: Snack-O'-Lantern	Fantasia de Armário: Lanterna Lancheira
11610	UNIQUE_OFF_VANITY_PUMPKIN_SAD	Burp-O'-Lantern	Lanterna Indigesta
11611	UNIQUE_UNLOCK_OFF_VANITY_PUMPKIN_SAD_NON_TRADABLE	Wardrobe Skin: Burp-O'-Lantern	Fantasia de Armário: Lanterna Indigesta
11612	UNIQUE_OFF_VANITY_PUMPKIN_ANGRY	Grump-O'-Lantern	Lanterna Raivosa
11613	UNIQUE_UNLOCK_OFF_VANITY_PUMPKIN_ANGRY_NON_TRADABLE	Wardrobe Skin: Grump-O'-Lantern	Fantasia de Armário: Lanterna Raivosa
11614	SKIN_COUGAR_FIREDRAGON	Flamescale	Escama Chamuscante
11615	UNIQUE_UNLOCK_SKIN_COUGAR_FIREDRAGON	Swiftclaw Skin: Flamescale	Fantasia de Garra-ligeira: Escama Chamuscante
11616	UNIQUE_UNLOCK_HEAD_VANITY_FW_SOLDIER_PLATE		
11617	UNIQUE_HEAD_VANITY_FW_SOLDIER_PLATE	Faction Legionnaire's Helm	Elmo do Legionário de Facção
11618	UNIQUE_UNLOCK_ARMOR_VANITY_FW_SOLDIER_PLATE		
11619	UNIQUE_ARMOR_VANITY_FW_SOLDIER_PLATE	Faction Legionnaire's Armor	Armadura do Legionário de Facção
11620	UNIQUE_UNLOCK_SHOES_VANITY_FW_SOLDIER_PLATE		
11621	UNIQUE_SHOES_VANITY_FW_SOLDIER_PLATE	Faction Legionnaire's Boots	Botas do Legionário de Facção
11622	UNIQUE_UNLOCK_CAPE_VANITY_FW_SOLDIER_PLATE		
11623	UNIQUE_CAPE_VANITY_FW_SOLDIER_PLATE	Faction Legionnaire's Cape	Capa do Legionário de Facção
11624	UNIQUE_UNLOCK_AVATAR_FW_SOLDIER		
11625	UNIQUE_UNLOCK_AVATARRING_FW_SOLDIER		
11626	UNIQUE_UNLOCK_AVATAR_MERCENARY_01		
11627	UNIQUE_UNLOCK_AVATAR_BEAR_01		
11628	UNIQUE_UNLOCK_AVATAR_WOLF_01		
11629	UNIQUE_UNLOCK_AVATAR_HARVESTER_01		
11630	UNIQUE_UNLOCK_AVATAR_MORGANA_01		
11631	UNIQUE_HEAD_VANITY_VALKYRIE	Valkyrie's Helmet	Elmo da Valquíria
11632	UNIQUE_ARMOR_VANITY_VALKYRIE	Valkyrie's Armor	Armadura da Valquíria
11633	UNIQUE_SHOES_VANITY_VALKYRIE	Valkyrie's Boots	Botas da Valquíria
11634	UNIQUE_CAPE_VANITY_VALKYRIE	Valkyrie's Cape	Capa da Valquíria
11635	SKIN_DIREBEAR_VALKYRIE	Valkyrie's Direbear	Urso-vil da Valquíria
11636	UNIQUE_HEAD_VANITY_DRAGONHUNTER	Dragon Hunter's Helmet	Elmo do Caçador de Dragões
11637	UNIQUE_ARMOR_VANITY_DRAGONHUNTER	Dragon Hunter's Armor	Armadura do Caçador de Dragões
11638	UNIQUE_SHOES_VANITY_DRAGONHUNTER	Dragon Hunter's Boots	Botas do Caçador de Dragões
11639	UNIQUE_CAPE_VANITY_DRAGONHUNTER	Dragon Hunter's Cape	Capa do Caçador de Dragões
11640	SKIN_STAG_DRAGONHUNTER	Dragon Hunter's Stag	Veado do Caçador de Dragões
11641	UNIQUE_TEST_DUNGEONMAP_PROTOTYPE		
11642	T4_TOKEN_CRYSTALLEAGUE_CITY_LVL_01_TEMPLATE		
11643	T4_TOKEN_CRYSTALLEAGUE_CITY_LVL_02_TEMPLATE		
11644	T4_TOKEN_CRYSTALLEAGUE_CITY_LVL_03_S11_TEMPLATE		
11645	T4_TOKEN_CRYSTALLEAGUE_CITY_LVL_03_TEMPLATE		
11646	T4_TOKEN_CRYSTALLEAGUE_CITY_NOVENDOR_LVL_02_TEMPLATE		
11647	T4_TOKEN_CRYSTALLEAGUE_CITY_LVL_04_TEMPLATE		
11648	T4_TOKEN_CRYSTALLEAGUE_CITY_LVL_05_TEMPLATE		
11649	T4_TOKEN_CRYSTALLEAGUE_CITY_LVL_06_TEMPLATE		
11650	T4_TOKEN_CRYSTALLEAGUE_CITY_LVL_07_TEMPLATE		
11651	T4_TOKEN_CRYSTALLEAGUE_LVL_01_TEMPLATE		
11652	T4_TOKEN_CRYSTALLEAGUE_LVL_02_TEMPLATE		
11653	T4_TOKEN_CRYSTALLEAGUE_LVL_03_TEMPLATE		
11654	T4_TOKEN_CRYSTALLEAGUE_NOVENDOR_LVL_02_TEMPLATE		
11655	T4_TOKEN_CRYSTALLEAGUE_NOVENDOR_LVL_03_TEMPLATE		
11656	T4_TOKEN_CRYSTALLEAGUE_LVL_04_TEMPLATE		
11657	T4_TOKEN_CRYSTALLEAGUE_LVL_05_TEMPLATE		
11658	T4_TOKEN_CRYSTALLEAGUE_LVL_06_TEMPLATE		
11659	T4_TOKEN_CRYSTALLEAGUE_LVL_07_TEMPLATE		
11660	T4_TOKEN_CRYSTALLEAGUE_LVL_08_TEMPLATE		
11661	T4_TOKEN_CRYSTALLEAGUE_LVL_09_TEMPLATE		
11662	T4_TOKEN_CRYSTALLEAGUE_NONLETHAL_LVL_01_TEMPLATE		
11663	T4_TOKEN_CRYSTALLEAGUE_NONLETHAL_LVL_02_TEMPLATE		
11664	T4_TOKEN_CRYSTALLEAGUE_NONLETHAL_LVL_03_TEMPLATE		
11665	T4_TOKEN_CRYSTALLEAGUE_NONLETHAL_LVL_04_TEMPLATE		
11666	T4_TOKEN_CRYSTALLEAGUE_NONLETHAL_LVL_05_TEMPLATE		
11667	T4_TOKEN_CRYSTALLEAGUE_NONLETHAL_LVL_06_TEMPLATE		
11668	T4_TOKEN_CRYSTALLEAGUE_NONLETHAL_LVL_07_TEMPLATE		
11669	T4_TOKEN_CRYSTALLEAGUE_NONLETHAL_LVL_08_TEMPLATE		
11670	T4_TOKEN_CRYSTALLEAGUE_NONLETHAL_LVL_09_TEMPLATE		
11671	UNIQUE_TOKEN_COMMUNITY	Community Token	Token da Comunidade
11672	UNIQUE_TOKEN_AOCP	Noble Community Token	Token da Comunidade Nobre
11673	UNIQUE_LOOTCHEST_COMMUNITY_COMMON	Common Community Chest	Baú da Comunidade Comum
11674	UNIQUE_LOOTCHEST_COMMUNITY_COMMON_PREMIUM@1	Premium Common Community Chest	Baú da Comunidade Comum Premium
11675	UNIQUE_LOOTCHEST_COMMUNITY_RARE	Rare Community Chest	Baú da Comunidade Raro
11676	UNIQUE_LOOTCHEST_COMMUNITY_RARE_PREMIUM@1	Premium Rare Community Chest	Baú da Comunidade Raro Premium
11677	UNIQUE_LOOTCHEST_COMMUNITY_EPIC	Epic Community Chest	Baú da Comunidade Épico
11678	UNIQUE_LOOTCHEST_COMMUNITY_EPIC_PREMIUM@1	Premium Epic Community Chest	Baú da Comunidade Épico Premium
11679	UNIQUE_LOOTCHEST_COMMUNITY_LEGENDARY	Legendary Community Chest	Baú da comunidade Lendário
11680	UNIQUE_LOOTCHEST_COMMUNITY_LEGENDARY_PREMIUM@1	Premium Legendary Community Chest	Baú da Comunidade Lendário Premium
11681	UNIQUE_LOOTCHEST_COMMUNITY_EXCLUSIVE_COMMON	Common Community Treasure	Tesouro da Comunidade Comum
11682	UNIQUE_LOOTCHEST_COMMUNITY_EXCLUSIVE_COMMON_PREMIUM@1	Premium Common Community Treasure	Tesouro da Comunidade Comum Premium
11683	UNIQUE_LOOTCHEST_COMMUNITY_EXCLUSIVE_RARE	Rare Community Treasure	Tesouro da Comunidade Raro
11684	UNIQUE_LOOTCHEST_COMMUNITY_EXCLUSIVE_RARE_PREMIUM@1	Premium Rare Community Treasure	Tesouro da Comunidade Raro Premium
11685	UNIQUE_LOOTCHEST_COMMUNITY_EXCLUSIVE_EPIC	Epic Community Treasure	Tesouro da Comunidade Épico
11686	UNIQUE_LOOTCHEST_COMMUNITY_EXCLUSIVE_EPIC_PREMIUM@1	Premium Epic Community Treasure	Tesouro da Comunidade Épico Premium
11687	UNIQUE_LOOTCHEST_COMMUNITY_EXCLUSIVE_LEGENDARY	Legendary Community Treasure	Tesouro da Comunidade Lendário
11688	UNIQUE_LOOTCHEST_COMMUNITY_EXCLUSIVE_LEGENDARY_PREMIUM@1	Premium Legendary Community Treasure	Tesouro da Comunidade Lendário Premium
11689	UNIQUE_LOOTCHEST_COMMUNITY_GENERIC	Community Chest	Baú da Comunidade
11690	UNIQUE_LOOTCHEST_COMMUNITY_GENERIC_PREMIUM@1	Premium Community Chest	Baú da Comunidade Premium
11691	UNIQUE_LOOTCHEST_AOCP	Noble Community Chest	Baú da Comunidade Nobre
11692	UNIQUE_LOOTCHEST_AOCP_PREMIUM@1	Premium Noble Community Chest	Baú da Comunidade Nobre Premium
11693	UNIQUE_UNLOCK_HEAD_VANITY_DRESS_BLUE_NON_TRADABLE	Wardrobe Skin: Blue Princess Hat	Fantasia de Armário: Chapéu Azul de Princesa
11694	UNIQUE_UNLOCK_HEAD_VANITY_DRESS_BLACK_NON_TRADABLE	Wardrobe Skin: Noblewoman's Jewelry	Fantasia de Armário: Jóias de Fidalga
11695	UNIQUE_UNLOCK_HEAD_VANITY_PRIEST_NON_TRADABLE	Wardrobe Skin: Monk's Hood	Fantasia de Armário: Capuz de Monge
11696	UNIQUE_UNLOCK_HEAD_VANITY_WEDDING_DRESS_NON_TRADABLE	Wardrobe Skin: Bridal Veil	Fantasia de Armário: Véu de Noiva
11697	UNIQUE_UNLOCK_HEAD_VANITY_WEDDING_TUXEDO_NON_TRADABLE	Wardrobe Skin: Groom's Hat	Fantasia de Armário: Chapéu de Noivo
11698	UNIQUE_UNLOCK_HEAD_VANITY_BARD_NON_TRADABLE	Wardrobe Skin: Bard's Hat	Fantasia de Armário: Chapéu de Bardo
11699	UNIQUE_UNLOCK_HEAD_VANITY_INNKEEPER_NON_TRADABLE	Wardrobe Skin: Innkeeper's Hat	Fantasia de Armário: Chapéu de Hoteleiro
11700	UNIQUE_UNLOCK_HEAD_VANITY_PIRATE_NON_TRADABLE	Wardrobe Skin: Navigator's Hat	Fantasia de Armário: Chapéu do Navegador
11701	UNIQUE_UNLOCK_ARMOR_VANITY_DRESS_BLUE_NON_TRADABLE	Wardrobe Skin: Blue Princess Dress	Fantasia de Armário: Vestido Azul de Princesa
11702	UNIQUE_UNLOCK_ARMOR_VANITY_DRESS_BLACK_NON_TRADABLE	Wardrobe Skin: Noblewoman's Dress	Fantasia de Armário: Vestido de Fidalga
11703	UNIQUE_UNLOCK_ARMOR_VANITY_PRIEST_NON_TRADABLE	Wardrobe Skin: Monk's Robe	Fantasia de Armário: Robe de Monge
11704	UNIQUE_UNLOCK_ARMOR_VANITY_WEDDING_DRESS_NON_TRADABLE	Wardrobe Skin: Bridal Dress	Fantasia de Armário: Vestido de Noiva
11705	UNIQUE_UNLOCK_ARMOR_VANITY_WEDDING_TUXEDO_NON_TRADABLE	Wardrobe Skin: Groom's Suit	Fantasia de Armário: Traje de Noivo
11706	UNIQUE_UNLOCK_ARMOR_VANITY_BARD_NON_TRADABLE	Wardrobe Skin: Bard's Suit	Fantasia de Armário: Vestes de Bardo
11707	UNIQUE_UNLOCK_ARMOR_VANITY_INNKEEPER_NON_TRADABLE	Wardrobe Skin: Innkeeper's Shirt	Fantasia de Armário: Camisa de Hoteleiro
11708	UNIQUE_UNLOCK_ARMOR_VANITY_PIRATE_NON_TRADABLE	Wardrobe Skin: Navigator's Coat	Fantasia de Armário: Casaco do Navegador
11709	UNIQUE_UNLOCK_SHOES_VANITY_DRESS_BLUE_NON_TRADABLE	Wardrobe Skin: Blue Princess Shoes	Fantasia de Armário: Sapatos Azuis de Princesa
11710	UNIQUE_UNLOCK_SHOES_VANITY_DRESS_BLACK_NON_TRADABLE	Wardrobe Skin: Noblewoman's Shoes	Fantasia de Armário: Sapatos de Fidalga
11711	UNIQUE_UNLOCK_SHOES_VANITY_PRIEST_NON_TRADABLE	Wardrobe Skin: Monk's Sandals	Fantasia de Armário: Sandálias de Monge
11712	UNIQUE_UNLOCK_SHOES_VANITY_WEDDING_DRESS_NON_TRADABLE	Wardrobe Skin: Bridal Shoes	Fantasia de Armário: Sapatos de Noiva
11713	UNIQUE_UNLOCK_SHOES_VANITY_WEDDING_TUXEDO_NON_TRADABLE	Wardrobe Skin: Groom's Shoes	Fantasia de Armário: Sapatos de Noivo
11714	UNIQUE_UNLOCK_SHOES_VANITY_BARD_NON_TRADABLE	Wardrobe Skin: Bard's Shoes	Fantasia de Armário: Sapatos de Bardo
11715	UNIQUE_UNLOCK_SHOES_VANITY_INNKEEPER_NON_TRADABLE	Wardrobe Skin: Innkeeper's Shoes	Fantasia de Armário: Sapatos de Hoteleiro
11716	UNIQUE_UNLOCK_SHOES_VANITY_PIRATE_NON_TRADABLE	Wardrobe Skin: Navigator's Boots	Fantasia de Armário: Botas do Navegador
11717	UNIQUE_UNLOCK_CAPE_VANITY_WEDDING_TUXEDO_NON_TRADABLE	Wardrobe Skin: Groom's Cape	Fantasia de Armário: Capa de Noivo
11718	UNIQUE_UNLOCK_VANITY_2H_CHICKENGUN_EASTER_NON_TRADABLE	Wardrobe Skin: The Eggsecutioner	Fantasia de Armário: O Ovossalador
11719	UNIQUE_UNLOCK_OFF_VANITY_PRIEST_NON_TRADABLE	Wardrobe Skin: Monk's Walking Staff	Fantasia de Armário: Cajado de Monge
11720	UNIQUE_UNLOCK_OFF_VANITY_WEDDING_DRESS_NON_TRADABLE	Wardrobe Skin: Bridal Bouquet	Fantasia de Armário: Buquê de Noiva
11721	UNIQUE_UNLOCK_OFF_VANITY_WEDDING_TUXEDO_NON_TRADABLE	Wardrobe Skin: Wedding Ring	Fantasia de Armário: Anel de noivado
11722	UNIQUE_UNLOCK_OFF_VANITY_INNKEEPER_NON_TRADABLE	Wardrobe Skin: Innkeeper's Beer Mug	Fantasia de Armário: Caneca de Cerveja de Hoteleiro
11723	UNIQUE_UNLOCK_OFF_VANITY_PIRATE_NON_TRADABLE	Wardrobe Skin: Navigator's Parrot Cage	Fantasia de Armário: Gaiola de Papagaio do Navegador
11724	UNIQUE_UNLOCK_SKIN_HORSE_BROWN_NON_TRADABLE	Riding Horse Skin: Brown Mare	Fantasia de Cavalo: Égua marrom
11725	UNIQUE_UNLOCK_SKIN_HORSE_KEEPER_NON_TRADABLE	Riding Horse Skin: Keeper Horse	Fantasia de Cavalo: Cavalo de Guarda
11726	UNIQUE_UNLOCK_SKIN_HORSE_UNICORN_NON_TRADABLE	Riding Horse Skin: Nightshade Unicorn	Fantasia de Cavalo: Unicórnio da Noite
11727	UNIQUE_UNLOCK_SKIN_ARMORED_HORSE_T5_GUILD_NON_TRADABLE	Armored Horse Skin: Expert's Heraldic Warhorse	Fantasia de Cavalo Blindado: Cavalo de Guerra Heráldico do Perito
11728	UNIQUE_UNLOCK_SKIN_ARMORED_HORSE_T6_GUILD_NON_TRADABLE	Armored Horse Skin: Master's Heraldic Warhorse	Fantasia de Cavalo Blindado: Cavalo de Guerra Heráldico do Mestre
11729	UNIQUE_UNLOCK_SKIN_ARMORED_HORSE_T7_GUILD_NON_TRADABLE	Armored Horse Skin: Grandmaster's Heraldic Warhorse	Fantasia de Cavalo Blindado: Cavalo de Guerra Heráldico do Grão-mestre
11730	UNIQUE_UNLOCK_SKIN_ARMORED_HORSE_T8_GUILD_NON_TRADABLE	Armored Horse Skin: Elder's Heraldic Warhorse	Fantasia de Cavalo Blindado: Cavalo de Guerra Heráldico do Ancião
11731	UNIQUE_UNLOCK_SKIN_OX_BISON_AH_NON_TRADABLE	Transport Ox Skin: Auction House Ox	Fantasia de Boi de Transporte: Boi do Leilão
11732	UNIQUE_UNLOCK_SKIN_OX_BISON_ROYAL_NON_TRADABLE	Transport Ox Skin: Royal Ox	Fantasia de Boi de Transporte: Boi real
11733	UNIQUE_UNLOCK_SKIN_OX_BLACKMARKET_NON_TRADABLE	Transport Ox Skin: Black Market Ox	Fantasia de Boi de Transporte: Boi do Mercado Negro
11734	UNIQUE_HEAD_VANITY_DRESS_GREEN	Green Princess Hat	Chapéu de Princesa verde
11735	UNIQUE_UNLOCK_HEAD_VANITY_DRESS_GREEN_NON_TRADABLE	Wardrobe Skin: Green Princess Hat	Fantasia de Armário: Chapéu de Princesa verde
11736	UNIQUE_ARMOR_VANITY_DRESS_GREEN	Green Princess Dress	Vestido de Princesa verde
11737	UNIQUE_UNLOCK_ARMOR_VANITY_DRESS_GREEN_NON_TRADABLE	Wardrobe Skin: Green Princess Dress	Fantasia de Armário: Vestido de Princesa verde
11738	UNIQUE_SHOES_VANITY_DRESS_GREEN	Green Princess Shoes	Sapatos de Princesa verde
11739	UNIQUE_UNLOCK_SHOES_VANITY_DRESS_GREEN_NON_TRADABLE	Wardrobe Skin: Green Princess Shoes	Fantasia de Armário: Sapatos de Princesa verde
11740	UNIQUE_HEAD_VANITY_ENTERTAINER	Entertainer's Mask	Máscara de Animador
11741	UNIQUE_UNLOCK_HEAD_VANITY_ENTERTAINER_NON_TRADABLE	Wardrobe Skin: Entertainer's Mask	Fantasia de Armário: Máscara de Animador
11742	UNIQUE_ARMOR_VANITY_ENTERTAINER	Entertainer's Costume	Traje de Animador
11743	UNIQUE_UNLOCK_ARMOR_VANITY_ENTERTAINER_NON_TRADABLE	Wardrobe Skin: Entertainer's Costume	Fantasia de Armário: Traje de Animador
11744	UNIQUE_SHOES_VANITY_ENTERTAINER	Entertainer's Shoes	Sapatos de animador
11745	UNIQUE_UNLOCK_SHOES_VANITY_ENTERTAINER_NON_TRADABLE	Wardrobe Skin: Entertainer's Shoes	Fantasia de Armário: Sapatos de animador
11746	UNIQUE_HEAD_VANITY_NIGHTGOWN	Sleeping Cap	Touca de Dormir
11747	UNIQUE_UNLOCK_HEAD_VANITY_NIGHTGOWN_NON_TRADABLE	Wardrobe Skin: Sleeping Cap	Fantasia de Armário: Touca de Dormir
11748	UNIQUE_CAPE_VANITY_HYENA	Hyena Cape	Capa de Hiena
11749	UNIQUE_UNLOCK_CAPE_VANITY_HYENA_NON_TRADABLE	Wardrobe Skin: Hyena Cape	Fantasia de Armário: Capa de Hiena
11750	SKIN_COUGAR_AMETHYST	Amethyst Cougar	Puma Ametista
11751	UNIQUE_UNLOCK_SKIN_COUGAR_AMETHYST	Swiftclaw Skin: Amethyst Cougar	Fantasia de Garra-ligeira: Puma Ametista
11752	SKIN_GIANTSTAG_ALPACA_BROWN	Brown Alpaca	Alpaca Marrom
11753	UNIQUE_UNLOCK_SKIN_GIANTSTAG_ALPACA_BROWN	Stag Skin: Brown Alpaca	Fantasia de Veado: Alpaca Marrom
11754	SKIN_HORSE_UNICORN_AMETHYST	Amethyst Unicorn	Unicórnio Ametista
11755	UNIQUE_UNLOCK_SKIN_HORSE_UNICORN_AMETHYST	Riding Horse Skin: Amethyst Unicorn	Fantasia de Cavalo: Unicórnio Ametista
11756	UNIQUE_HEAD_VANITY_PIRATE_GREEN	Green Navigator's Hat	Chapéu Verde do Navegador
11757	UNIQUE_UNLOCK_HEAD_VANITY_PIRATE_GREEN_NON_TRADABLE	Wardrobe Skin: Green Navigator's Hat	Fantasia de Armário: Chapéu Verde do Navegador
11758	UNIQUE_ARMOR_VANITY_PIRATE_GREEN	Green Navigator's Coat	Casaco Verde do Navegador
11759	UNIQUE_UNLOCK_ARMOR_VANITY_PIRATE_GREEN_NON_TRADABLE	Wardrobe Skin: Green Navigator's Coat	Fantasia de Armário: Casaco Verde do Navegador
11760	UNIQUE_SHOES_VANITY_PIRATE_GREEN	Green Navigator's Boots	Botas Verdes do Navegador
11761	UNIQUE_UNLOCK_SHOES_VANITY_PIRATE_GREEN_NON_TRADABLE	Wardrobe Skin: Green Navigator's Boots	Fantasia de Armário: Botas Verdes do Navegador
11762	UNIQUE_OFF_VANITY_PIRATE_RED	Navigator's Red Parrot Cage	Gaiola de Papagaio Vermelho do Navegador
11763	UNIQUE_UNLOCK_OFF_VANITY_PIRATE_RED_NON_TRADABLE	Wardrobe Skin: Navigator's Red Parrot Cage	Fantasia de Armário: Gaiola de Papagaio Vermelho do Navegador
11764	UNIQUE_OFF_VANITY_PIRATE_GREEN	Navigator's Green Parrot Cage	Gaiola de Papagaio Verde do Navegador
11765	UNIQUE_UNLOCK_OFF_VANITY_PIRATE_GREEN_NON_TRADABLE	Wardrobe Skin: Navigator's Green Parrot Cage	Fantasia de Armário: Gaiola de Papagaio Verde do Navegador
11766	UNIQUE_OFF_VANITY_PIRATE_COCKATOO	Navigator's Cockatoo Cage	Gaiola de Cacatua do Navegador
11767	UNIQUE_UNLOCK_OFF_VANITY_PIRATE_COCKATOO_NON_TRADABLE	Wardrobe Skin: Navigator's Cockatoo Cage	Fantasia de Armário: Gaiola de Cacatua do Navegador
11768	UNIQUE_HEAD_VANITY_PRIEST_RED	Exiled Monk's Hood	Capuz do Monge Exilado
11769	UNIQUE_UNLOCK_HEAD_VANITY_PRIEST_RED_NON_TRADABLE	Wardrobe Skin: Exiled Monk's Hood	Fantasia de Armário: Capuz do Monge Exilado
11770	UNIQUE_ARMOR_VANITY_PRIEST_RED	Exiled Monk's Robe	Robe do Monge Exilado
11771	UNIQUE_UNLOCK_ARMOR_VANITY_PRIEST_RED_NON_TRADABLE	Wardrobe Skin: Exiled Monk's Robe	Fantasia de Armário: Robe do Monge Exilado
11772	UNIQUE_SHOES_VANITY_PRIEST_RED	Exiled Monk's Sandals	Sandálias do Monge Exilado
11773	UNIQUE_UNLOCK_SHOES_VANITY_PRIEST_RED_NON_TRADABLE	Wardrobe Skin: Exiled Monk's Sandals	Fantasia de Armário: Sandálias do Monge Exilado
11774	UNIQUE_OFF_VANITY_PRIEST_RED	Exiled Monk's Walking Staff	Bengala do Monge Exilado
11775	UNIQUE_UNLOCK_OFF_VANITY_PRIEST_RED_NON_TRADABLE	Wardrobe Skin: Exiled Monk's Walking Staff	Fantasia de Armário: Bengala do Monge Exilado
11776	UNIQUE_CAPE_VANITY_SNOWLEOPARD	Snow Leopard Cape	Capa do Leopardo da Neve
11777	UNIQUE_UNLOCK_CAPE_VANITY_SNOWLEOPARD_NON_TRADABLE	Wardrobe Skin: Snow Leopard Cape	Fantasia de Armário: Capa de Leopardo da Neve
11778	UNIQUE_HEAD_VANITY_RICH_NOBLE_PURPLE	Purple Rich Noble's Hat	Chapéu Roxo do Nobre Rico
11779	UNIQUE_UNLOCK_HEAD_VANITY_RICH_NOBLE_PURPLE_NON_TRADABLE	Wardrobe Skin: Purple Rich Noble's Hat	Fantasia de Armário: Chapéu Roxo do Nobre Rico
11780	UNIQUE_ARMOR_VANITY_RICH_NOBLE_PURPLE	Purple Rich Noble's Doublet	Gibão Roxo do Nobre Rico
11781	UNIQUE_UNLOCK_ARMOR_VANITY_RICH_NOBLE_PURPLE_NON_TRADABLE	Wardrobe Skin: Purple Rich Noble's Doublet	Fantasia de Armário: Gibão Roxo do Nobre Rico
11782	UNIQUE_SHOES_VANITY_RICH_NOBLE_PURPLE	Purple Rich Noble's Footwear	Sapatos Roxos do Nobre Rico
11783	UNIQUE_UNLOCK_SHOES_VANITY_RICH_NOBLE_PURPLE_NON_TRADABLE	Wardrobe Skin: Purple Rich Noble's Footwear	Fantasia de Armário: Sapatos Roxos do Nobre Rico
11784	UNIQUE_HEAD_VANITY_NIGHTGOWN_BLACK	Black Sleeping Cap	Touca de Dormir Preta
11785	UNIQUE_UNLOCK_HEAD_VANITY_NIGHTGOWN_BLACK_NON_TRADABLE	Wardrobe Skin: Black Sleeping Cap	Fantasia de Armário: Touca de Dormir Preta
11786	UNIQUE_HEAD_VANITY_NIGHTGOWN_BELL	Sleeping Cap with Bell	Touca de Dormir com Sino
11787	UNIQUE_UNLOCK_HEAD_VANITY_NIGHTGOWN_BELL_NON_TRADABLE	Wardrobe Skin: Sleeping Cap with Bell	Fantasia de Armário: Touca de Dormir com Sino
11788	UNIQUE_HEAD_VANITY_BARD_BLUE	Blue Bard's Hat	Chapéu Azul do Bardo
11789	UNIQUE_UNLOCK_HEAD_VANITY_BARD_BLUE_NON_TRADABLE	Wardrobe Skin: Blue Bard's Hat	Fantasia de Armário: Chapéu Azul do Bardo
11790	UNIQUE_ARMOR_VANITY_BARD_BLUE	Blue Bard's Suit	Terno Azul do Bardo
11791	UNIQUE_UNLOCK_ARMOR_VANITY_BARD_BLUE_NON_TRADABLE	Wardrobe Skin: Blue Bard's Suit	Fantasia de Armário: Terno Azul do Bardo
11792	UNIQUE_SHOES_VANITY_BARD_BLUE	Blue Bard's Shoes	Sapatos Azuis do Bardo
11793	UNIQUE_UNLOCK_SHOES_VANITY_BARD_BLUE_NON_TRADABLE	Wardrobe Skin: Blue Bard's Shoes	Fantasia de Armário: Sandálias Azuis do Bardo
11794	SKIN_DIREWOLF_FENNEK	Fennec	Feneco
11795	UNIQUE_UNLOCK_SKIN_DIREWOLF_FENNEK	Direwolf Skin: Fennec	Fantasia de Lobo-vil: Feneco
11796	SKIN_HORSE_QUESTING_BEAST_GREEN	Green Chimera	Quimera Verde
11797	UNIQUE_UNLOCK_SKIN_HORSE_QUESTING_BEAST_GREEN	Riding Horse Skin: Green Chimera	Fantasia de Cavalo de Montar: Quimera Verde
11798	T1_KILL_EMOTE_TOMBSTONE_CHARGES_NONTRADABLE	Tombstone Victory Emote Charge	Carga de Emote de Vitória da Lápide
11799	T1_KILL_EMOTE_FLAG_CHARGES_NONTRADABLE	Guild Banner Victory Emote Charge	Carga de Emote de Vitória do Bandeira da Guilda
11800	T1_KILL_EMOTE_GHOST_CHARGES_NONTRADABLE	Ghost Victory Emote Charge	Carga de Emote de Vitória Fantasma
11801	T1_KILL_EMOTE_OVERGROWN_CHARGES_NONTRADABLE	Overgrown Victory Emote Charge	Carga de Emote de Vitória 'Coberto de vegetação'
11802	T1_KILL_EMOTE_HELLGATE_CHARGES_NONTRADABLE	Hellgate Victory Emote Charge	Carga de Emote de Vitória do Hellgate
11803	T1_KILL_EMOTE_SWORD_CHARGES_NONTRADABLE	Sword Victory Emote Charge	Carga de Emote de Vitória da Espada
11804	T1_KILL_EMOTE_HAMMER_CHARGES_NONTRADABLE	Hammer Victory Emote Charge	Carga de Emote de Vitória do Martelo
11805	T1_KILL_EMOTE_FLAG_MOBILE_CHARGES_NONTRADABLE	Mobile Banner Victory Emote Charge	Carga de Emote de Vitória do Brasão Mobile
11806	T1_KILL_EMOTE_FLAG_DESKTOP_CHARGES_NONTRADABLE	Desktop Banner Victory Emote Charge	Carga de Emote de Vitória do Brasão do Desktop
11807	T1_KILL_EMOTE_FLAG_CONTROLLER_CHARGES_NONTRADABLE	Controller Banner Victory Emote Charge	Carga de Emote de Vitória do Brasão do Console
11808	T1_KILL_EMOTE_TOMBSTONE_CHARGES_TRADABLE		
11809	T1_KILL_EMOTE_FLAG_CHARGES_TRADABLE		
11810	T1_KILL_EMOTE_GHOST_CHARGES_TRADABLE		
11811	T1_KILL_EMOTE_OVERGROWN_CHARGES_TRADABLE		
11812	T1_KILL_EMOTE_HELLGATE_CHARGES_TRADABLE		
11813	T1_KILL_EMOTE_SWORD_CHARGES_TRADABLE		
11814	T1_KILL_EMOTE_HAMMER_CHARGES_TRADABLE		
11815	T1_KILL_EMOTE_FLAG_MOBILE_CHARGES_TRADABLE		
11816	T1_KILL_EMOTE_FLAG_DESKTOP_CHARGES_TRADABLE		
11817	T1_KILL_EMOTE_FLAG_CONTROLLER_CHARGES_TRADABLE		
11818	UNIQUE_AVATARRING_DRAGONKEEPER_AJ	Ashborn Avatar Ring	Borda de Avatar Cingênita
11819	UNIQUE_UNLOCK_ARMOR_VANITY_DRAGONKEEPER_AJ	Ashborn Armor	Armadura Cingênita
11820	UNIQUE_ARMOR_VANITY_DRAGONKEEPER_AJ	Ashborn Armor	Armadura Cingênita
11821	UNIQUE_UNLOCK_HEAD_VANITY_DRAGONKEEPER_AJ	Ashborn Helmet	Elmo Cingênito
11822	UNIQUE_HEAD_VANITY_DRAGONKEEPER_AJ	Ashborn Helmet	Elmo Cingênito
11823	UNIQUE_UNLOCK_VANITY_HEAD_TUTORIAL_COMPLETED_AJ	Wardrobe Skin: Academic Biretta	Fantasia de Armário: Barrete Acadêmico
11824	UNIQUE_VANITY_HEAD_TUTORIAL_COMPLETED_AJ	Academic Biretta	Barrete Acadêmico
11825	UNIQUE_AVATARRING_AJ_PVE_01	PvE Avatar Ring	Borda de Avatar PvE
11826	UNIQUE_AVATAR_AJ_PVE_01	PvE Avatar	Avatar PvE
11827	UNIQUE_UNLOCK_SKIN_DIREBEAR_ADVENTURE_AJ	Direbear Skin: Delver's Direbear	Fantasia de Urso-vil: Urso-vil do Masmorreiro
11828	SKIN_DIREBEAR_ADVENTURE_AJ	Delver's Direbear	Urso-vil do Masmorreiro
11829	UNIQUE_UNLOCK_VANITY_MAIN_DICE_SIXSIDED_AJ	Wardrobe Skin: Cube of Fate	Fantasia de Armário: Cubo do Destino
11830	UNIQUE_VANITY_MAIN_DICE_SIXSIDED_AJ	Cube of Fate	Cubo do Destino
11831	UNIQUE_UNLOCK_VANITY_MAIN_DICE_TWENTYSIDED_AJ	Wardrobe Skin: Icosahedron of Fate	Fantasia de Armário: Icosaedro do Destino
11832	UNIQUE_VANITY_MAIN_DICE_TWENTYSIDED_AJ	Icosahedron of Fate	Icosaedro do Destino
11833	UNIQUE_AVATARRING_AJ_GATHERING_01	Gatherer's Avatar Ring	Borda de Avatar do Coletor
11834	UNIQUE_AVATAR_AJ_GATHERING_01	Gatherer's Avatar	Avatar do Coletor
11835	UNIQUE_UNLOCK_SKIN_DIREBOAR_MECHANICAL_AJ	Direboar Skin: Mechanical Boar	Fantasia de Javali-vil: Javali Mecânico
11836	SKIN_DIREBOAR_MECHANICAL_AJ	Mechanical Boar	Javali Mecânico
11837	UNIQUE_UNLOCK_VANITY_2H_MULTITOOL_AJ	Wardrobe Skin: Sharpened Axe	Fantasia de Armário: Machado Afiado
11838	UNIQUE_VANITY_2H_MULTITOOL_AJ	Sharpened Axe	Machado Afiado
11839	UNIQUE_UNLOCK_VANITY_2H_MULTITOOL_OVERCHARGED_AJ	Wardrobe Skin: Razor-Sharp Axe	Fantasia de Armário: Machado Afiadíssimo
11840	UNIQUE_VANITY_2H_MULTITOOL_OVERCHARGED_AJ	Razor-Sharp Axe	Machado Afiadíssimo
11841	UNIQUE_AVATARRING_AJ_ECONOMY_01	Merchant's Avatar Ring	Borda de Avatar do Comerciante
11842	UNIQUE_AVATAR_AJ_ECONOMY_01	Merchant's Avatar	Avatar do Comerciante
11843	UNIQUE_UNLOCK_SKIN_MAMMOTH_WEALTHY_AJ	Mammoth Skin: Black Market Palanquin	Fantasia de Mamute: Palanquim do Mercado Negro
11844	SKIN_MAMMOTH_WEALTHY_AJ	Black Market Palanquin	Palanquim do Mercado Negro
11845	UNIQUE_UNLOCK_ARMOR_VANITY_WEALTHY_NOBLE_AJ	Wardrobe Skin: Decadent Robe	Fantasia de Armário: Robe Decadente
11846	UNIQUE_ARMOR_VANITY_WEALTHY_NOBLE_AJ	Decadent Robe	Robe Decadente
11847	UNIQUE_UNLOCK_ARMOR_VANITY_VERY_WEALTHY_NOBLE_AJ	Wardrobe Skin: Exorbitant Robe	Fantasia de Armário: Robe Exorbitante
11848	UNIQUE_ARMOR_VANITY_VERY_WEALTHY_NOBLE_AJ	Exorbitant Robe	Robe Exorbitante
11849	UNIQUE_AVATARRING_AJ_FARMER_01	Homesteader's Avatar Ring	Borda de Avatar do Caseiro
11850	UNIQUE_AVATAR_AJ_FARMER_01	Homesteader's Avatar	Avatar do Caseiro
11851	UNIQUE_UNLOCK_SKIN_OX_FARMER_AJ	Transport Ox Skin: Bountiful Harvest Ox	Fantasia de Boi de Transporte: Boi da Fartura
11852	SKIN_OX_FARMER_AJ	Bountiful Harvest Ox	Boi da Fartura
11853	UNIQUE_UNLOCK_HEAD_VANITY_FARMER_AJ	Wardrobe Skin: Lovely Straw Hat	Fantasia de Armário: Chapéu de Palha Adorável
11854	UNIQUE_HEAD_VANITY_FARMER_AJ	Lovely Straw Hat	Chapéu de Palha Adorável
11855	UNIQUE_UNLOCK_HEAD_VANITY_FARMER_COZY_AJ	Wardrobe Skin: Delightful Straw Hat	Fantasia de Armário: Chapéu de Palha Encantador
11856	UNIQUE_HEAD_VANITY_FARMER_COZY_AJ	Delightful Straw Hat	Chapéu de Palha Encantador
11857	UNIQUE_AVATARRING_AJ_EXPLORATION_01	Explorer's Avatar Ring	Borda de Avatar do Explorador
11858	UNIQUE_AVATAR_AJ_EXPLORATION_01	Explorer's Avatar	Avatar do Explorador
11859	UNIQUE_UNLOCK_SKIN_COUGAR_TRAVELING_CAT_AJ	Swiftclaw Skin: Voyager's Cat	Fantasia de Garra-ligeira: Gato do Viajante
11860	SKIN_COUGAR_TRAVELING_CAT_AJ	Voyager's Cat	Gato do Viajante
11861	UNIQUE_UNLOCK_VANITY_2H_LUTE_AJ	Wardrobe Skin: Wanderer's Lute	Fantasia de Armário: Alaúde do Andarilho
11862	UNIQUE_VANITY_2H_LUTE_AJ	Wanderer's Lute	Alaúde do Andarilho
11863	UNIQUE_UNLOCK_VANITY_2H_LUTE_MAGNIFICENT_AJ	Wardrobe Skin: Troubadour's Lute	Fantasia de Armário: Alaúde do Trovador
11864	UNIQUE_VANITY_2H_LUTE_MAGNIFICENT_AJ	Troubadour's Lute	Alaúde do Trovador
11865	UNIQUE_AVATARRING_AJ_PVP_01	PvP Avatar Ring	Borda de Avatar PvP
11866	UNIQUE_AVATAR_AJ_PVP_01	PvP Avatar	Avatar PvP
11867	UNIQUE_UNLOCK_SKIN_DIREWOLF_SHADOW_AJ	Direwolf Skin: Lurking Shadow	Fantasia de Lobo-vil: Sombra Espreitadora
11868	SKIN_DIREWOLF_SHADOW_AJ	Lurking Shadow	Sombra Espreitadora
11869	UNIQUE_UNLOCK_HEAD_VANITY_SHADOW_HELMET_ORANGE_AJ	Wardrobe Skin: Sinister Helmet	Fantasia de Armário: Elmo Sinistro
11870	UNIQUE_HEAD_VANITY_SHADOW_HELMET_ORANGE_AJ	Sinister Helmet	Elmo Sinistro
11871	UNIQUE_UNLOCK_HEAD_VANITY_SHADOW_HELMET_RED_AJ	Wardrobe Skin: Malevolent Helmet	Fantasia de Armário: Elmo Malevolente
11872	UNIQUE_HEAD_VANITY_SHADOW_HELMET_RED_AJ	Malevolent Helmet	Elmo Malevolente
11873	UNIQUE_AVATARRING_AJ_GUILD_01	Guild Avatar Ring	Borda de Avatar da Guilda
11874	UNIQUE_AVATAR_AJ_GUILD_01	Guild Avatar	Avatar da Guilda
11875	UNIQUE_UNLOCK_SKIN_ARMORED_HORSE_JOUSTING_GUILD_AJ	Armored Horse Skin: Heraldic Jousting Horse	Fantasia de Cavalo Blindado: Cavalo de Justa Heráldico
11876	SKIN_ARMORED_HORSE_JOUSTING_GUILD_AJ	Heraldic Jousting Horse	Cavalo de Justa Heráldico
11877	UNIQUE_UNLOCK_VANITY_2H_BANNER_GUIDON_AJ	Wardrobe Skin: Heraldic Guidon	Fantasia de Armário: Guião Heráldico
11878	UNIQUE_VANITY_2H_BANNER_GUIDON_AJ	Heraldic Guidon	Guião Heráldico
11879	UNIQUE_UNLOCK_VANITY_2H_BANNER_GUIDON_GOLDEN_AJ	Wardrobe Skin: Glorious Heraldic Guidon	Fantasia de Armário: Guião Heráldico Glorioso
11880	UNIQUE_VANITY_2H_BANNER_GUIDON_GOLDEN_AJ	Glorious Heraldic Guidon	Guião Heráldico Glorioso
11881	UNIQUE_AVATARRING_AJ_CREATURES_01	Creatures Avatar Ring	Borda de Avatar das Criaturas
11882	UNIQUE_AVATAR_AJ_CREATURES_01	Creatures Avatar	Avatar das Criaturas
11883	UNIQUE_UNLOCK_SKIN_LIZARD_DRAKE_AJ	Swamp Dragon Skin: Emerald Basilisk	Fantasia de Dragão do Pântano: Basilisco de Esmeralda
11884	SKIN_LIZARD_DRAKE_AJ	Emerald Basilisk	Basilisco de Esmeralda
11885	UNIQUE_UNLOCK_VANITY_2H_SKULL_UNDEAD_AJ	Wardrobe Skin: Undead Skull	Fantasia de Armário: Caveira Morta-Viva
11886	UNIQUE_VANITY_2H_SKULL_UNDEAD_AJ	Undead Skull	Caveira Morta-Viva
11887	UNIQUE_UNLOCK_VANITY_2H_SKULL_DEMON_AJ	Wardrobe Skin: Demon Skull	Fantasia de Armário: Caveira Demoníaca
11888	UNIQUE_VANITY_2H_SKULL_DEMON_GOLDEN_AJ	Demon Skull	Caveira Demoníaca
11889	UNIQUE_AVATAR_AJ_CHARACTER_PROGRESSION_01	Character Progression Avatar	Avatar da Progressão do Personagem
11890	UNIQUE_AVATARRING_AJ_CHARACTER_PROGRESSION_01	Character Progression Avatar Ring	Borda de Avatar da Progressão do Personagem
11891	UNIQUE_UNLOCK_HEAD_VANITY_DESTINY_STONES_AJ	Wardrobe Skin: Destiny's Circlet	Fantasia de Armário: Diadema do Destino
11892	UNIQUE_HEAD_VANITY_DESTINY_STONES_AJ	Destiny's Circlet	Diadema do Destino
11893	UNIQUE_UNLOCK_SKIN_GIANTSTAG_SPIRITBEAST_AJ	Stag/Moose Skin: Astral Stag	Fantasia de Alce/Veado: Cervo Astral
11894	SKIN_GIANTSTAG_SPIRITBEAST_AJ	Astral Stag	Cervo Astral
11895	UNIQUE_UNLOCK_HEAD_VANITY_DESTINY_STONES_ADVANCED_AJ	Wardrobe Skin: Fullfilled Destiny's Circlet	Fantasia de Armário: Diadema do Destino Cumprido
11896	UNIQUE_HEAD_VANITY_DESTINY_STONES_ADVANCED_AJ	Fullfilled Destiny's Circlet	Diadema do Destino Cumprido
11897	UNIQUE_UNLOCK_LORE_KEEPER_01	Keeper Memory - Of Stars and Moon	Memória dos Protetores - Das Estrelas e da Lua
11898	UNIQUE_UNLOCK_LORE_KEEPER_02	Keeper Memory - Shameless or Daring	Memória dos Protetores - Imprudente ou Ousado
11899	UNIQUE_UNLOCK_LORE_KEEPER_03	Keeper Memory - Rules are Rules	Memória dos Protetores - Regras são Regras
11900	UNIQUE_UNLOCK_LORE_KEEPER_04	Keeper Memory - Visions of an Oracle	Memória dos Protetores - Visões de uma Profeta
11901	UNIQUE_UNLOCK_LORE_KEEPER_05	Keeper Memory - The Ash of Yore	Memória dos Protetores - O Freixo Ancestral
11902	UNIQUE_UNLOCK_LORE_KEEPER_06	Keeper Memory - Conviction of an Ashborn	Memória dos Protetores - Convicção de um Cingênito
11903	UNIQUE_UNLOCK_LORE_KEEPER_07	Keeper Memory - Convictions of the Unfettered Oracle	Memória dos Protetores - Convicções da Profeta Incontrolável
11904	UNIQUE_UNLOCK_LORE_KEEPER_13	Keeper Memory - The Feast of Bur	Memória dos Protetores - O Banquete de Bur
11905	UNIQUE_UNLOCK_LORE_DRAGON_11	Ancient Memory - How to Befriend your Dragon	Memória Ancestral - Como Ser Amigo do Seu Dragão
11906	UNIQUE_UNLOCK_LORE_DRAGON_12	Ancient Memory - Follow the Path	Memória Ancestral - Siga o Caminho
11907	T4_DEBUG_HEAD_HIDDEN		
11908	T4_DEBUG_ARMOR_HIDDEN		
11909	T4_DEBUG_CAPE_HIDDEN		
11910	T4_DEBUG_SHOES_HIDDEN		
11911	T4_DEBUG_MAINHAND_HIDDEN		
11912	T4_DEBUG_OFFHAND_HIDDEN		
11913	T4_SIEGE_BANNER	Adept's Siege Banner	Estandarte de Cerco do Adepto
11914	T5_SIEGE_BANNER	Expert's Siege Banner	Estandarte de Cerco do Perito
11915	T6_SIEGE_BANNER	Master's Siege Banner	Estandarte de Cerco do Mestre
11916	T7_SIEGE_BANNER	Grandmaster's Siege Banner	Estandarte de Cerco do Grão-mestre
11917	T8_SIEGE_BANNER	Elder's Siege Banner	Estandarte de Cerco do Ancião
11918	UNIQUE_FURNITUREITEM_KILLTROPHY_OPENWORLD_LARGE	War Memento	Lembrança de Guerra
11919	UNIQUE_FURNITUREITEM_KILLTROPHY_OPENWORLD_MEDIUM	Battle Memento	Lembrança de Batalha
11920	UNIQUE_FURNITUREITEM_KILLTROPHY_OPENWORLD_SMALL	Combat Memento	Lembrança de Combate
11921	UNIQUE_FURNITUREITEM_KILLTROPHY_MISTS_LARGE	Nebulous Memento	Lembrança Nebulosa
11922	UNIQUE_FURNITUREITEM_KILLTROPHY_MISTS_MEDIUM	Veiled Memento	Lembrança Velada
11923	UNIQUE_FURNITUREITEM_KILLTROPHY_MISTS_SMALL	Shrouded Memento	Lembrança Envolta
11924	UNIQUE_FURNITUREITEM_KILLTROPHY_HELL_LARGE	Abyssal Memento	Lembrança Abissal
11925	UNIQUE_FURNITUREITEM_KILLTROPHY_HELL_MEDIUM	Infernal Memento	Lembrança Infernal
11926	UNIQUE_FURNITUREITEM_KILLTROPHY_HELL_SMALL	Demonic Memento	Lembrança Demoníaca
11927	T8_HEAD_CLOTH_PROTOTYPE		
11928	T8_HEAD_CLOTH_PROTOTYPE@1		
11929	T8_HEAD_CLOTH_PROTOTYPE@2		
11930	T8_HEAD_CLOTH_PROTOTYPE@3		
11931	T8_HEAD_CLOTH_PROTOTYPE@4		
11932	T8_ARMOR_CLOTH_PROTOTYPE		
11933	T8_ARMOR_CLOTH_PROTOTYPE@1		
11934	T8_ARMOR_CLOTH_PROTOTYPE@2		
11935	T8_ARMOR_CLOTH_PROTOTYPE@3		
11936	T8_ARMOR_CLOTH_PROTOTYPE@4		
11937	T8_SHOES_CLOTH_PROTOTYPE		
11938	T8_SHOES_CLOTH_PROTOTYPE@1		
11939	T8_SHOES_CLOTH_PROTOTYPE@2		
11940	T8_SHOES_CLOTH_PROTOTYPE@3		
11941	T8_SHOES_CLOTH_PROTOTYPE@4		
11942	T8_HEAD_LEATHER_PROTOTYPE		
11943	T8_HEAD_LEATHER_PROTOTYPE@1		
11944	T8_HEAD_LEATHER_PROTOTYPE@2		
11945	T8_HEAD_LEATHER_PROTOTYPE@3		
11946	T8_HEAD_LEATHER_PROTOTYPE@4		
11947	T8_ARMOR_LEATHER_PROTOTYPE		
11948	T8_ARMOR_LEATHER_PROTOTYPE@1		
11949	T8_ARMOR_LEATHER_PROTOTYPE@2		
11950	T8_ARMOR_LEATHER_PROTOTYPE@3		
11951	T8_ARMOR_LEATHER_PROTOTYPE@4		
11952	T8_SHOES_LEATHER_PROTOTYPE		
11953	T8_SHOES_LEATHER_PROTOTYPE@1		
11954	T8_SHOES_LEATHER_PROTOTYPE@2		
11955	T8_SHOES_LEATHER_PROTOTYPE@3		
11956	T8_SHOES_LEATHER_PROTOTYPE@4		
11957	T8_HEAD_PLATE_PROTOTYPE	Dragonknight Helmet	
11958	T8_HEAD_PLATE_PROTOTYPE@1	Dragonknight Helmet	
11959	T8_HEAD_PLATE_PROTOTYPE@2	Dragonknight Helmet	
11960	T8_HEAD_PLATE_PROTOTYPE@3	Dragonknight Helmet	
11961	T8_HEAD_PLATE_PROTOTYPE@4	Dragonknight Helmet	
11962	T8_ARMOR_PLATE_PROTOTYPE	Dragonknight Armor	
11963	T8_ARMOR_PLATE_PROTOTYPE@1	Dragonknight Armor	
11964	T8_ARMOR_PLATE_PROTOTYPE@2	Dragonknight Armor	
11965	T8_ARMOR_PLATE_PROTOTYPE@3	Dragonknight Armor	
11966	T8_ARMOR_PLATE_PROTOTYPE@4	Dragonknight Armor	
11967	T8_SHOES_PLATE_PROTOTYPE	Dragonknight Boots	
11968	T8_SHOES_PLATE_PROTOTYPE@1	Dragonknight Boots	
11969	T8_SHOES_PLATE_PROTOTYPE@2	Dragonknight Boots	
11970	T8_SHOES_PLATE_PROTOTYPE@3	Dragonknight Boots	
11971	T8_SHOES_PLATE_PROTOTYPE@4	Dragonknight Boots	
11972	T2_JOURNAL_WOOD_EMPTY	Novice Lumberjack's Journal (Empty)	Diário do Lenhador Novato (Vazio)
11973	T2_JOURNAL_WOOD_FULL	Novice Lumberjack's Journal (Full)	Diário do Lenhador Novato (Cheio)
11974	T3_JOURNAL_WOOD_EMPTY	Journeyman Lumberjack's Journal (Empty)	Diário do Lenhador Iniciante (Vazio)
11975	T3_JOURNAL_WOOD_FULL	Journeyman Lumberjack's Journal (Full)	Diário do Lenhador Iniciante (Cheio)
11976	T4_JOURNAL_WOOD_EMPTY	Adept Lumberjack's Journal (Empty)	Diário do Lenhador Adepto (Vazio)
11977	T4_JOURNAL_WOOD_FULL	Adept Lumberjack's Journal (Full)	Diário do Lenhador Adepto (Cheio)
11978	T5_JOURNAL_WOOD_EMPTY	Expert Lumberjack's Journal (Empty)	Diário do Lenhador Perito (Vazio)
11979	T5_JOURNAL_WOOD_FULL	Expert Lumberjack's Journal (Full)	Diário do Lenhador Perito (Cheio)
11980	T6_JOURNAL_WOOD_EMPTY	Master Lumberjack's Journal (Empty)	Diário do Lenhador Mestre (Vazio)
11981	T6_JOURNAL_WOOD_FULL	Master Lumberjack's Journal (Full)	Diário do Lenhador Mestre (Cheio)
11982	T7_JOURNAL_WOOD_EMPTY	Grandmaster Lumberjack's Journal (Empty)	Diário do Lenhador Grão-mestre (Vazio)
11983	T7_JOURNAL_WOOD_FULL	Grandmaster Lumberjack's Journal (Full)	Diário do Lenhador Grão-mestre (Cheio)
11984	T8_JOURNAL_WOOD_EMPTY	Elder Lumberjack's Journal (Empty)	Diário do Lenhador Ancião (Vazio)
11985	T8_JOURNAL_WOOD_FULL	Elder Lumberjack's Journal (Full)	Diário do Lenhador Ancião (Cheio)
11986	T2_JOURNAL_STONE_EMPTY	Novice Stonecutter's Journal (Empty)	Diário do Canteiro Novato (Vazio)
11987	T2_JOURNAL_STONE_FULL	Novice Stonecutter's Journal (Full)	Diário do Canteiro Novato (Cheio)
11988	T3_JOURNAL_STONE_EMPTY	Journeyman Stonecutter's Journal (Empty)	Diário do Canteiro Iniciante (Vazio)
11989	T3_JOURNAL_STONE_FULL	Journeyman Stonecutter's Journal (Full)	Diário do Canteiro Iniciante (Cheio)
11990	T4_JOURNAL_STONE_EMPTY	Adept Stonecutter's Journal (Empty)	Diário do Canteiro Adepto (Vazio)
11991	T4_JOURNAL_STONE_FULL	Adept Stonecutter's Journal (Full)	Diário do Canteiro Adepto (Cheio)
11992	T5_JOURNAL_STONE_EMPTY	Expert Stonecutter's Journal (Empty)	Diário do Canteiro Perito (Vazio)
11993	T5_JOURNAL_STONE_FULL	Expert Stonecutter's Journal (Full)	Diário do Canteiro Perito (Cheio)
11994	T6_JOURNAL_STONE_EMPTY	Master Stonecutter's Journal (Empty)	Diário do Canteiro Mestre (Vazio)
11995	T6_JOURNAL_STONE_FULL	Master Stonecutter's Journal (Full)	Diário do Canteiro Mestre (Cheio)
11996	T7_JOURNAL_STONE_EMPTY	Grandmaster Stonecutter's Journal (Empty)	Diário do Canteiro Grão-mestre (Vazio)
11997	T7_JOURNAL_STONE_FULL	Grandmaster Stonecutter's Journal (Full)	Diário do Canteiro Grão-mestre (Cheio)
11998	T8_JOURNAL_STONE_EMPTY	Elder Stonecutter's Journal (Empty)	Diário do Canteiro Ancião (Vazio)
11999	T8_JOURNAL_STONE_FULL	Elder Stonecutter's Journal (Full)	Diário do Canteiro Ancião (Cheio)
12000	T2_JOURNAL_ORE_EMPTY	Novice Prospector's Journal (Empty)	Diário do Prospector Novato (Vazio)
12001	T2_JOURNAL_ORE_FULL	Novice Prospector's Journal (Full)	Diário do Prospector Novato (Cheio)
12002	T3_JOURNAL_ORE_EMPTY	Journeyman Prospector's Journal (Empty)	Diário do Prospector Iniciante (Vazio)
12003	T3_JOURNAL_ORE_FULL	Journeyman Prospector's Journal (Full)	Diário do Prospector Iniciante (Cheio)
12004	T4_JOURNAL_ORE_EMPTY	Adept Prospector's Journal (Empty)	Diário do Prospector Adepto (Vazio)
12005	T4_JOURNAL_ORE_FULL	Adept Prospector's Journal (Full)	Diário do Prospector Adepto (Cheio)
12006	T5_JOURNAL_ORE_EMPTY	Expert Prospector's Journal (Empty)	Diário do Prospector Perito (Vazio)
12007	T5_JOURNAL_ORE_FULL	Expert Prospector's Journal (Full)	Diário do Prospector Perito (Cheio)
12008	T6_JOURNAL_ORE_EMPTY	Master Prospector's Journal (Empty)	Diário do Prospector Mestre (Vazio)
12009	T6_JOURNAL_ORE_FULL	Master Prospector's Journal (Full)	Diário do Prospector Mestre (Cheio)
12010	T7_JOURNAL_ORE_EMPTY	Grandmaster Prospector's Journal (Empty)	Diário do Prospector Grão-mestre (Vazio)
12011	T7_JOURNAL_ORE_FULL	Grandmaster Prospector's Journal (Full)	Diário do Prospector Grão-mestre (Cheio)
12012	T8_JOURNAL_ORE_EMPTY	Elder Prospector's Journal (Empty)	Diário do Prospector Ancião (Vazio)
12013	T8_JOURNAL_ORE_FULL	Elder Prospector's Journal (Full)	Diário do Prospector Ancião (Cheio)
12014	T2_JOURNAL_FIBER_EMPTY	Novice Cropper's Journal (Empty)	Diário do Lavrador Novato (Vazio)
12015	T2_JOURNAL_FIBER_FULL	Novice Cropper's Journal (Full)	Diário do Lavrador Novato (Cheio)
12016	T3_JOURNAL_FIBER_EMPTY	Journeyman Cropper's Journal (Empty)	Diário do Lavrador Iniciante (Vazio)
12017	T3_JOURNAL_FIBER_FULL	Journeyman Cropper's Journal (Full)	Diário do Lavrador Iniciante (Cheio)
12018	T4_JOURNAL_FIBER_EMPTY	Adept Cropper's Journal (Empty)	Diário do Lavrador Adepto (Vazio)
12019	T4_JOURNAL_FIBER_FULL	Adept Cropper's Journal (Full)	Diário do Lavrador Adepto (Cheio)
12020	T5_JOURNAL_FIBER_EMPTY	Expert Cropper's Journal (Empty)	Diário do Lavrador Perito (Vazio)
12021	T5_JOURNAL_FIBER_FULL	Expert Cropper's Journal (Full)	Diário do Lavrador Perito (Cheio)
12022	T6_JOURNAL_FIBER_EMPTY	Master Cropper's Journal (Empty)	Diário do Lavrador Mestre (Vazio)
12023	T6_JOURNAL_FIBER_FULL	Master Cropper's Journal (Full)	Diário do Lavrador Mestre (Cheio)
12024	T7_JOURNAL_FIBER_EMPTY	Grandmaster Cropper's Journal (Empty)	Diário do Lavrador Grão-mestre (Vazio)
12025	T7_JOURNAL_FIBER_FULL	Grandmaster Cropper's Journal (Full)	Diário do Lavrador Grão-mestre (Cheio)
12026	T8_JOURNAL_FIBER_EMPTY	Elder Cropper's Journal (Empty)	Diário do Lavrador Ancião (Vazio)
12027	T8_JOURNAL_FIBER_FULL	Elder Cropper's Journal (Full)	Diário do Lavrador Ancião (Cheio)
12028	T2_JOURNAL_HIDE_EMPTY	Novice Gamekeeper's Journal (Empty)	Diário do Guarda-caça Novato (Vazio)
12029	T2_JOURNAL_HIDE_FULL	Novice Gamekeeper's Journal (Full)	Diário do Guarda-caça Novato (Cheio)
12030	T3_JOURNAL_HIDE_EMPTY	Journeyman Gamekeeper's Journal (Empty)	Diário do Guarda-caça Iniciante (Vazio)
12031	T3_JOURNAL_HIDE_FULL	Journeyman Gamekeeper's Journal (Full)	Diário do Guarda-caça Iniciante (Cheio)
12032	T4_JOURNAL_HIDE_EMPTY	Adept Gamekeeper's Journal (Empty)	Diário do Guarda-caça Adepto (Vazio)
12033	T4_JOURNAL_HIDE_FULL	Adept Gamekeeper's Journal (Full)	Diário do Guarda-caça Adepto (Cheio)
12034	T5_JOURNAL_HIDE_EMPTY	Expert Gamekeeper's Journal (Empty)	Diário do Guarda-caça Perito (Vazio)
12035	T5_JOURNAL_HIDE_FULL	Expert Gamekeeper's Journal (Full)	Diário do Guarda-caça Perito (Cheio)
12036	T6_JOURNAL_HIDE_EMPTY	Master Gamekeeper's Journal (Empty)	Diário do Guarda-caça Mestre (Vazio)
12037	T6_JOURNAL_HIDE_FULL	Master Gamekeeper's Journal (Full)	Diário do Guarda-caça Mestre (Cheio)
12038	T7_JOURNAL_HIDE_EMPTY	Grandmaster Gamekeeper's Journal (Empty)	Diário do Guarda-caça Grão-mestre (Vazio)
12039	T7_JOURNAL_HIDE_FULL	Grandmaster Gamekeeper's Journal (Full)	Diário do Guarda-caça Grão-mestre (Cheio)
12040	T8_JOURNAL_HIDE_EMPTY	Elder Gamekeeper's Journal (Empty)	Diário do Guarda-caça Ancião (Vazio)
12041	T8_JOURNAL_HIDE_FULL	Elder Gamekeeper's Journal (Full)	Diário do Guarda-caça Ancião (Cheio)
12042	T2_JOURNAL_WARRIOR_EMPTY	Novice Blacksmith's Journal (Empty)	Diário do Ferreiro Novato (Vazio)
12043	T2_JOURNAL_WARRIOR_FULL	Novice Blacksmith's Journal (Full)	Diário do Ferreiro Novato (Cheio)
12044	T3_JOURNAL_WARRIOR_EMPTY	Journeyman Blacksmith's Journal (Empty)	Diário do Ferreiro Iniciante (Vazio)
12045	T3_JOURNAL_WARRIOR_FULL	Journeyman Blacksmith's Journal (Full)	Diário do Ferreiro Iniciante (Cheio)
12046	T4_JOURNAL_WARRIOR_EMPTY	Adept Blacksmith's Journal (Empty)	Diário do Ferreiro Adepto (Vazio)
12047	T4_JOURNAL_WARRIOR_FULL	Adept Blacksmith's Journal (Full)	Diário do Ferreiro Adepto (Cheio)
12048	T5_JOURNAL_WARRIOR_EMPTY	Expert Blacksmith's Journal (Empty)	Diário do Ferreiro Perito (Vazio)
12049	T5_JOURNAL_WARRIOR_FULL	Expert Blacksmith's Journal (Full)	Diário do Ferreiro Perito (Cheio)
12050	T6_JOURNAL_WARRIOR_EMPTY	Master Blacksmith's Journal (Empty)	Diário do Ferreiro Mestre (Vazio)
12051	T6_JOURNAL_WARRIOR_FULL	Master Blacksmith's Journal (Full)	Diário do Ferreiro Mestre (Cheio)
12052	T7_JOURNAL_WARRIOR_EMPTY	Grandmaster Blacksmith's Journal (Empty)	Diário do Ferreiro Grão-mestre (Vazio)
12053	T7_JOURNAL_WARRIOR_FULL	Grandmaster Blacksmith's Journal (Full)	Diário do Ferreiro Grão-mestre (Cheio)
12054	T8_JOURNAL_WARRIOR_EMPTY	Elder Blacksmith's Journal (Empty)	Diário do Ferreiro Ancião (Vazio)
12055	T8_JOURNAL_WARRIOR_FULL	Elder Blacksmith's Journal (Full)	Diário do Ferreiro Ancião (Cheio)
12056	T2_JOURNAL_HUNTER_EMPTY	Novice Fletcher's Journal (Empty)	Diário do Flecheiro Novato (Vazio)
12057	T2_JOURNAL_HUNTER_FULL	Novice Fletcher's Journal (Full)	Diário do Flecheiro Novato (Cheio)
12058	T3_JOURNAL_HUNTER_EMPTY	Journeyman Fletcher's Journal (Empty)	Diário do Flecheiro Iniciante (Vazio)
12059	T3_JOURNAL_HUNTER_FULL	Journeyman Fletcher's Journal (Full)	Diário do Flecheiro Iniciante (Cheio)
12060	T4_JOURNAL_HUNTER_EMPTY	Adept Fletcher's Journal (Empty)	Diário do Flecheiro Adepto (Vazio)
12061	T4_JOURNAL_HUNTER_FULL	Adept Fletcher's Journal (Full)	Diário do Flecheiro Adepto (Cheio)
12062	T5_JOURNAL_HUNTER_EMPTY	Expert Fletcher's Journal (Empty)	Diário do Flecheiro Perito (Vazio)
12063	T5_JOURNAL_HUNTER_FULL	Expert Fletcher's Journal (Full)	Diário do Flecheiro Perito (Cheio)
12064	T6_JOURNAL_HUNTER_EMPTY	Master Fletcher's Journal (Empty)	Diário do Flecheiro Mestre (Vazio)
12065	T6_JOURNAL_HUNTER_FULL	Master Fletcher's Journal (Full)	Diário do Flecheiro Mestre (Cheio)
12066	T7_JOURNAL_HUNTER_EMPTY	Grandmaster Fletcher's Journal (Empty)	Diário do Flecheiro Grão-mestre (Vazio)
12067	T7_JOURNAL_HUNTER_FULL	Grandmaster Fletcher's Journal (Full)	Diário do Flecheiro Grão-mestre (Cheio)
12068	T8_JOURNAL_HUNTER_EMPTY	Elder Fletcher's Journal (Empty)	Diário do Flecheiro Ancião (Vazio)
12069	T8_JOURNAL_HUNTER_FULL	Elder Fletcher's Journal (Full)	Diário do Flecheiro Ancião (Cheio)
12070	T2_JOURNAL_MAGE_EMPTY	Novice Imbuer's Journal (Empty)	Diário do Imbuidor Novato (Vazio)
12071	T2_JOURNAL_MAGE_FULL	Novice Imbuer's Journal (Full)	Diário do Imbuidor Novato (Cheio)
12072	T3_JOURNAL_MAGE_EMPTY	Journeyman Imbuer's Journal (Empty)	Diário do Imbuidor Iniciante (Vazio)
12073	T3_JOURNAL_MAGE_FULL	Journeyman Imbuer's Journal (Full)	Diário do Imbuidor Iniciante (Cheio)
12074	T4_JOURNAL_MAGE_EMPTY	Adept Imbuer's Journal (Empty)	Diário do Imbuidor Adepto (Vazio)
12075	T4_JOURNAL_MAGE_FULL	Adept Imbuer's Journal (Full)	Diário do Imbuidor Adepto (Cheio)
12076	T5_JOURNAL_MAGE_EMPTY	Expert Imbuer's Journal (Empty)	Diário do Imbuidor Perito (Vazio)
12077	T5_JOURNAL_MAGE_FULL	Expert Imbuer's Journal (Full)	Diário do Imbuidor Perito (Cheio)
12078	T6_JOURNAL_MAGE_EMPTY	Master Imbuer's Journal (Empty)	Diário do Imbuidor Mestre (Vazio)
12079	T6_JOURNAL_MAGE_FULL	Master Imbuer's Journal (Full)	Diário do Imbuidor Mestre (Cheio)
12080	T7_JOURNAL_MAGE_EMPTY	Grandmaster Imbuer's Journal (Empty)	Diário do Imbuidor Grão-mestre (Vazio)
12081	T7_JOURNAL_MAGE_FULL	Grandmaster Imbuer's Journal (Full)	Diário do Imbuidor Grão-mestre (Cheio)
12082	T8_JOURNAL_MAGE_EMPTY	Elder Imbuer's Journal (Empty)	Diário do Imbuidor Ancião (Vazio)
12083	T8_JOURNAL_MAGE_FULL	Elder Imbuer's Journal (Full)	Diário do Imbuidor Ancião (Cheio)
12084	T2_JOURNAL_TOOLMAKER_EMPTY	Novice Tinker's Journal (Empty)	Diário do Funileiro Novato (Vazio)
12085	T2_JOURNAL_TOOLMAKER_FULL	Novice Tinker's Journal (Full)	Diário do Funileiro Novato (Cheio)
12086	T3_JOURNAL_TOOLMAKER_EMPTY	Journeyman Tinker's Journal (Empty)	Diário do Funileiro Iniciante (Vazio)
12087	T3_JOURNAL_TOOLMAKER_FULL	Journeyman Tinker's Journal (Full)	Diário do Funileiro Iniciante (Cheio)
12088	T4_JOURNAL_TOOLMAKER_EMPTY	Adept Tinker's Journal (Empty)	Diário do Funileiro Adepto (Vazio)
12089	T4_JOURNAL_TOOLMAKER_FULL	Adept Tinker's Journal (Full)	Diário do Funileiro Adepto (Cheio)
12090	T5_JOURNAL_TOOLMAKER_EMPTY	Expert Tinker's Journal (Empty)	Diário do Funileiro Perito (Vazio)
12091	T5_JOURNAL_TOOLMAKER_FULL	Expert Tinker's Journal (Full)	Diário do Funileiro Perito (Cheio)
12092	T6_JOURNAL_TOOLMAKER_EMPTY	Master Tinker's Journal (Empty)	Diário do Funileiro Mestre (Vazio)
12093	T6_JOURNAL_TOOLMAKER_FULL	Master Tinker's Journal (Full)	Diário do Funileiro Mestre (Cheio)
12094	T7_JOURNAL_TOOLMAKER_EMPTY	Grandmaster Tinker's Journal (Empty)	Diário do Funileiro Grão-mestre (Vazio)
12095	T7_JOURNAL_TOOLMAKER_FULL	Grandmaster Tinker's Journal (Full)	Diário do Funileiro Grão-mestre (Cheio)
12096	T8_JOURNAL_TOOLMAKER_EMPTY	Elder Tinker's Journal (Empty)	Diário do Funileiro Ancião (Vazio)
12097	T8_JOURNAL_TOOLMAKER_FULL	Elder Tinker's Journal (Full)	Diário do Funileiro Ancião (Cheio)
12098	T2_JOURNAL_MERCENARY_EMPTY	Novice Mercenary's Journal (Empty)	Diário do Mercenário Novato (Vazio)
12099	T2_JOURNAL_MERCENARY_FULL	Novice Mercenary's Journal (Full)	Diário do Mercenário Novato (Cheio)
12100	T3_JOURNAL_MERCENARY_EMPTY	Journeyman Mercenary's Journal (Empty)	Diário do Mercenário Iniciante (Vazio)
12101	T3_JOURNAL_MERCENARY_FULL	Journeyman Mercenary's Journal (Full)	Diário do Mercenário Iniciante (Cheio)
12102	T4_JOURNAL_MERCENARY_EMPTY	Adept Mercenary's Journal (Empty)	Diário do Mercenário Adepto (Vazio)
12103	T4_JOURNAL_MERCENARY_FULL	Adept Mercenary's Journal (Full)	Diário do Mercenário Adepto (Cheio)
12104	T5_JOURNAL_MERCENARY_EMPTY	Expert Mercenary's Journal (Empty)	Diário do Mercenário Perito (Vazio)
12105	T5_JOURNAL_MERCENARY_FULL	Expert Mercenary's Journal (Full)	Diário do Mercenário Perito (Cheio)
12106	T6_JOURNAL_MERCENARY_EMPTY	Master Mercenary's Journal (Empty)	Diário do Mercenário Mestre (Vazio)
12107	T6_JOURNAL_MERCENARY_FULL	Master Mercenary's Journal (Full)	Diário do Mercenário Mestre (Cheio)
12108	T7_JOURNAL_MERCENARY_EMPTY	Grandmaster Mercenary's Journal (Empty)	Diário do Mercenário Grão-mestre (Vazio)
12109	T7_JOURNAL_MERCENARY_FULL	Grandmaster Mercenary's Journal (Full)	Diário do Mercenário Grão-mestre (Cheio)
12110	T8_JOURNAL_MERCENARY_EMPTY	Elder Mercenary's Journal (Empty)	Diário do Mercenário Ancião (Vazio)
12111	T8_JOURNAL_MERCENARY_FULL	Elder Mercenary's Journal (Full)	Diário do Mercenário Ancião (Cheio)
12112	T2_JOURNAL_TROPHY_GENERAL_EMPTY	Novice's Generalist Trophy Journal (Empty)	Diário de Troféus do Generalista Novato (Vazio)
12113	T2_JOURNAL_TROPHY_GENERAL_FULL	Novice's Generalist Trophy Journal (Full)	Diário de Troféus do Generalista Novato (cheio)
12114	T3_JOURNAL_TROPHY_GENERAL_EMPTY	Journeyman's Generalist Trophy Journal (Empty)	Diário de Troféus do Generalista Iniciante (Vazio)
12115	T3_JOURNAL_TROPHY_GENERAL_FULL	Journeyman's Generalist Trophy Journal (Full)	Diário de Troféus do Generalista Iniciante (Cheio)
12116	T4_JOURNAL_TROPHY_GENERAL_EMPTY	Adept's Generalist Trophy Journal (Empty)	Diário de Troféus do Generalista Adepto (Vazio)
12117	T4_JOURNAL_TROPHY_GENERAL_FULL	Adept's Generalist Trophy Journal (Full)	Diário de Troféus do Generalista Adepto (Cheio)
12118	T5_JOURNAL_TROPHY_GENERAL_EMPTY	Expert's Generalist Trophy Journal (Empty)	Diário de Troféus do Generalista Perito (Vazio)
12119	T5_JOURNAL_TROPHY_GENERAL_FULL	Expert's Generalist Trophy Journal (Full)	Diário de Troféus do Generalista Perito (Cheio)
12120	T6_JOURNAL_TROPHY_GENERAL_EMPTY	Master's Generalist Trophy Journal (Empty)	Diário de Troféus do Generalista Mestre (Vazio)
12121	T6_JOURNAL_TROPHY_GENERAL_FULL	Master's Generalist Trophy Journal (Full)	Diário de Troféus do Generalista Mestre (Cheio)
12122	T7_JOURNAL_TROPHY_GENERAL_EMPTY	Grandmaster's Generalist Trophy Journal (Empty)	Diário de Troféus do Generalista Grão-mestre (Vazio)
12123	T7_JOURNAL_TROPHY_GENERAL_FULL	Grandmaster's Generalist Trophy Journal (Full)	Diário de Troféus do Generalista Grão-mestre (Cheio)
12124	T8_JOURNAL_TROPHY_GENERAL_EMPTY	Elder's Generalist Trophy Journal (Empty)	Diário de Troféus do Generalista Ancião (Vazio)
12125	T8_JOURNAL_TROPHY_GENERAL_FULL	Elder's Generalist Trophy Journal (Full)	Diário de Troféus do Generalista Ancião (Cheio)
12126	T2_JOURNAL_TROPHY_MERCENARY_EMPTY	Novice Mercenary's Trophy Journal (Empty)	Diário de Troféus do Mercenário Novato (Vazio)
12127	T2_JOURNAL_TROPHY_MERCENARY_FULL	Novice Mercenary's Trophy Journal (Full)	Diário de Troféus do Mercenário Novato (Cheio)
12128	T3_JOURNAL_TROPHY_MERCENARY_EMPTY	Journeyman Mercenary's Trophy Journal (Empty)	Diário de Troféus do Mercenário Iniciante (Vazio)
12129	T3_JOURNAL_TROPHY_MERCENARY_FULL	Journeyman Mercenary's Trophy Journal (Full)	Diário de Troféus do Mercenário Iniciante (Cheio)
12130	T4_JOURNAL_TROPHY_MERCENARY_EMPTY	Adept Mercenary's Trophy Journal (Empty)	Diário de Troféus do Mercenário Adepto (Vazio)
12131	T4_JOURNAL_TROPHY_MERCENARY_FULL	Adept Mercenary's Trophy Journal (Full)	Diário de Troféus do Mercenário Adepto (Cheio)
12132	T5_JOURNAL_TROPHY_MERCENARY_EMPTY	Expert Mercenary's Trophy Journal (Empty)	Diário de Troféus do Mercenário Perito (Vazio)
12133	T5_JOURNAL_TROPHY_MERCENARY_FULL	Expert Mercenary's Trophy Journal (Full)	Diário de Troféus do Mercenário Perito (Cheio)
12134	T6_JOURNAL_TROPHY_MERCENARY_EMPTY	Master Mercenary's Trophy Journal (Empty)	Diário de Troféus do Mercenário Mestre (Vazio)
12135	T6_JOURNAL_TROPHY_MERCENARY_FULL	Master Mercenary's Trophy Journal (Full)	Diário de Troféus do Mercenário Mestre (Cheio)
12136	T7_JOURNAL_TROPHY_MERCENARY_EMPTY	Grandmaster Mercenary's Trophy Journal (Empty)	Diário de Troféus do Mercenário Grão-mestre (Vazio)
12137	T7_JOURNAL_TROPHY_MERCENARY_FULL	Grandmaster Mercenary's Trophy Journal (Full)	Diário de Troféus do Mercenário Grão-mestre (Cheio)
12138	T8_JOURNAL_TROPHY_MERCENARY_EMPTY	Elder Mercenary's Trophy Journal (Empty)	Diário de Troféus do Mercenário Ancião (Vazio)
12139	T8_JOURNAL_TROPHY_MERCENARY_FULL	Elder Mercenary's Trophy Journal (Full)	Diário de Troféus do Mercenário Ancião (Cheio)
12140	T2_JOURNAL_TROPHY_HIDE_EMPTY	Novice Gamekeeper's Trophy Journal (Empty)	Diário de Troféus do Guarda-caça Novato (Vazio)
12141	T2_JOURNAL_TROPHY_HIDE_FULL	Novice Gamekeeper's Trophy Journal (Full)	Diário de Troféus do Guarda-caça Novato (Cheio)
12142	T3_JOURNAL_TROPHY_HIDE_EMPTY	Journeyman Gamekeeper's Trophy Journal (Empty)	Diário de Troféus do Guarda-caça Iniciante (Vazio)
12143	T3_JOURNAL_TROPHY_HIDE_FULL	Journeyman Gamekeeper's Trophy Journal (Full)	Diário de Troféus do Guarda-caça Iniciante (Cheio)
12144	T4_JOURNAL_TROPHY_HIDE_EMPTY	Adept Gamekeeper's Trophy Journal (Empty)	Diário de Troféus do Guarda-caça Adepto (Vazio)
12145	T4_JOURNAL_TROPHY_HIDE_FULL	Adept Gamekeeper's Trophy Journal (Full)	Diário de Troféus do Guarda-caça Adepto (Cheio)
12146	T5_JOURNAL_TROPHY_HIDE_EMPTY	Expert Gamekeeper's Trophy Journal (Empty)	Diário de Troféus do Guarda-caça Perito (Vazio)
12147	T5_JOURNAL_TROPHY_HIDE_FULL	Expert Gamekeeper's Trophy Journal (Full)	Diário de Troféus do Guarda-caça Perito (Cheio)
12148	T6_JOURNAL_TROPHY_HIDE_EMPTY	Master Gamekeeper's Trophy Journal (Empty)	Diário de Troféus do Guarda-caça Mestre (Vazio)
12149	T6_JOURNAL_TROPHY_HIDE_FULL	Master Gamekeeper's Trophy Journal (Full)	Diário de Troféus do Guarda-caça Mestre (Cheio)
12150	T7_JOURNAL_TROPHY_HIDE_EMPTY	Grandmaster Gamekeeper's Trophy Journal (Empty)	Diário de Troféus do Guarda-caça Grão-mestre (Vazio)
12151	T7_JOURNAL_TROPHY_HIDE_FULL	Grandmaster Gamekeeper's Trophy Journal (Full)	Diário de Troféus do Guarda-caça Grão-mestre (Cheio)
12152	T8_JOURNAL_TROPHY_HIDE_EMPTY	Elder Gamekeeper's Trophy Journal (Empty)	Diário de Troféus do Guarda-caça Ancião (Vazio)
12153	T8_JOURNAL_TROPHY_HIDE_FULL	Elder Gamekeeper's Trophy Journal (Full)	Diário de Troféus do Guarda-caça Ancião (Cheio)
12154	T2_JOURNAL_TROPHY_WOOD_EMPTY	Novice Lumberjack's Trophy Journal (Empty)	Diário de Troféus do Lenhador Novato (Vazio)
12155	T2_JOURNAL_TROPHY_WOOD_FULL	Novice Lumberjack's Trophy Journal (Full)	Diário de Troféus do Lenhador Novato (Cheio)
12156	T3_JOURNAL_TROPHY_WOOD_EMPTY	Journeyman Lumberjack's Trophy Journal (Empty)	Diário de Troféus do Lenhador Iniciante (Vazio)
12157	T3_JOURNAL_TROPHY_WOOD_FULL	Journeyman Lumberjack's Trophy Journal (Full)	Diário de Troféus do Lenhador Iniciante (Cheio)
12158	T4_JOURNAL_TROPHY_WOOD_EMPTY	Adept Lumberjack's Trophy Journal (Empty)	Diário de Troféus do Lenhador Adepto (Vazio)
12159	T4_JOURNAL_TROPHY_WOOD_FULL	Adept Lumberjack's Trophy Journal (Full)	Diário de Troféus do Lenhador Adepto (Cheio)
12160	T5_JOURNAL_TROPHY_WOOD_EMPTY	Expert Lumberjack's Trophy Journal (Empty)	Diário de Troféus do Lenhador Perito (Vazio)
12161	T5_JOURNAL_TROPHY_WOOD_FULL	Expert Lumberjack's Trophy Journal (Full)	Diário de Troféus do Lenhador Perito (Cheio)
12162	T6_JOURNAL_TROPHY_WOOD_EMPTY	Master Lumberjack's Trophy Journal (Empty)	Diário de Troféus do Lenhador Mestre (Vazio)
12163	T6_JOURNAL_TROPHY_WOOD_FULL	Master Lumberjack's Trophy Journal (Full)	Diário de Troféus do Lenhador Mestre (Cheio)
12164	T7_JOURNAL_TROPHY_WOOD_EMPTY	Grandmaster Lumberjack's Trophy Journal (Empty)	Diário de Troféus do Lenhador Grão-mestre (Vazio)
12165	T7_JOURNAL_TROPHY_WOOD_FULL	Grandmaster Lumberjack's Trophy Journal (Full)	Diário de Troféus do Lenhador Grão-mestre (Cheio)
12166	T8_JOURNAL_TROPHY_WOOD_EMPTY	Elder Lumberjack's Trophy Journal (Empty)	Diário de Troféus do Lenhador Ancião (Vazio)
12167	T8_JOURNAL_TROPHY_WOOD_FULL	Elder Lumberjack's Trophy Journal (Full)	Diário de Troféus do Lenhador Ancião (Cheio)
12168	T2_JOURNAL_TROPHY_STONE_EMPTY	Novice Stonecutter's Trophy Journal (Empty)	Diário de Troféus do Canteiro Novato (Vazio)
12169	T2_JOURNAL_TROPHY_STONE_FULL	Novice Stonecutter's Trophy Journal (Full)	Diário de Troféus do Canteiro Novato (Cheio)
12170	T3_JOURNAL_TROPHY_STONE_EMPTY	Journeyman Stonecutter's Trophy Journal (Empty)	Diário de Troféus do Canteiro Iniciante (Vazio)
12171	T3_JOURNAL_TROPHY_STONE_FULL	Journeyman Stonecutter's Trophy Journal (Full)	Diário de Troféus do Canteiro Iniciante (Cheio)
12172	T4_JOURNAL_TROPHY_STONE_EMPTY	Adept Stonecutter's Trophy Journal (Empty)	Diário de Troféus do Canteiro Adepto (Vazio)
12173	T4_JOURNAL_TROPHY_STONE_FULL	Adept Stonecutter's Trophy Journal (Full)	Diário de Troféus do Canteiro Adepto (Cheio)
12174	T5_JOURNAL_TROPHY_STONE_EMPTY	Expert Stonecutter's Trophy Journal (Empty)	Diário de Troféus do Canteiro Perito (Vazio)
12175	T5_JOURNAL_TROPHY_STONE_FULL	Expert Stonecutter's Trophy Journal (Full)	Diário de Troféus do Canteiro Perito (Cheio)
12176	T6_JOURNAL_TROPHY_STONE_EMPTY	Master Stonecutter's Trophy Journal (Empty)	Diário de Troféus do Canteiro Mestre (Vazio)
12177	T6_JOURNAL_TROPHY_STONE_FULL	Master Stonecutter's Trophy Journal (Full)	Diário de Troféus do Canteiro Mestre (Cheio)
12178	T7_JOURNAL_TROPHY_STONE_EMPTY	Grandmaster Stonecutter's Trophy Journal (Empty)	Diário de Troféus do Canteiro Grão-mestre (Vazio)
12179	T7_JOURNAL_TROPHY_STONE_FULL	Grandmaster Stonecutter's Trophy Journal (Full)	Diário de Troféus do Canteiro Grão-mestre (Cheio)
12180	T8_JOURNAL_TROPHY_STONE_EMPTY	Elder Stonecutter's Trophy Journal (Empty)	Diário de Troféus do Canteiro Ancião (Vazio)
12181	T8_JOURNAL_TROPHY_STONE_FULL	Elder Stonecutter's Trophy Journal (Full)	Diário de Troféus do Canteiro Ancião (Cheio)
12182	T2_JOURNAL_TROPHY_ORE_EMPTY	Novice Prospector's Trophy Journal (Empty)	Diário de Troféus do Prospector Novato (Vazio)
12183	T2_JOURNAL_TROPHY_ORE_FULL	Novice Prospector's Trophy Journal (Full)	Diário de Troféus do Prospector Novato (Cheio)
12184	T3_JOURNAL_TROPHY_ORE_EMPTY	Journeyman Prospector's Trophy Journal (Empty)	Diário de Troféus do Prospector Iniciante (Vazio)
12185	T3_JOURNAL_TROPHY_ORE_FULL	Journeyman Prospector's Trophy Journal (Full)	Diário de Troféus do Prospector Iniciante (Cheio)
12186	T4_JOURNAL_TROPHY_ORE_EMPTY	Adept Prospector's Trophy Journal (Empty)	Diário de Troféus do Prospector Adepto (Vazio)
12187	T4_JOURNAL_TROPHY_ORE_FULL	Adept Prospector's Trophy Journal (Full)	Diário de Troféus do Prospector Adepto (Cheio)
12188	T5_JOURNAL_TROPHY_ORE_EMPTY	Expert Prospector's Trophy Journal (Empty)	Diário de Troféus do Prospector Perito (Vazio)
12189	T5_JOURNAL_TROPHY_ORE_FULL	Expert Prospector's Trophy Journal (Full)	Diário de Troféus do Prospector Perito (Cheio)
12190	T6_JOURNAL_TROPHY_ORE_EMPTY	Master Prospector's Trophy Journal (Empty)	Diário de Troféus do Prospector Mestre (Vazio)
12191	T6_JOURNAL_TROPHY_ORE_FULL	Master Prospector's Trophy Journal (Full)	Diário de Troféus do Prospector Mestre (Cheio)
12192	T7_JOURNAL_TROPHY_ORE_EMPTY	Grandmaster Prospector's Trophy Journal (Empty)	Diário de Troféus do Prospector Grão-mestre (Vazio)
12193	T7_JOURNAL_TROPHY_ORE_FULL	Grandmaster Prospector's Trophy Journal (Full)	Diário de Troféus do Prospector Grão-mestre (Cheio)
12194	T8_JOURNAL_TROPHY_ORE_EMPTY	Elder Prospector's Trophy Journal (Empty)	Diário de Troféus do Prospector Ancião (Vazio)
12195	T8_JOURNAL_TROPHY_ORE_FULL	Elder Prospector's Trophy Journal (Full)	Diário de Troféus do Prospector Ancião (Cheio)
12196	T2_JOURNAL_TROPHY_FIBER_EMPTY	Novice Cropper's Trophy Journal (Empty)	Diário de Troféus do Lavrador Novato (Vazio)
12197	T2_JOURNAL_TROPHY_FIBER_FULL	Novice Cropper's Trophy Journal (Full)	Diário de Troféus do Lavrador Novato (Cheio)
12198	T3_JOURNAL_TROPHY_FIBER_EMPTY	Journeyman Cropper's Trophy Journal (Empty)	Diário de Troféus do Lavrador Iniciante (Vazio)
12199	T3_JOURNAL_TROPHY_FIBER_FULL	Journeyman Cropper's Trophy Journal (Full)	Diário de Troféus do Lavrador Iniciante (Cheio)
12200	T4_JOURNAL_TROPHY_FIBER_EMPTY	Adept Cropper's Trophy Journal (Empty)	Diário de Troféus do Lavrador Adepto (Vazio)
12201	T4_JOURNAL_TROPHY_FIBER_FULL	Adept Cropper's Trophy Journal (Full)	Diário de Troféus do Lavrador Adepto (Cheio)
12202	T5_JOURNAL_TROPHY_FIBER_EMPTY	Expert Cropper's Trophy Journal (Empty)	Diário de Troféus do Lavrador Perito (Vazio)
12203	T5_JOURNAL_TROPHY_FIBER_FULL	Expert Cropper's Trophy Journal (Full)	Diário de Troféus do Lavrador Perito (Cheio)
12204	T6_JOURNAL_TROPHY_FIBER_EMPTY	Master Cropper's Trophy Journal (Empty)	Diário de Troféus do Lavrador Mestre (Vazio)
12205	T6_JOURNAL_TROPHY_FIBER_FULL	Master Cropper's Trophy Journal (Full)	Diário de Troféus do Lavrador Mestre (Cheio)
12206	T7_JOURNAL_TROPHY_FIBER_EMPTY	Grandmaster Cropper's Trophy Journal (Empty)	Diário de Troféus do Lavrador Grão-mestre (Vazio)
12207	T7_JOURNAL_TROPHY_FIBER_FULL	Grandmaster Cropper's Trophy Journal (Full)	Diário de Troféus do Lavrador Grão-mestre (Cheio)
12208	T8_JOURNAL_TROPHY_FIBER_EMPTY	Elder Cropper's Trophy Journal (Empty)	Diário de Troféus do Lavrador Ancião (Vazio)
12209	T8_JOURNAL_TROPHY_FIBER_FULL	Elder Cropper's Trophy Journal (Full)	Diário de Troféus do Lavrador Ancião (Cheio)
12210	T2_JOURNAL_TROPHY_FISHING_EMPTY	Novice Fisherman's Trophy Journal (Empty)	Diário de Troféus do Pescador Novato (Vazio)
12211	T2_JOURNAL_TROPHY_FISHING_FULL	Novice Fisherman's Trophy Journal (Full)	Diário de Troféus do Pescador Novato (Cheio)
12212	T3_JOURNAL_TROPHY_FISHING_EMPTY	Journeyman Fisherman's Trophy Journal (Empty)	Diário de Troféus do Pescador Iniciante (Vazio)
12213	T3_JOURNAL_TROPHY_FISHING_FULL	Journeyman Fisherman's Trophy Journal (Full)	Diário de Troféus do Pescador Iniciante (Cheio)
12214	T4_JOURNAL_TROPHY_FISHING_EMPTY	Adept Fisherman's Trophy Journal (Empty)	Diário de Troféus do Pescador Adepto (Vazio)
12215	T4_JOURNAL_TROPHY_FISHING_FULL	Adept Fisherman's Trophy Journal (Full)	Diário de Troféus do Pescador Adepto (Cheio)
12216	T5_JOURNAL_TROPHY_FISHING_EMPTY	Expert Fisherman's Trophy Journal (Empty)	Diário de Troféus do Pescador Perito (Vazio)
12217	T5_JOURNAL_TROPHY_FISHING_FULL	Expert Fisherman's Trophy Journal (Full)	Diário de Troféus do Pescador Perito (Cheio)
12218	T6_JOURNAL_TROPHY_FISHING_EMPTY	Master Fisherman's Trophy Journal (Empty)	Diário de Troféus do Pescador Mestre (Vazio)
12219	T6_JOURNAL_TROPHY_FISHING_FULL	Master Fisherman's Trophy Journal (Full)	Diário de Troféus do Pescador Mestre (Cheio)
12220	T7_JOURNAL_TROPHY_FISHING_EMPTY	Grandmaster Fisherman's Trophy Journal (Empty)	Diário de Troféus do Pescador Grão-mestre (Vazio)
12221	T7_JOURNAL_TROPHY_FISHING_FULL	Grandmaster Fisherman's Trophy Journal (Full)	Diário de Troféus do Pescador Grão-mestre (Cheio)
12222	T8_JOURNAL_TROPHY_FISHING_EMPTY	Elder Fisherman's Trophy Journal (Empty)	Diário de Troféus do Pescador Ancião (Vazio)
12223	T8_JOURNAL_TROPHY_FISHING_FULL	Elder Fisherman's Trophy Journal (Full)	Diário de Troféus do Pescador Ancião (Cheio)
12224	T2_JOURNAL_FISHING_EMPTY	Novice Fisherman's Journal (Empty)	Diário do Pescador Novato (Vazio)
12225	T2_JOURNAL_FISHING_FULL	Novice Fisherman's Journal (Full)	Diário do Pescador Novato (Cheio)
12226	T3_JOURNAL_FISHING_EMPTY	Journeyman Fisherman's Journal (Empty)	Diário do Pescador Iniciante (Vazio)
12227	T3_JOURNAL_FISHING_FULL	Journeyman Fisherman's Journal (Full)	Diário do Pescador Iniciante (Cheio)
12228	T4_JOURNAL_FISHING_EMPTY	Adept Fisherman's Journal (Empty)	Diário do Pescador Adepto (Vazio)
12229	T4_JOURNAL_FISHING_FULL	Adept Fisherman's Journal (Full)	Diário do Pescador Adepto (Cheio)
12230	T5_JOURNAL_FISHING_EMPTY	Expert Fisherman's Journal (Empty)	Diário do Pescador Perito (Vazio)
12231	T5_JOURNAL_FISHING_FULL	Expert Fisherman's Journal (Full)	Diário do Pescador Perito (Cheio)
12232	T6_JOURNAL_FISHING_EMPTY	Master Fisherman's Journal (Empty)	Diário do Pescador Mestre (Vazio)
12233	T6_JOURNAL_FISHING_FULL	Master Fisherman's Journal (Full)	Diário do Pescador Mestre (Cheio)
12234	T7_JOURNAL_FISHING_EMPTY	Grandmaster Fisherman's Journal (Empty)	Diário do Pescador Grão-mestre (Vazio)
12235	T7_JOURNAL_FISHING_FULL	Grandmaster Fisherman's Journal (Full)	Diário do Pescador Grão-mestre (Cheio)
12236	T8_JOURNAL_FISHING_EMPTY	Elder Fisherman's Journal (Empty)	Diário do Pescador Ancião (Vazio)
12237	T8_JOURNAL_FISHING_FULL	Elder Fisherman's Journal (Full)	Diário do Pescador Ancião (Cheio)
